id,docket_number,company_name,date_issued,year,administration,categories,violation_type,complaint_counts,legal_authority,commissioners,ftc_url,source_filename,num_provisions,num_requirements,order_duration_years,takeaway_brief,statutory_topics,practice_areas,industry_sectors,remedy_types,provision_counts_by_topic
08.97_bruno_s,C-3760,Bruno's Inc.,1997-08-15,1997,Clinton,Fair Credit Reporting (FCRA),both,Violation of FCRA Section 615(a) — Failure to Notify Applicants of Adverse Action Based on Consumer Reports,"Section 615(a) of the Fair Credit Reporting Act, 15 U.S.C. § 1681m(a) and Section 5(a) of the Federal Trade Commission Act, 15 U.S.C. § 45(a)","Robert Pitofsky; Mary L. Azcuenaga; Janet D. Steiger; Roscoe B. Starek, III; Christine A. Varney",https://www.ftc.gov/legal-library/browse/cases-proceedings/962-3086-brunos-inc-matter,"08.97, Bruno's.json",6,8,20.0,Bruno's Inc. denied job applicants based on consumer reports without notifying them that such information contributed to the adverse employment decision.,FCRA,Financial Practices,Retail,Prohibition; Recordkeeping; Order Administration; Compliance Monitoring,"{""FCRA"": 6}"
09.97_aldi,C-3764,ALDI INC.,1997-09-15,1997,Clinton,Fair Credit Reporting (FCRA),both,Failure to Provide Adverse Action Notice Under the Fair Credit Reporting Act,"Section 615(a) of the Fair Credit Reporting Act, 15 U.S.C. § 1681m(a), and Section 5(a)(1) of the Federal Trade Commission Act, 15 U.S.C. § 45(a)(1)","Robert Pitofsky; Mary L. Azcuenaga; Janet D. Steiger; Roscoe B. Starek, III",https://www.ftc.gov/legal-library/browse/cases-proceedings/962-3064-aldi-inc-matter,"09.97, Aldi.json",6,7,20.0,ALDI denied job applicants based on consumer reports without notifying them that such information factored into the adverse employment decision.,FCRA,Financial Practices,Retail,Prohibition; Recordkeeping; Order Administration; Compliance Monitoring,"{""FCRA"": 6}"
08.99_first_american_real_estate_solutions_ll,DOCKET NO.,"First American Real Estate Solutions, LLC",1999-08-15,1999,Clinton,Fair Credit Reporting (FCRA),unfair,Failure to Reinvestigate and Correct Disputed Information (FCRA § 611); Failure to Follow Reasonable Procedures to Ensure Accuracy (FCRA § 607(b)); Unfair or Deceptive Acts or Practices (FTC Act § 5(a)),"Section 5(a) of the Federal Trade Commission Act, 15 U.S.C. § 45(a), and Fair Credit Reporting Act, 15 U.S.C. §§ 1681-1681u",,https://www.ftc.gov/legal-library/browse/cases-proceedings/952-3267-first-american-real-estate-solutions-ll,"08.99, First American Real Estate Solutions, LL.json",6,15,20.0,"First American CREDCO routinely refused to reinvestigate disputed errors in merged credit reports, redirecting consumers to source repositories instead.",FCRA,Financial Practices,Financial Services,Prohibition; Recordkeeping; Order Administration; Compliance Monitoring,"{""FCRA"": 6}"
08.99_liberty_financial_companies,C-3891,"Liberty Financial Companies, Inc.",1999-08-15,1999,Clinton,Privacy / Deceptive Privacy Practices,deceptive,False Anonymity Representation; False E-Mail Newsletter Promise; False Quarterly Prize Drawing Representation,Section 5(a) of the Federal Trade Commission Act,"Robert Pitofsky, Chairman; Sheila F. Anthony; Mozelle W. Thompson; Orson Swindle",https://www.ftc.gov/legal-library/browse/cases-proceedings/982-3522-liberty-financial-companies-inc,"08.99, Liberty Financial Companies.json",11,17,20.0,Liberty Financial's children's website collected personal information under a false promise of anonymity and never delivered the promised newsletter or prize drawings.,Section 5 Only,Privacy,Financial Services,Prohibition; Consumer Notification; Data Deletion; Other; Recordkeeping; Order Administration; Compliance Monitoring,"{""Section 5 Only"": 11}"
04.01_bigmailbox.com,01-605-A,"Bigmailbox.com, Inc.",2001-04-15,2001,G.W. Bush,COPPA / Children's Privacy; Privacy / Deceptive Privacy Practices,both,Failure to Provide Sufficient Website Notice (COPPA Rule § 312.4(b)); Failure to Provide Direct Notice to Parents (COPPA Rule § 312.4(c)); Failure to Obtain Verifiable Parental Consent (COPPA Rule § 312.5); Failure to Provide Parental Review and Deletion Rights (COPPA Rule § 312.6); Conditioning Participation on Excess Information Disclosure (COPPA Rule § 312.7); Deceptive Privacy Policy Representations (FTC Act § 5(a)),"Sections 1303(c) and 1306(d) of the Children's Online Privacy Protection Act of 1998 (COPPA), 15 U.S.C. §§ 6501-6506, 6502(c), and 6505(d), and Sections 5(a)(1), 5(m)(1)(A), 13(b), and 16(a) of the Federal Trade Commission Act (FTC Act), 15 U.S.C. §§ 41-58, 45(a)(1), 45(m)(1)(A), 53(b), and 56(a)",,https://www.ftc.gov/legal-library/browse/cases-proceedings/002-3378-bigmailboxcom-inc-et-al,"04.01, Bigmailbox.Com.json",16,17,,Bigmailbox.com collected children's personal information through kids' websites without parental notice or consent and then used it for marketing.,COPPA,Privacy,Technology,Prohibition; Consumer Redress; Monetary Penalty; Order Administration; Data Deletion; Compliance Monitoring; Recordkeeping,"{""COPPA"": 16}"
04.01_looksmart,Civil Action No. 01-606-A,LookSmart Ltd.,2001-04-15,2001,G.W. Bush,COPPA / Children's Privacy; Privacy / Deceptive Privacy Practices,deceptive,Failure to Provide Sufficient Website Notice (§ 312.4(b)); Failure to Provide Direct Notice to Parents (§ 312.4(c)); Failure to Obtain Verifiable Parental Consent (§ 312.5); Failure to Provide Parental Review and Deletion Rights (§ 312.6); Conditioning Participation on Excess Information Disclosure (§ 312.7),"Sections 1303(c) and 1306(d) of the Children's Online Privacy Protection Act of 1998 (COPPA), 15 U.S.C. §§ 6501-6506, 6502(c), and 6505(d), and Sections 5(a)(1), 5(m)(1)(A), 13(b), and 16(a) of the Federal Trade Commission Act (FTC Act), 15 U.S.C. §§ 41-58, 45(a)(1), 45(m)(1)(A), 53(b), and 56(a)",,https://www.ftc.gov/legal-library/browse/cases-proceedings/002-3379-looksmart-ltd,"04.01, Looksmart.json",16,19,5.0,LookSmart collected and publicly posted personal information of children under 13 on its message board service without parental consent.,COPPA,Privacy,Technology,Order Administration; Prohibition; Consumer Redress; Monetary Penalty; Data Deletion; Compliance Monitoring; Recordkeeping,"{""COPPA"": 16}"
04.01_monarch_services,AMD 01 CV 1165,"Monarch Services, Inc.",2001-04-15,2001,G.W. Bush,COPPA / Children's Privacy; Privacy / Deceptive Privacy Practices,both,Failure to Provide Sufficient Website Notice; Failure to Provide Notice to Parents; Failure to Obtain Verifiable Parental Consent; Failure to Provide Parental Notice and Opt-Out Under Consent Exception; Failure to Provide Parental Review and Deletion Rights; Conditioning Participation on Excess Information Disclosure,"Sections 1303(c) and 1306(d) of the Children's Online Privacy Protection Act of 1998 (COPPA), 15 U.S.C. §§ 6501-6506, 6502(c), and 6505(d), and Sections 5(a)(1), 5(m)(1)(A), 13(b), and 16(a) of the Federal Trade Commission Act (FTC Act), 15 U.S.C. §§ 41-58, 45(a)(1), 45(m)(1)(A), 53(b), and 56(a)",,https://www.ftc.gov/legal-library/browse/cases-proceedings/002-3375-monarch-services-inc-et-al,"04.01, Monarch Services.json",14,14,5.0,Monarch Services collected personal information from children under 13 on its kids' website without parental notice or consent.,COPPA,Privacy,Retail; Technology,Prohibition; Consumer Redress; Monetary Penalty; Order Administration; Data Deletion; Compliance Monitoring; Recordkeeping,"{""COPPA"": 14}"
10.01_frank_lisa,Civil Action No. _______________,"Lisa Frank, Inc.",2001-10-15,2001,G.W. Bush,COPPA / Children's Privacy; Privacy / Deceptive Privacy Practices,unfair,"COPPA Rule Violations — Failure to Obtain Parental Consent, Provide Direct Notice, and Make Required Disclosures; Deceptive Representation Regarding Parental Consent in Privacy Policy","Sections 1303(c) and 1306(d) of the Children's Online Privacy Protection Act of 1998 (COPPA), 15 U.S.C. §§ 6501-6506, §§ 6502(c), 6505(d), and Sections 5(a)(1), 5(m)(1)(A), 13(b), and 16(a) of the Federal Trade Commission Act (FTC Act), 15 U.S.C. §§ 41-58",,https://www.ftc.gov/legal-library/browse/cases-proceedings/012-3050-frank-lisa-inc,"10.01, Frank, Lisa.json",12,18,,Lisa Frank's children's website collected personal information from children without parental consent and falsely claimed in its privacy policy that parental permission would be required.,COPPA,Privacy,Retail,Prohibition; Consumer Redress; Monetary Penalty; Data Deletion; Order Administration; Compliance Monitoring; Recordkeeping; Consumer Notification,"{""COPPA"": 12}"
02.02_american_pop_corn_company,C02-4008DEO,American Pop Corn Company,2002-02-15,2002,G.W. Bush,COPPA / Children's Privacy; Privacy / Deceptive Privacy Practices,both,Violations of the Children's Online Privacy Protection Rule; False and Misleading Privacy Policy Statements — Violation of FTC Act Section 5(a),"Sections 1303(c) and 1306(d) of the Children's Online Privacy Protection Act of 1998 (COPPA), 15 U.S.C. §§ 6501-6506, 6502(c), and 6505(d), and Sections 5(a)(1), 5(m)(1)(A), 13(b), and 16(a) of the Federal Trade Commission Act (FTC Act), 15 U.S.C. §§ 41-58, 45(a)(1), 45(m)(1)(A), 53(b), and 56(a)",,https://www.ftc.gov/legal-library/browse/cases-proceedings/012-3026-american-pop-corn-company,"02.02, American Pop Corn Company.json",13,16,20.0,"American Pop Corn Company collected children's personal information through its Kids Club website without parental notice or consent, while falsely claiming it would notify parents.",COPPA,Privacy,Retail,Prohibition; Consumer Redress; Monetary Penalty; Data Deletion; Order Administration; Compliance Monitoring; Recordkeeping,"{""COPPA"": 13}"
03.02_garrett_paula_l._dba_discreet_data_systems,H-01-1255,"Paula L. Garrett, d/b/a Discreet Data Systems",2002-03-15,2002,G.W. Bush,Gramm-Leach-Bliley,deceptive,Violations of the Gramm-Leach-Bliley Act; Violations of Section 5(a) of the FTC Act — Unfair or Deceptive Acts or Practices,"Section 5(a) of the Federal Trade Commission Act, 15 U.S.C. § 45(a), and Section 521 of the Gramm-Leach-Bliley Act, 15 U.S.C. § 6821",,https://www.ftc.gov/legal-library/browse/cases-proceedings/012-3067-garrett-paula-l-dba-discreet-data-systems,"03.02, Garrett, Paula L. dba Discreet Data Systems.json",15,31,,"Paula Garrett ran an information brokerage that used impersonation and false pretenses to trick bank employees into disclosing customers' confidential account information, then sold that data.",GLBA,Financial Practices,Financial Services,Prohibition; Monetary Penalty; Compliance Monitoring; Consumer Redress; Order Administration; Recordkeeping,"{""GLBA"": 15}"
12.02_microsoft_corporation,C-4069,Microsoft Corporation,2002-12-15,2002,G.W. Bush,Data Security; Privacy / Deceptive Privacy Practices,deceptive,Passport Security Misrepresentation; Passport Wallet Safety Misrepresentation; Passport Privacy Policy Data Collection Misrepresentation; Kids Passport Parental Control Misrepresentation,"Federal Trade Commission Act, 15 U.S.C. § 45 et seq","Timothy J. Muris, Chairman; Sheila F. Anthony; Mozelle W. Thompson; Orson Swindle; Thomas B. Leary",https://www.ftc.gov/legal-library/browse/cases-proceedings/1923258-microsoft-corporation-us-v,"12.02, Microsoft Corporation.json",8,14,20.0,Microsoft falsely claimed its Passport service used strong security measures and safe servers while failing to implement basic safeguards against unauthorized access.,Section 5 Only,Data Security; Privacy,Technology,Prohibition; Comprehensive Security Program; Third-Party Assessment; Recordkeeping; Order Administration; Compliance Monitoring,"{""Section 5 Only"": 8}"
05.03_educational_research_center_of_america_student_marketing_group_marian_sanjana_and_jan_stumacher,C-4079,"Educational Research Center of America, Inc.",2003-05-15,2003,G.W. Bush,Privacy / Deceptive Privacy Practices,deceptive,False Representation of Data Sharing — All Students; False Representation of Survey Use — Middle and Junior High School Students,"Federal Trade Commission Act, 15 U.S.C. § 45 et seq","Timothy J. Muris, Chairman; Sheila F. Anthony; Mozelle W. Thompson; Orson Swindle; Thomas B. Leary",https://www.ftc.gov/legal-library/browse/cases-proceedings/022-3249-educational-research-center-america-inc-student-marketing-group-inc-marian-sanjana-jan-stumacher,"05.03, Educational Research Center of America; Student Marketing Group; Marian Sanjana; and Jan Stumacher.json",10,20,20.0,ERCA collected personal data from millions of students under the guise of college recruitment surveys but secretly sold it to commercial marketers.,Section 5 Only,Privacy,Education,Prohibition; Consumer Notification; Data Deletion; Recordkeeping; Order Administration; Compliance Monitoring,"{""Section 5 Only"": 10}"
08.03_guess_and_guess.com,C-4091,"GUESS?, INC.",2003-08-15,2003,G.W. Bush,Data Security; Privacy / Deceptive Privacy Practices,deceptive,False Representation: Encrypted Storage of Personal Information; False Representation: Reasonable and Appropriate Security Measures,"Section 5(a) of the Federal Trade Commission Act, 15 U.S.C. § 45","Timothy J. Muris, Chairman; Sheila F. Anthony; Mozelle W. Thompson; Orson Swindle; Thomas B. Leary",https://www.ftc.gov/legal-library/browse/cases-proceedings/022-3260-guess-inc-guesscom-inc-matter,"08.03, Guess, and Guess.com.json",8,18,20.0,"GUESS? claimed its website encrypted all personal information while in reality storing data in plain text, vulnerable to well-known SQL injection attacks.",Section 5 Only,Data Security,Retail,Prohibition; Comprehensive Security Program; Third-Party Assessment; Recordkeeping; Order Administration; Compliance Monitoring,"{""Section 5 Only"": 8}"
12.03_30_minute_mortgage_gregory_p._roth_and_peter_w._stolz,03-6002 1-CIV-LENARD-SIMONTON,30 Minute Mortgage Inc.,2003-12-15,2003,G.W. Bush,Data Security; Privacy / Deceptive Privacy Practices; Gramm-Leach-Bliley,both,False Mortgage Rate Advertising; False Mortgage Lender Representation; False Data Security Representations (SSL/HTTPS); Truth in Lending Act (TILA) / Regulation Z Violations; GLB Act Privacy Rule Violations — Failure to Provide Privacy and Opt-Out Notices; GLB Act § 521 — Fraudulent Pretexting to Obtain Customer Financial Information,"Section 5(a) of the Federal Trade Commission Act, 15 U.S.C. § 45(a); Section 108(c) of the Truth in Lending Act (TILA), 15 U.S.C. § 1607(c); and Sections 505(a)(7) and 522(a) of the Gramm-Leach-Bliley Act (GLB Act), 15 U.S.C. §§ 6805(a)(7) & 6822(a)",,https://www.ftc.gov/legal-library/browse/cases-proceedings/022-3224-30-minute-mortgage-inc-gregory-p-roth-peter-w-stolz,"12.03, 30 Minute Mortgage, Gregory P. Roth, and Peter W. Stolz.json",15,38,,"30 Minute Mortgage falsely advertised low fixed-rate mortgages that did not exist, misrepresented itself as a direct lender, and falsely claimed SSL encryption protected consumer data.",GLBA,Financial Practices; Data Security; Privacy,Financial Services,Consumer Notification; Prohibition; Compliance Monitoring; Recordkeeping; Order Administration,"{""GLBA"": 15}"
02.04_umg_recordings_us,CV-04-1050 JFW (Ex),"UMG Recordings, Inc.",2004-02-15,2004,G.W. Bush,COPPA / Children's Privacy; Privacy / Deceptive Privacy Practices; Telemarketing / Do-Not-Call,deceptive,Failure to Provide Sufficient Website Notice to Parents (COPPA Rule § 312.4(b)); Failure to Provide Direct Notice to Parents (COPPA Rule § 312.4(c)); Failure to Obtain Verifiable Parental Consent (COPPA Rule § 312.5); Failure to Provide Parental Review and Deletion Mechanism (COPPA Rule § 312.6),"Sections 1303(c) and 1306(d) of the Children's Online Privacy Protection Act of 1998 (COPPA), 15 U.S.C. §§ 6501-6506, 6502(c), and 6505(d), and Sections 5(a)(1), 5(m)(1)(A), 13(b), and 16(a) of the Federal Trade Commission Act (FTC Act), 15 U.S.C. §§ 41-58, 45(a)(1), 45(m)(1)(A), 53(b), and 56(a)",,https://www.ftc.gov/legal-library/browse/cases-proceedings/umg-recordings-inc-corporation-us,"02.04, UMG Recordings, US.json",14,16,5.0,UMG Recordings collected extensive personal data from tens of thousands of children across its artist websites without adequate parental notice or verifiable parental consent.,COPPA,Privacy,Other,Prohibition; Order Administration; Consumer Redress; Monetary Penalty; Data Deletion; Compliance Monitoring; Recordkeeping,"{""COPPA"": 14}"
06.04_mts,C-4110,"MTS, Inc.",2004-06-15,2004,G.W. Bush,Data Security; Privacy / Deceptive Privacy Practices,deceptive,Deceptive Data Security Representations,"Federal Trade Commission Act, 15 U.S.C. § 45 et seq","Timothy J. Muris, Chairman; Mozelle W. Thompson; Orson Swindle; Thomas B. Leary; Pamela Jones Harbour",https://www.ftc.gov/legal-library/browse/cases-proceedings/032-3209-mts-inc-et-al-matter,"06.04, MTS.json",8,18,20.0,Tower Records exposed consumers' order and personal information online through a broken authentication flaw while falsely claiming its website was secure.,Section 5 Only,Data Security,Retail,Prohibition; Comprehensive Security Program; Third-Party Assessment; Recordkeeping; Order Administration; Compliance Monitoring,"{""Section 5 Only"": 8}"
10.04_bonzi_software,C-4126,"Bonzi Software, Inc.",2004-10-15,2004,G.W. Bush,Other,deceptive,False or Misleading Security Protection Claims,Federal Trade Commission Act,"Deborah Platt Majoras, Chairman; Orson Swindle; Thomas B. Leary; Pamela Jones Harbour; Jon Leibowitz",https://www.ftc.gov/legal-library/browse/cases-proceedings/042-3016-bonzi-software-inc,"10.04, Bonzi Software.json",10,18,20.0,Bonzi Software falsely claimed its InternetALERT security software would significantly protect computers from hackers when it could only monitor a limited number of ports.,Section 5 Only,Other,Technology,Prohibition; Monetary Penalty; Order Administration; Recordkeeping; Compliance Monitoring,"{""Section 5 Only"": 10}"
12.04_gateway_learning,C-4120,Gateway Learning Corporation,2004-12-15,2004,G.W. Bush,Privacy / Deceptive Privacy Practices; Telemarketing / Do-Not-Call,deceptive,False or Misleading Privacy Representations; Unfair Retroactive Application of Revised Privacy Policy; False or Misleading Notification Representation,"Federal Trade Commission Act, 15 U.S.C. § 45 et seq","Deborah Platt Majoras, Chairman; Orson Swindle; Thomas B. Leary; Pamela Jones Harbour; Jon Leibowitz",https://www.ftc.gov/legal-library/browse/cases-proceedings/042-3047-gateway-learning-corp-matter,"12.04, Gateway Learning.json",9,17,20.0,Gateway Learning's 'Hooked on Phonics' business rented customers' personal information to third-party marketers in violation of its own promise never to share such data.,Section 5 Only,Privacy,Education; Retail,Prohibition; Monetary Penalty; Recordkeeping; Order Administration; Compliance Monitoring,"{""Section 5 Only"": 9}"
01.05_assail,Civ. No. WA:03-CV-7,"Assail, Inc.",2005-01-15,2005,G.W. Bush,Gramm-Leach-Bliley; Telemarketing / Do-Not-Call,both,Advance-Fee Credit Card Misrepresentations (FTC Act § 5); Unauthorized Billing (FTC Act § 5 — Unfair Practices); False or Misleading Statements to Induce Payment (TSR § 310.3(a)(4)); Advance-Fee Credit — Upfront Payment After Guaranteeing Credit (TSR § 310.4(a)(4)); Misrepresentation of Refund and Cancellation Policies (TSR § 310.3(a)(2)(iv)); Failure to Disclose Identity of Seller and Purpose of Call (TSR § 310.4(d)); Gramm-Leach-Bliley Act Pretexting Violations,"Section 5 of the Federal Trade Commission Act, 15 U.S.C. § 45; Sections 13(b) and 19 of the Federal Trade Commission Act, 15 U.S.C. §§ 53(b) and 57(b); the Telemarketing and Consumer Fraud and Abuse Prevention Act, 15 U.S.C. §§ 6101 et seq.; Section 521 of the Gramm-Leach-Bliley Act, 15 U.S.C. § 6821",,https://www.ftc.gov/legal-library/browse/cases-proceedings/022-3147-assail-inc-et-al,"01.05, Assail.json",18,54,,Assail ran a telemarketing scam that swapped promised credit cards for worthless stored-value cards while making unauthorized debits from consumers' bank accounts.,TSR; GLBA,Telemarketing; Financial Practices,Financial Services,Prohibition; Monetary Penalty; Consumer Redress; Order Administration; Compliance Monitoring; Recordkeeping,"{""TSR"": 17, ""GLBA"": 17}"
01.05_sunbelt_lending_services,C-4129,"Sunbelt Lending Services, Inc.",2005-01-15,2005,G.W. Bush,Data Security; Privacy / Deceptive Privacy Practices; Gramm-Leach-Bliley,both,Violation of the Safeguards Rule; Violation of the Privacy Rule,"Section 5(a)(1) of the Federal Trade Commission Act, 15 U.S.C. § 45(a)(1); Standards for Safeguarding Customer Information Rule, 16 C.F.R. Part 314; Privacy of Consumer Financial Information Rule, 16 C.F.R. Part 313","Deborah Platt Majoras, Chairman; Orson Swindle; Thomas B. Leary; Pamela Jones Harbour; Jon Leibowitz",https://www.ftc.gov/legal-library/browse/cases-proceedings/042-3153-sunbelt-lending-services-inc-matter,"01.05, Sunbelt Lending Services.json",6,14,20.0,"Sunbelt Lending failed to implement any meaningful security or privacy protections for customers' sensitive financial information, including Social Security numbers and credit histories.",GLBA,Data Security,Financial Services,Prohibition; Third-Party Assessment; Order Administration; Compliance Monitoring,"{""GLBA"": 6}"
03.05_petco_animal_supplies_in_th_matter_of,C-4133,"PETCO ANIMAL SUPPLIES, INC.",2005-03-15,2005,G.W. Bush,Data Security; Privacy / Deceptive Privacy Practices,deceptive,False Representation of Encryption and Data Security; False Representation of Reasonable Security Measures,"Federal Trade Commission Act, 15 U.S.C. § 45 et seq","Deborah Platt Majoras, Chairman; Orson Swindle; Thomas B. Leary; Pamela Jones Harbour; Jon Leibowitz",https://www.ftc.gov/legal-library/browse/cases-proceedings/032-3221-petco-animal-supplies-inc-th-matter,"03.05, Petco Animal Supplies, In th Matter of.json",8,19,20.0,"PETCO falsely promised customers their credit card data was encrypted and completely secure, while actually storing it in unprotected clear text vulnerable to SQL injection attacks.",Section 5 Only,Data Security,Retail,Prohibition; Comprehensive Security Program; Third-Party Assessment; Recordkeeping; Order Administration; Compliance Monitoring,"{""Section 5 Only"": 8}"
04.05_nationwide_mortgage_group_and_john_d._eubank,Docket No. 9319,"Nationwide Mortgage Group, Inc.",2005-04-15,2005,G.W. Bush,Data Security; Privacy / Deceptive Privacy Practices; Gramm-Leach-Bliley,both,Violations of the Safeguards Rule; Violations of the Privacy Rule,"Section 5(a)(1) of the Federal Trade Commission Act, 15 U.S.C. § 45(a)(1), and Title V of the Gramm-Leach-Bliley Act, 15 U.S.C. § 6801 et seq.","Deborah Platt Majoras, Chairman; Orson Swindle; Thomas B. Leary; Pamela Jones Harbour; Jon Leibowitz",https://www.ftc.gov/legal-library/browse/cases-proceedings/042-3104-nationwide-mortgage-group-inc-john-d-eubank-matter,"04.05, Nationwide Mortgage Group, and John D. Eubank.json",7,13,20.0,Nationwide Mortgage Group failed to implement basic security safeguards for sensitive customer financial data and omitted required privacy notices.,GLBA,Data Security,Financial Services,Prohibition; Third-Party Assessment; Order Administration; Compliance Monitoring,"{""GLBA"": 7}"
04.05_vision_i_properties,C-4135,"Vision I Properties, LLC",2005-04-15,2005,G.W. Bush,Privacy / Deceptive Privacy Practices; Telemarketing / Do-Not-Call,unfair,Unfair Data Collection and Sharing Practices,"Section 5(a) of the Federal Trade Commission Act, 15 U.S.C. § 45(a)","Deborah Platt Majoras, Chairman; Orson Swindle; Thomas B. Leary; Pamela Jones Harbour; Jon Leibowitz",https://www.ftc.gov/legal-library/browse/cases-proceedings/042-3068-vision-i-properties-llc-et-al-matter,"04.05, Vision I Properties.json",9,15,20.0,CartManager International secretly collected consumer data through merchants' checkout pages and sold it to third-party marketers without disclosure.,Section 5 Only,Privacy,Technology,Prohibition; Monetary Penalty; Recordkeeping; Order Administration; Compliance Monitoring,"{""Section 5 Only"": 9}"
09.05_bj_s_wholesale_club,C-4148,"BJ's Wholesale Club, Inc.",2005-09-15,2005,G.W. Bush,Data Security; Privacy / Deceptive Privacy Practices,unfair,Unfair Data Security Practices,"Section 5(a) of the Federal Trade Commission Act, 15 U.S.C. § 45(a)","Deborah Platt Majoras, Chairman; Thomas B. Leary; Pamela Jones Harbour; Jon Leibowitz",https://www.ftc.gov/legal-library/browse/cases-proceedings/042-3160-bjs-wholesale-club-inc-matter,"09.05, BJ's Wholesale Club.json",7,17,20.0,"BJ's Wholesale Club stored millions of payment card records in unencrypted form without proper access controls, enabling attackers to steal consumer financial data.",Section 5 Only,Data Security,Retail,Comprehensive Security Program; Third-Party Assessment; Recordkeeping; Order Administration; Compliance Monitoring,"{""Section 5 Only"": 7}"
10.05_sun_spectrum_communications_organization,03-8110-CIV-COHN/SNOW,"Sun Spectrum Communications Organization, Inc.",2005-10-15,2005,G.W. Bush,Gramm-Leach-Bliley; Telemarketing / Do-Not-Call,both,False Promise of Unsecured Credit Card (FTC Act Section 5); Misrepresentation in Telemarketing — TSR Section 310.3(a)(2)(iii); Advance Fee Collection After Guaranteeing Credit — TSR Section 310.4(a)(4); Fraudulent Pretexting to Obtain Bank Account Information (GLB Act Section 521),"Section 5(a) of the Federal Trade Commission Act, 15 U.S.C. § 45(a); Sections 13(b) and 19 of the FTC Act, 15 U.S.C. §§ 53(b) and 57(b); Telemarketing Sales Rule, 16 C.F.R. Part 310; Section 521 of the Gramm-Leach-Bliley Act, 15 U.S.C. § 6821",,https://www.ftc.gov/legal-library/browse/cases-proceedings/032-3032-sun-spectrum-communications-organization-inc-et-al,"10.05, Sun Spectrum Communications Organization.json",18,44,,"Telemarketers falsely promised bad-credit consumers they were pre-approved for major credit cards, collected advance fees, and then never delivered the promised cards.",TSR; GLBA,Telemarketing; Financial Practices,Financial Services,Prohibition; Monetary Penalty; Consumer Redress; Order Administration; Compliance Monitoring; Recordkeeping,"{""TSR"": 17, ""GLBA"": 15}"
12.05_superior_mortgage,C-4153,Superior Mortgage Corporation,2005-12-15,2005,G.W. Bush,Data Security; Gramm-Leach-Bliley,both,Violations of the Safeguards Rule; False or Misleading SSL Encryption Representation,"Section 5(a) of the Federal Trade Commission Act, 15 U.S.C. § 45(a); Standards for Safeguarding Customer Information Rule, 16 C.F.R. Part 314, issued pursuant to Title V of the Gramm-Leach-Bliley Act, 15 U.S.C. § 6801 et seq.","Deborah Platt Majoras, Chairman; Thomas B. Leary; Pamela Jones Harbour; Jon Leibowitz",https://www.ftc.gov/legal-library/browse/cases-proceedings/052-3136-superior-mortgage-corp-matter,"12.05, Superior Mortgage.json",7,11,20.0,Superior Mortgage falsely claimed it encrypted consumer data submitted through its website using SSL while failing to implement required security under the GLB Safeguards Rule.,GLBA,Data Security,Financial Services,Prohibition; Third-Party Assessment; Order Administration; Compliance Monitoring,"{""GLBA"": 7}"
03.06_dsw_inc._in_the_matter_of,C-4157,DSW Inc.,2006-03-15,2006,G.W. Bush,Data Security; Privacy / Deceptive Privacy Practices,unfair,Unfair Data Security Practices,"Section 5(a) of the Federal Trade Commission Act, 15 U.S.C. § 45(a)","Deborah Platt Majoras, Chairman; Pamela Jones Harbour; Jon Leibowitz; William E. Kovacic; J. Thomas Rosch",https://www.ftc.gov/legal-library/browse/cases-proceedings/052-3096-dsw-incin-matter,"03.06, DSW Inc.,In the Matter of.json",7,14,20.0,"DSW failed to implement reasonable security for sensitive payment card and bank account data it collected, leaving it vulnerable to a hacker who accessed information through multiple security gaps.",Section 5 Only,Data Security,Retail,Comprehensive Security Program; Third-Party Assessment; Recordkeeping; Order Administration; Compliance Monitoring,"{""Section 5 Only"": 7}"
06.06_nations_title_agency_nations_holding_company_and_christopher_m._likens.,C-4161,"Nations Title Agency, Inc.",2006-06-15,2006,G.W. Bush,Data Security; Privacy / Deceptive Privacy Practices; Gramm-Leach-Bliley,both,Violations of the Safeguards Rule; Deceptive Security Representations — Violation of Section 5(a) of the FTC Act; Violation of the Privacy Rule — Inaccurate Privacy Notice,"Section 5 of the Federal Trade Commission Act, 15 U.S.C. § 45; Standards for Safeguarding Customer Information Rule, 16 C.F.R. Part 314; Privacy of Customer Financial Information Rule, 16 C.F.R. Part 313","Deborah Platt Majoras, Chairman; Pamela Jones Harbour; Jon Leibowitz; William E. Kovacic; J. Thomas Rosch",https://www.ftc.gov/legal-library/browse/cases-proceedings/052-3117-nations-title-agency-inc-nations-holding-company-christopher-m-likens-matter,"06.06, Nations Title Agency, Nations Holding Company, and Christopher M. Likens..json",10,23,20.0,"Nations Title Agency failed to implement basic security safeguards for consumers' mortgage-related financial data, enabling a hacker breach and violating privacy notice requirements.",GLBA,Data Security,Financial Services,Prohibition; Comprehensive Security Program; Third-Party Assessment; Recordkeeping; Order Administration; Compliance Monitoring,"{""GLBA"": 10}"
09.06_cardsystems_solutions_and_solidus_networks_dba_pay_by_touch_solutions,C-4168,"CardSystems Solutions, Inc.",2006-09-15,2006,G.W. Bush,Data Security,unfair,Unfair Data Security Practices,"Section 5(a) of the Federal Trade Commission Act, 15 U.S.C. § 45(a)","Deborah Platt Majoras, Chairman; Pamela Jones Harbour; Jon Leibowitz; William E. Kovacic; J. Thomas Rosch",https://www.ftc.gov/legal-library/browse/cases-proceedings/052-3148-cardsystems-solutions-inc-solidus-networks-inc-dba-pay-touch-solutions-matter,"09.06, CardSystems Solutions, and Solidus Networks, dba Pay By Touch Solutions.json",7,23,20.0,"CardSystems Solutions stored sensitive payment card data in a vulnerable format and failed to implement basic security, enabling a hacker to compromise millions of consumer records.",Section 5 Only,Data Security,Financial Services,Comprehensive Security Program; Third-Party Assessment; Recordkeeping; Order Administration; Compliance Monitoring,"{""Section 5 Only"": 7}"
09.06_xanga.com_john_hiler_and_marc_ginsburg,06 Civ.,"Xanga.com, Inc.",2006-09-15,2006,G.W. Bush,COPPA / Children's Privacy; Privacy / Deceptive Privacy Practices,both,Failure to Provide Sufficient Website Notice (COPPA Rule § 312.4(b)); Failure to Provide Direct Parental Notice (COPPA Rule § 312.4(c)); Failure to Obtain Verifiable Parental Consent (COPPA Rule § 312.5); Failure to Provide Parental Review and Opt-Out Mechanism (COPPA Rule § 312.6),"Sections 1303(c) and 1306(d) of the Children's Online Privacy Protection Act of 1998 (COPPA), 15 U.S.C. §§ 6501-6506, 6502(c), and 6505(d), and Sections 5(a)(1), 5(m)(1)(A), 13(b), 16(a), and 19 of the Federal Trade Commission Act (FTC Act), 15 U.S.C. §§ 41-58, 45(a)(1), 45(m)(1)(A), 53(b), 56(a), and 57b",,https://www.ftc.gov/legal-library/browse/cases-proceedings/062-3073-xangacom-inc-john-hiler-marc-ginsburg,"09.06, Xanga.com, John Hiler, and Marc Ginsburg.json",12,19,,Xanga knowingly allowed approximately 1.7 million children to create blogs and collected their personal data for targeted advertising without parental consent for five years.,COPPA,Privacy,Social Media; Technology,Prohibition; Order Administration; Other; Monetary Penalty; Data Deletion; Compliance Monitoring; Recordkeeping,"{""COPPA"": 12}"
10.06_integrity_security_investigation_services,Civil Action No. 2:06-cv-241-RGD-JEB,"Integrity Security & Investigation Services, Inc.",2006-10-15,2006,G.W. Bush,Other,deceptive,Unfair Practice — Obtaining and Selling Confidential Customer Phone Records and Financial Information Without Authorization,"Section 5(a) of the Federal Trade Commission Act, 15 U.S.C. § 45(a); Section 13(b) of the Federal Trade Commission Act, 15 U.S.C. § 53(b)",,https://www.ftc.gov/legal-library/browse/cases-proceedings/062-3101-integrity-security-investigation-services-inc,"10.06, Integrity Security & Investigation Services.json",10,34,,ISIS advertised and sold confidential consumer phone records and financial account information obtained by impersonating account holders without their authorization.,Section 5 Only,Privacy,Other,Prohibition; Monetary Penalty; Third-Party Assessment; Order Administration; Recordkeeping; Compliance Monitoring,"{""Section 5 Only"": 10}"
02.07_consumerinfo.com._dba_experian_consumer_direct_qspace_and_iplace,CV SAC 05-801 MS,"Consumerinfo.com, Inc.",2007-02-15,2007,G.W. Bush,Fair Credit Reporting (FCRA),deceptive,Failure to Disclose Membership Fee and Cancellation Requirement; Unauthorized Charges to Consumer Accounts; Failure to Disclose Non-Affiliation with FACT Act Free Credit Report Program,"Section 5(a) of the Federal Trade Commission Act, 15 U.S.C. § 45(a), and Section 13(b) of the Federal Trade Commission Act, 15 U.S.C. § 53(b)",,https://www.ftc.gov/legal-library/browse/cases-proceedings/022-3263-consumerinfocom-inc-dba-experian-consumer-direct-qspace-inc-iplace-inc,"02.07, Consumerinfo.com., dba Experian Consumer Direct, Qspace, and Iplace.json",7,17,,Consumerinfo.com advertised 'free' credit reports but secretly enrolled consumers in a paid subscription service charged to the credit card they provided.,Section 5 Only,Deceptive Design / Dark Patterns; Financial Practices,Financial Services,Prohibition; Monetary Penalty; Order Administration; Recordkeeping,"{""Section 5 Only"": 7}"
02.07_information_search_and_david_j._kacala,AMD-01-1121,"Information Search, Inc.",2007-02-15,2007,G.W. Bush,Gramm-Leach-Bliley,both,Violations of the Gramm-Leach-Bliley Act; Violations of Section 5(a) of the FTC Act,"Section 5(a) of the Federal Trade Commission Act, 15 U.S.C. § 45(a); Section 13(b) of the Federal Trade Commission Act, 15 U.S.C. § 53(b); Section 521 of the Gramm-Leach-Bliley Act, 15 U.S.C. § 6821",,https://www.ftc.gov/legal-library/browse/cases-proceedings/062-3102-information-search-inc-david-j-kacala-district-maryland-northern-division,"02.07, Information Search, and David J. Kacala.json",11,35,,"Information Search, Inc. obtained consumers' confidential bank account data by impersonating customers to financial institution employees and then sold that information to clients.",GLBA,Privacy; Financial Practices,Financial Services,Prohibition; Monetary Penalty; Consumer Redress; Compliance Monitoring; Order Administration; Recordkeeping,"{""GLBA"": 11}"
04.07_guidance_software,C-4187,"Guidance Software, Inc.",2007-04-15,2007,G.W. Bush,Data Security; Privacy / Deceptive Privacy Practices,deceptive,Data Security Misrepresentation,"Section 5(a) of the Federal Trade Commission Act, 15 U.S.C. § 45 et seq","Deborah Platt Majoras, Chairman; Pamela Jones Harbour; Jon Leibowitz; William E. Kovacic; J. Thomas Rosch",https://www.ftc.gov/legal-library/browse/cases-proceedings/062-3057-guidance-software-inc-matter,"04.07, Guidance Software.json",8,23,20.0,"Guidance Software falsely claimed strong data security while storing customer credit card data in clear text, enabling a hacker breach.",Section 5 Only,Data Security,Technology,Prohibition; Comprehensive Security Program; Third-Party Assessment; Recordkeeping; Order Administration; Compliance Monitoring,"{""Section 5 Only"": 8}"
12.07_american_united_mortgage_company._united_states_of_america,,American United,2007-12-15,2007,G.W. Bush,Data Security; Privacy / Deceptive Privacy Practices; Fair Credit Reporting (FCRA); Gramm-Leach-Bliley,both,Failure to Implement Reasonable Disposal Procedures (Disposal Rule / FCRA); Failure to Implement Comprehensive Information Security Program (Safeguards Rule); Failure to Provide Privacy Notice to Customers (Privacy Rule),"Sections 5(a)(1) and 13(b) of the Federal Trade Commission Act, Fair Credit Reporting Act (FCRA), and Safeguarding Customer Information Rule",,https://www.ftc.gov/legal-library/browse/cases-proceedings/062-3103-american-united-mortgage-company-united-states-america-ftc,"12.07, American United Mortgage Company., United States of America.json",0,0,,"American United discarded consumer documents in an unsecured dumpster, failed to implement a written security program, and failed to provide customers with required privacy notices.",FCRA; GLBA,Data Security; Financial Practices,Financial Services,,"{""FCRA"": 0, ""GLBA"": 0}"
12.07_ceo_group_dba_check_em_out_and_scott_joseph,06-60602-CIV,"CEO GROUP, INC.",2007-12-15,2007,G.W. Bush,Telemarketing / Do-Not-Call,deceptive,Unfair Practice — Obtaining and Selling Confidential Phone Records Without Authorization,"Section 5(a) of the Federal Trade Commission Act, 15 U.S.C. § 45(a); Section 13(b) of the Federal Trade Commission Act, 15 U.S.C. § 53(b)",,https://www.ftc.gov/legal-library/browse/cases-proceedings/062-3100-ceo-group-inc-dba-check-em-out-scott-joseph,"12.07, CEO Group dba Check Em Out, and Scott Joseph.json",11,30,,CEO Group sold confidential consumer telephone call records obtained through impersonation and false pretenses without account holders' knowledge or authorization.,Section 5 Only,Privacy; Surveillance,Other,Prohibition; Monetary Penalty; Compliance Monitoring; Third-Party Assessment; Order Administration; Recordkeeping,"{""Section 5 Only"": 11}"
02.08_ingenix,C-4214,"Ingenix, Inc.",2008-02-15,2008,G.W. Bush,Health Data; Fair Credit Reporting (FCRA),both,Failure to Provide Required FCRA Notice to Users of Consumer Reports,"Fair Credit Reporting Act, 15 U.S.C. § 1681 et seq., and Section 5(a) of the Federal Trade Commission Act, 15 U.S.C. § 45(a)","Deborah Platt Majoras, Chairman; Pamela Jones Harbour; Jon Leibowitz; William E. Kovacic; J. Thomas Rosch",https://www.ftc.gov/legal-library/browse/cases-proceedings/062-3190-ingenix-inc-matter,"02.08, Ingenix.json",7,15,20.0,Ingenix sold individual medical profiles — constituting consumer reports — to insurers without providing the legally required FCRA notice to those users.,FCRA,Financial Practices,Healthcare; Financial Services,Prohibition; Recordkeeping; Order Administration; Compliance Monitoring,"{""FCRA"": 7}"
02.08_milliman,C-4213,"Milliman, Inc.",2008-02-15,2008,G.W. Bush,Health Data; Fair Credit Reporting (FCRA),both,Failure to Provide Required Notice to Users of Consumer Reports (FCRA Section 607(d)),"Section 5(a)(1) of the Federal Trade Commission Act, 15 U.S.C. § 45(a)(1); Section 607(d) of the Fair Credit Reporting Act, 15 U.S.C. § 1681e(d)","Deborah Platt Majoras, Chairman; Pamela Jones Harbour; Jon Leibowitz; William E. Kovacic; J. Thomas Rosch",https://www.ftc.gov/legal-library/browse/cases-proceedings/062-3189-milliman-inc-matter,"02.08, Milliman.json",7,11,20.0,Milliman sold individual medical profiles to insurers for underwriting without providing the legally required FCRA notice to those insurer users.,FCRA,Financial Practices,Healthcare; Financial Services,Prohibition; Recordkeeping; Order Administration; Compliance Monitoring,"{""FCRA"": 7}"
04.08_goal_financial,C-4216,"GOAL FINANCIAL, LLC",2008-04-15,2008,G.W. Bush,Data Security; Privacy / Deceptive Privacy Practices; Gramm-Leach-Bliley,both,Violations of the Safeguards Rule; Deceptive Data Security Representations — Violation of FTC Act Section 5; Violation of the Privacy Rule — Inaccurate Privacy Notice,"Section 5(a) of the Federal Trade Commission Act, 15 U.S.C. § 45; Standards for Safeguarding Customer Information Rule, 16 C.F.R. Part 314; Privacy of Customer Financial Information Rule, 16 C.F.R. Part 313; Title V, Subtitle A of the Gramm-Leach-Bliley Act, 15 U.S.C. § 6801-6809","William E. Kovacic, Chairman; Pamela Jones Harbour; Jon Leibowitz; J. Thomas Rosch",https://www.ftc.gov/legal-library/browse/cases-proceedings/072-3013-goal-financial-llc-matter,"04.08, Goal Financial.json",9,21,20.0,"Goal Financial failed to secure student loan applicants' sensitive data, allowing employees to steal thousands of consumer files for unauthorized use.",GLBA,Data Security,Financial Services; Education,Prohibition; Comprehensive Security Program; Third-Party Assessment; Recordkeeping; Order Administration; Compliance Monitoring,"{""GLBA"": 9}"
04.08_life_is_good_and_life_is_good_retail,C-4218,"Life is good, Inc.",2008-04-15,2008,G.W. Bush,Data Security,deceptive,Data Security Misrepresentation,Section 5(a) of the Federal Trade Commission Act,"William E. Kovacic, Chairman; Pamela Jones Harbour; Jon Leibowitz; J. Thomas Rosch",https://www.ftc.gov/legal-library/browse/cases-proceedings/072-3046-life-good-inc-life-good-retail-inc-matter,"04.08, Life is good and Life is good Retail.json",8,19,20.0,"Life is Good falsely claimed to store customers' personal information securely while actually storing it in clear, unencrypted text.",Section 5 Only,Data Security,Retail,Prohibition; Comprehensive Security Program; Third-Party Assessment; Recordkeeping; Order Administration; Compliance Monitoring,"{""Section 5 Only"": 8}"
05.08_action_research_group,C-6:07-cv-227-Orl-22UAM,"ACTION RESEARCH GROUP, INC.",2008-05-15,2008,G.W. Bush,Privacy / Deceptive Privacy Practices,deceptive,Deceptive Misrepresentations to Obtain Phone Records; Unfair Practice of Obtaining and Selling Phone Records Without Consent,"Section 5(a) of the Federal Trade Commission Act, 15 U.S.C. § 45(a)",,https://www.ftc.gov/legal-library/browse/cases-proceedings/072-3021-action-research-group-inc-et-al,"05.08, Action Research Group.json",11,38,,Action Research Group impersonated account holders to fraudulently obtain confidential telephone records from carriers and sold them to third-party clients.,Section 5 Only,Privacy; Surveillance,Telecom,Prohibition; Monetary Penalty; Consumer Redress; Third-Party Assessment; Compliance Monitoring; Recordkeeping; Order Administration,"{""Section 5 Only"": 11}"
08.08_reed_elsevier_inc._and_seisint,C-4226,"Reed Elsevier Inc. and Seisint, Inc.",2008-08-15,2008,G.W. Bush,Data Security; Privacy / Deceptive Privacy Practices,unfair,Unfair Data Security Practices,"Federal Trade Commission Act, 15 U.S.C. § 45 et seq","William E. Kovacic, Chairman; Pamela Jones Harbour; Jon Leibowitz; J. Thomas Rosch",https://www.ftc.gov/legal-library/browse/cases-proceedings/052-3094-reed-elsevier-inc-seisint-inc-matter,"08.08, Reed Elsevier Inc. and Seisint.json",7,17,20.0,"LexisNexis and Seisint failed to secure user credentials for their Accurint data products, allowing attackers to repeatedly access sensitive consumer records.",Section 5 Only,Data Security,Financial Services,Comprehensive Security Program; Third-Party Assessment; Recordkeeping; Order Administration; Compliance Monitoring,"{""Section 5 Only"": 7}"
08.08_tjx_companies_the,C-4227,"The TJX Companies, Inc.",2008-08-15,2008,G.W. Bush,Data Security; Privacy / Deceptive Privacy Practices,unfair,Unfair Data Security Practices,"Section 5(a) of the Federal Trade Commission Act, 15 U.S.C § 45(a)","William E. Kovacic, Chairman; Pamela Jones Harbour; Jon Leibowitz; J. Thomas Rosch",https://www.ftc.gov/legal-library/browse/cases-proceedings/072-3055-tjx-companies-inc-matter,"08.08, TJX Companies, The.json",7,22,20.0,"TJX Companies stored customers' payment card data in clear text and used weak wireless security, enabling intruders to intercept vast amounts of sensitive information.",Section 5 Only,Data Security,Retail,Comprehensive Security Program; Third-Party Assessment; Recordkeeping; Order Administration; Compliance Monitoring,"{""Section 5 Only"": 7}"
09.08_emc_mortgage_co.,4:08-cv-338,EMC Mortgage Corporation,2008-09-15,2008,G.W. Bush,Fair Credit Reporting (FCRA),both,Misrepresentation of Amounts Owed; Unfair and Deceptive Assessment and Collection of Fees; Deceptive Reasonable Basis Claims; Harassment or Abuse (FDCPA § 806); False or Misleading Representations (FDCPA § 807); Unfair Practices — Unauthorized Collection Amounts (FDCPA § 808); Failure to Validate Debts (FDCPA § 809); Failure to Report Disputes to Consumer Reporting Agencies (FCRA § 623); Failure to Provide Required TILA/Regulation Z Disclosures,"Section 5(a) of the Federal Trade Commission Act, 15 U.S.C. § 45(a); Section 13(b) of the FTC Act, 15 U.S.C. § 53(b); Fair Debt Collection Practices Act (FDCPA), 15 U.S.C. § 1692 et seq.; Fair Credit Reporting Act (FCRA), 15 U.S.C. § 1681 et seq.; Truth in Lending Act (TILA) Regulation Z, 12 C.F.R. § 226",,https://www.ftc.gov/legal-library/browse/cases-proceedings/062-3031-emc-mortgage-co,"09.08, EMC Mortgage Co..json",18,39,,"EMC Mortgage made false representations to borrowers about loan balances and fees, charged unauthorized fees, and harassed borrowers in violation of multiple consumer protection laws.",FCRA,Financial Practices,Financial Services,Prohibition; Comprehensive Security Program; Third-Party Assessment; Monetary Penalty; Consumer Redress; Compliance Monitoring; Recordkeeping; Order Administration,"{""FCRA"": 18}"
12.08_premier_capital_lending,C-4241,"Premier Capital Lending, Inc.",2008-12-15,2008,G.W. Bush,Data Security; Privacy / Deceptive Privacy Practices; Fair Credit Reporting (FCRA); Gramm-Leach-Bliley,unfair,Violation of the Safeguards Rule; False or Misleading Security Representation — Violation of FTC Act Section 5; Inaccurate Privacy Notice — Violation of the Privacy Rule,"Section 5 of the Federal Trade Commission Act, 15 U.S.C. § 45(a); the Standards for Safeguarding Customer Information Rule (Safeguards Rule), 16 C.F.R. Part 314, issued pursuant to Title V, Subtitle A of the Gramm-Leach-Bliley Act, 15 U.S.C. § 6801-6809; and the Privacy of Consumer Financial Information Rule (Privacy Rule), 16 C.F.R. Part 313, issued pursuant to the Gramm-Leach-Bliley Act","William E. Kovacic, Chairman; Pamela Jones Harbour; Jon Leibowitz; J. Thomas Rosch",https://www.ftc.gov/legal-library/browse/cases-proceedings/0723004-premier-capital-lending-inc-et-al-matter,"12.08, Premier Capital Lending.json",10,24,20.0,Premier Capital Lending gave an unsecured third party login credentials to pull consumer credit reports and failed to monitor or audit use of that access.,GLBA,Data Security; Privacy,Financial Services,Prohibition; Comprehensive Security Program; Third-Party Assessment; Recordkeeping; Order Administration; Compliance Monitoring,"{""GLBA"": 10}"
03.09_gencia_corporation_and_compgeeks.com_also_dba_computer_geeks_discount_outlet_and_geeks.com,C-4252,Genica Corporation,2009-03-15,2009,Obama,Data Security; Privacy / Deceptive Privacy Practices,deceptive,Data Security Misrepresentation,Section 5(a) of the Federal Trade Commission Act,"Jon Leibowitz, Chairman; Pamela Jones Harbour; William E. Kovacic; J. Thomas Rosch",https://www.ftc.gov/legal-library/browse/cases-proceedings/1923258-microsoft-corporation-us-v,"03.09, Gencia Corporation and Compgeeks.com, also dba Computer Geeks Discount Outlet and Geeks.com.json",8,21,20.0,"Genica Corporation falsely claimed to use state-of-the-art security for consumer data while actually storing credit card numbers and security codes in plain text, enabling SQL injection attacks.",Section 5 Only,Data Security,Retail; Technology,Prohibition; Comprehensive Security Program; Third-Party Assessment; Recordkeeping; Order Administration; Compliance Monitoring,"{""Section 5 Only"": 8}"
06.09_accusearch_dba_abika.com_and_jay_patel,06-CV-00105-WFD,"Accusearch, Inc.",2009-06-15,2009,Obama,Other,unfair,Unfair Practice – Obtaining and Selling Confidential Customer Phone Records Without Consent,"Section 5(a) of the Federal Trade Commission Act, 15 U.S.C. § 45(a); Section 13(b) of the Federal Trade Commission Act, 15 U.S.C. § 53(b)",,https://www.ftc.gov/legal-library/browse/cases-proceedings/052-3126-accusearch-inc-dba-abikacom-jay-patel,"06.09, Accusearch dba Abika.com, and Jay Patel.json",3,3,,Accusearch obtained consumers' confidential phone records by impersonating account holders and then sold those records to paying clients without consumers' knowledge.,Section 5 Only,Privacy; Surveillance,Technology; Telecom,Prohibition; Monetary Penalty,"{""Section 5 Only"": 3}"
06.09_cvs_caremark_corporation,C-4259,CVS CAREMARK CORPORATION,2009-06-15,2009,Obama,Data Security; Privacy / Deceptive Privacy Practices; Health Data,both,False or Misleading Privacy Representation; Unfair Data Security Practices,"Federal Trade Commission Act, 15 U.S.C. § 45 et seq","Jon Leibowitz, Chairman; Pamela Jones Harbour; William E. Kovacic; J. Thomas Rosch",https://www.ftc.gov/legal-library/browse/cases-proceedings/072-3119-cvs-caremark-corporation-matter,"06.09, CVS Caremark Corporation.json",8,17,20.0,"CVS Caremark disposed of prescription bottles, pharmacy labels, and other documents containing consumers' personal and health information in unsecured public trash containers.",Section 5 Only,Data Security,Healthcare; Retail,Prohibition; Comprehensive Security Program; Third-Party Assessment; Recordkeeping; Order Administration; Compliance Monitoring,"{""Section 5 Only"": 8}"
06.09_james_b._nutter_company,C-4258,James B. Nutter & Company,2009-06-15,2009,Obama,Data Security; Privacy / Deceptive Privacy Practices; Fair Credit Reporting (FCRA); Gramm-Leach-Bliley,both,Violations of the Safeguards Rule; Violations of the Privacy Rule,"Standards for Safeguarding Customer Information Rule (Safeguards Rule), 16 C.F.R. Part 314, issued pursuant to Title V, Subtitle A of the Gramm-Leach-Bliley Act (GLB Act), 15 U.S.C. § 6801-6809, and the Privacy of Customer Financial Information Rule (Privacy Rule), 16 C.F.R. Part 313","Jon Leibowitz, Chairman; Pamela Jones Harbour; William E. Kovacic; J. Thomas Rosch",https://www.ftc.gov/legal-library/browse/cases-proceedings/072-3108-james-b-nutter-company-corporation-matter,"06.09, James B. Nutter & Company.json",8,18,20.0,"James B. Nutter & Company failed to implement basic information security safeguards and provided inaccurate privacy notices, resulting in its network being hijacked to send spam.",GLBA,Data Security,Financial Services,Comprehensive Security Program; Prohibition; Third-Party Assessment; Recordkeeping; Order Administration; Compliance Monitoring,"{""GLBA"": 8}"
07.09_united_states_of_america_plaintiff_v._talx_corporation_defendant,Civil Action No.,TALX Corporation,2009-07-15,2009,Obama,Fair Credit Reporting (FCRA),unfair,Violations of Section 607(d) of the FCRA — Failure to Provide Required Notices,"Section 5(a) of the Federal Trade Commission Act, 15 U.S.C. § 45(a); Section 607(d) of the Fair Credit Reporting Act, 15 U.S.C. § 1681e(d); Section 621(a) of the Fair Credit Reporting Act, 15 U.S.C. § 1681s(a)",,https://www.ftc.gov/legal-library/browse/cases-proceedings/072-3173-united-states-america-federal-trade-commission-plaintiff-v-talx-corporation-defendant,"07.09, United States of America , Plaintiff, v. TALX Corporation, Defendant.json",9,23,,"TALX Corporation, a nationwide employment data reporting agency, failed for years to provide legally required notices to data furnishers and report users.",FCRA,Financial Practices,Financial Services,Monetary Penalty; Prohibition; Compliance Monitoring; Recordkeeping; Order Administration,"{""FCRA"": 9}"
08.09_metropolitan_home_mortgage_also_dba_wholesale_home_lenders,Civil Action No. 8:09-cv-00936-DOC(RNB),"Metropolitan Home Mortgage, Inc.",2009-08-15,2009,Obama,Fair Credit Reporting (FCRA),deceptive,Violations of Section 615(d)(2) of the FCRA and the Prescreen Rule,"Sections 5(a), 13(b), and 16(a) of the Federal Trade Commission Act, 15 U.S.C. §§ 45(a), 53(b), and 56(a); sections 615 and 621 of the Fair Credit Reporting Act, 15 U.S.C. §§ 1681m and 1681s; and the Prescreen Opt-Out Notice Rule, 16 C.F.R. Part 642",,https://www.ftc.gov/legal-library/browse/cases-proceedings/metropolitan-home-mortgage-inc-also-dba-wholesale-home-lenders,"08.09, Metropolitan Home Mortgage, also dba Wholesale Home Lenders.json",9,23,5.0,Metropolitan Home Mortgage sent prescreened mortgage solicitations that lacked properly formatted opt-out notices as required by the FCRA and the Prescreen Rule.,FCRA,Financial Practices,Financial Services,Monetary Penalty; Prohibition; Compliance Monitoring; Recordkeeping; Order Administration,"{""FCRA"": 9}"
08.09_united_states_of_america_plaintiff_v._quality_terminal_services_a_limited_liability_company_defendants,09-cv-01853-CMA-BNB,"Quality Terminal Services, LLC",2009-08-15,2009,Obama,Fair Credit Reporting (FCRA),both,Failure to Provide Pre-Adverse Action Notices; Failure to Provide Post-Adverse Action Notices,"Section 621(a) of the Fair Credit Reporting Act, 15 U.S.C. § 1681s(a); Section 5(a) of the Federal Trade Commission Act, 15 U.S.C. § 45(a)",,https://www.ftc.gov/legal-library/browse/cases-proceedings/082-3022-united-states-america-federal-trade-commission-plaintiff-v-quality-terminal-services-llc-limited,"08.09, United States of America Plaintiff, v. Quality Terminal Services, a limited liability company, Defendants.json",9,26,,Quality Terminal Services denied jobs to applicants based on background check results without providing the legally required pre- and post-adverse action notices.,FCRA,Financial Practices,Other,Monetary Penalty; Prohibition; Compliance Monitoring; Recordkeeping; Order Administration,"{""FCRA"": 9}"
09.09_cash_today,CV-S-08-00590,"Cash Today, Ltd.",2009-09-15,2009,Obama,Telemarketing / Do-Not-Call,both,Deceptive Collection Practices; Unfair Collection Practices; Violations of TILA and Regulation Z; Failure to Disclose Material Facts (Nevada NRS § 598.0923(2)); Violation of State or Federal Statute Relating to Sale of Services (Nevada NRS § 598.0923(3)); Operating Without Required Licenses (Nevada NRS § 598.0923(1)),"Section 5(a) of the Federal Trade Commission Act, 15 U.S.C. § 45(a), Section 13(b) of the Federal Trade Commission Act, 15 U.S.C. § 53(b), and the Truth in Lending Act (TILA), 15 U.S.C. §§ 1601-1666j",,https://www.ftc.gov/legal-library/browse/cases-proceedings/072-3093-cash-today-ltd,"09.09, Cash Today.json",13,47,,"Overseas payday lenders offered loans without required disclosures and then threatened consumers with arrest and prosecution to coerce repayment, even on potentially unenforceable loans.",Section 5 Only,Financial Practices,Financial Services,Prohibition; Consumer Notification; Compliance Monitoring; Monetary Penalty; Recordkeeping; Order Administration,"{""Section 5 Only"": 13}"
10.09_iconix_brand_group,09 Civ. 8864 (MGC),"Iconix Brand Group, Inc.",2009-10-15,2009,Obama,COPPA / Children's Privacy; Privacy / Deceptive Privacy Practices,both,Violation of the Children's Online Privacy Protection Rule; Unfair or Deceptive Acts or Practices — False Privacy Policy Representations,"Sections 1303(c) and 1306(d) of the Children's Online Privacy Protection Act of 1998 (COPPA), 15 U.S.C. §§ 6501-6506, 6502(c) and 6505(d), and Sections 5(a)(1), 5(m)(1)(A), 13(b), 16(a) and 19 of the Federal Trade Commission Act (FTC Act), 15 U.S.C. §§ 41-58, 45(a)(1), 45(m)(1)(A), 53(b), 56(a) and 57(b)",,https://www.ftc.gov/legal-library/browse/cases-proceedings/iconix-brand-group-inc,"10.09, Iconix Brand Group.json",14,23,,"Iconix collected personal data from roughly 1,000 children under 13 through fan and sweepstakes features without parental consent, violating COPPA and its own privacy policy.",COPPA,Privacy,Retail,Prohibition; Consumer Redress; Monetary Penalty; Order Administration; Data Deletion; Compliance Monitoring; Recordkeeping,"{""COPPA"": 14}"
01.10_collectify_ll,C-4272,Collectify LLC,2010-01-15,2010,Obama,Privacy / Deceptive Privacy Practices,deceptive,False or Misleading Safe Harbor Participation Representation,Section 5(a) of the Federal Trade Commission Act,"Jon Leibowitz, Chairman; Pamela Jones Harbour; William E. Kovacic; J. Thomas Rosch",https://www.ftc.gov/legal-library/browse/cases-proceedings/092-3142-collectify-ll,"01.10, Collectify LL.json",6,10,20.0,Collectify displayed Safe Harbor compliance claims on its website for nearly five years after its certification had lapsed.,Section 5 Only,Privacy,Technology,Prohibition; Recordkeeping; Order Administration; Compliance Monitoring,"{""Section 5 Only"": 6}"
01.10_expatedge_partners_ll,C-4269,"ExpatEdge Partners, LLC",2010-01-15,2010,Obama,Privacy / Deceptive Privacy Practices,deceptive,False Safe Harbor Participation Claim,Section 5(a) of the Federal Trade Commission Act,"Jon Leibowitz, Chairman; Pamela Jones Harbour; William E. Kovacic; J. Thomas Rosch",https://www.ftc.gov/legal-library/browse/cases-proceedings/0923138-expatedge-partners-ll,"01.10, ExpatEdge Partners, LL.json",6,10,20.0,ExpatEdge continued claiming active Safe Harbor certification on its website years after its certification had lapsed.,Section 5 Only,Privacy,Technology,Prohibition; Recordkeeping; Order Administration; Compliance Monitoring,"{""Section 5 Only"": 6}"
01.10_navone_gregory,2:08-cv-01842,Gregory Navone,2010-01-15,2010,Obama,Data Security; Fair Credit Reporting (FCRA),both,Misrepresentation of Data Security Measures; Misrepresentation of Service Provider Data Safeguard Agreements; Violation of FCRA Disposal Rule — Failure to Properly Dispose of Consumer Report Information,"Section 5(a) of the Federal Trade Commission Act, 15 U.S.C. § 45(a); Section 628 of the Fair Credit Reporting Act, 15 U.S.C. § 1681w; and the Disposal Rule, 16 C.F.R. § 682.1 et seq.",,https://www.ftc.gov/legal-library/browse/cases-proceedings/072-3067-navone-gregory,"01.10, Navone, Gregory.json",10,37,,"Gregory Navone falsely claimed his mortgage companies had robust data security, while personally storing consumers' sensitive financial documents without safeguards or proper disposal.",FCRA,Data Security,Financial Services,Monetary Penalty; Prohibition; Comprehensive Security Program; Third-Party Assessment; Compliance Monitoring; Recordkeeping; Order Administration,"{""FCRA"": 10}"
01.10_onyx_graphics,C-4270,"Onyx Graphics, Inc.",2010-01-15,2010,Obama,Privacy / Deceptive Privacy Practices,deceptive,False or Misleading Safe Harbor Participation Claim,Section 5(a) of the Federal Trade Commission Act,"Jon Leibowitz, Chairman; Pamela Jones Harbour; William E. Kovacic; J. Thomas Rosch",https://www.ftc.gov/legal-library/browse/cases-proceedings/0923139-onyx-graphics-inc,"01.10, Onyx Graphics.json",6,11,20.0,Onyx Graphics claimed to be 'Safe Harbor Certified' on its website after its certification had already lapsed.,Section 5 Only,Privacy,Technology,Prohibition; Recordkeeping; Order Administration; Compliance Monitoring,"{""Section 5 Only"": 6}"
01.10_progressive_gaitways_ll,C-4271,Progressive Gaitways LLC,2010-01-15,2010,Obama,Health Data,deceptive,False Safe Harbor Claim — theratogs.com; False Safe Harbor Claim — gaitways.com,Section 5(a) of the Federal Trade Commission Act,"Jon Leibowitz, Chairman; Pamela Jones Harbour; William E. Kovacic; J. Thomas Rosch",https://www.ftc.gov/legal-library/browse/cases-proceedings/0923141-progressive-gaitways-ll,"01.10, Progressive Gaitways LL.json",6,9,20.0,"Progressive Gaitways falsely claimed Safe Harbor participation on two websites — one after its certification lapsed, and one that was never certified at all.",Section 5 Only,Privacy,Healthcare,Prohibition; Recordkeeping; Order Administration; Compliance Monitoring,"{""Section 5 Only"": 6}"
01.10_world_innovators,C-4282,"World Innovators, Inc.",2010-01-15,2010,Obama,Privacy / Deceptive Privacy Practices,deceptive,False Safe Harbor Membership Representation,Section 5(a) of the Federal Trade Commission Act,"Jon Leibowitz, Chairman; Pamela Jones Harbour; William E. Kovacic; J. Thomas Rosch",https://www.ftc.gov/legal-library/browse/cases-proceedings/0923137-world-innovators-inc-matter,"01.10, World Innovators.json",6,9,20.0,World Innovators continued displaying Safe Harbor membership claims on its website for years after its certification expired.,Section 5 Only,Privacy,Other,Prohibition; Recordkeeping; Order Administration; Compliance Monitoring,"{""Section 5 Only"": 6}"
02.10_controlscan,1:10-cv-00532-JEC,"ControlScan, Inc.",2010-02-15,2010,Obama,Data Security; Privacy / Deceptive Privacy Practices,deceptive,Misrepresentation of Verification of Privacy and Security Protections; Misrepresentation About PCI Compliance Efforts; Misrepresentation of Daily Reviews,"Section 5(a) of the Federal Trade Commission Act, 15 U.S.C. § 45(a)",,https://www.ftc.gov/legal-library/browse/cases-proceedings/072-3165-controlscan-inc,"02.10, ControlScan.json",10,20,,ControlScan sold privacy and security certification seals to websites while conducting little or no actual verification of those companies' data protection practices.,Section 5 Only,Data Security,Technology,Prohibition; Order Administration; Monetary Penalty; Compliance Monitoring; Recordkeeping,"{""Section 5 Only"": 10}"
03.10_direct_marketing_associates_corp._et_al._usa,CV 10-0696-PHX-LOA,"Direct Marketing Associates, Corp.",2010-03-15,2010,Obama,Fair Credit Reporting (FCRA),deceptive,False Pre-Approval Representations (FTC Act Section 5); Impermissible Use of Consumer Reports (FCRA Section 604(f)),"Section 5(a) of the Federal Trade Commission Act, 15 U.S.C. § 45(a); Section 13(b) and 16(a) of the Federal Trade Commission Act, 15 U.S.C. §§ 53(b) and 56(a); and the Fair Credit Reporting Act, 15 U.S.C. §§ 1681-1681x",,https://www.ftc.gov/legal-library/browse/cases-proceedings/072-3002-direct-marketing-associates-corp-et-al-usa,"03.10, Direct Marketing Associates, Corp., et al., USA.json",1,1,,Direct Marketing Associates mailed fake pre-approved auto financing solicitations using consumer credit data it obtained from credit bureaus under false pretenses.,FCRA,Financial Practices,Other,Order Administration,"{""FCRA"": 1}"
04.10_united_states_of_america_v._central_credit,2:10-cv-00565,"Central Credit, LLC",2010-04-15,2010,Obama,Fair Credit Reporting (FCRA),both,Failure to Provide Furnisher and User Notices — Section 607(d) FCRA; Failure to Provide Adequate Summary of Rights — Section 609(c)(2) FCRA; Failure to Establish Streamlined Process for Free Annual File Disclosures — Sections 612(a)(1)(C) and 612(a)(2) FCRA and Streamlined Process Rule,"Section 5(a) of the Federal Trade Commission Act, 15 U.S.C. § 45(a); Section 13(b) and 16(a) of the FTC Act, 15 U.S.C. §§ 53(b) and 56(a); and Sections 607(d), 609(c), 612(a)(1)(C) and (a)(2), and 621 of the Fair Credit Reporting Act, 15 U.S.C. §§ 1681e, 1681g, and 1681s",,https://www.ftc.gov/legal-library/browse/cases-proceedings/082-3106-united-states-america-v-central-credit-llc,"04.10, United States of America v. Central Credit.json",9,27,,"Central Credit, a consumer reporting agency, failed to provide legally required notices to furnishers, users, and consumers and lacked a compliant process for free annual file disclosures.",FCRA,Financial Practices,Financial Services,Monetary Penalty; Prohibition; Compliance Monitoring; Recordkeeping; Order Administration,"{""FCRA"": 9}"
06.10_dave_buster_s_in_the_matter_of,C-4291,"Dave & Buster's, Inc.",2010-06-15,2010,Obama,Data Security; Privacy / Deceptive Privacy Practices,unfair,Unfair Data Security Practices,"Section 5(a) of the Federal Trade Commission Act, 15 U.S.C. § 45(a)","Jon Leibowitz, Chairman; William E. Kovacic; J. Thomas Rosch; Edith Ramirez; Julie Brill",https://www.ftc.gov/legal-library/browse/cases-proceedings/082-3153-dave-busters-incin-matter,"06.10, Dave & Buster's,In the Matter of.json",7,22,20.0,"Dave & Buster's failed to implement basic network security measures, allowing an intruder to steal customers' payment card information from its restaurant networks.",Section 5 Only,Data Security,Retail,Comprehensive Security Program; Third-Party Assessment; Recordkeeping; Order Administration; Compliance Monitoring,"{""Section 5 Only"": 7}"
09.10_choicepoint,1:06-cv-00198-JTC,ChoicePoint Inc.,2010-09-15,2010,Obama,Data Security; Privacy / Deceptive Privacy Practices; Fair Credit Reporting (FCRA),deceptive,Furnishing Consumer Reports Without Permissible Purpose (FCRA § 604); Failure to Maintain Reasonable Procedures to Limit Furnishing of Consumer Reports (FCRA § 607(a)); Failure to Employ Reasonable Data Security Measures (FTC Act § 5(a)); False or Misleading Privacy and Security Representations (FTC Act § 5(a)),"Section 5(a) of the Federal Trade Commission Act, 15 U.S.C. § 45(a); Section 621(a) of the Fair Credit Reporting Act, 15 U.S.C. § 1681s(a)",,https://www.ftc.gov/legal-library/browse/cases-proceedings/052-3069-choicepoint-inc,"09.10, ChoicePoint.json",4,12,,"ChoicePoint failed to verify the identities of prospective data subscribers, allowing fraudulent actors to access the personal information of approximately 163,000 consumers.",FCRA,Data Security; Privacy,Technology,Third-Party Assessment; Order Administration,"{""FCRA"": 4}"
11.10_echometrix,2:10-cv-05516-DRH,"EchoMetrix, Inc.",2010-11-15,2010,Obama,Other,deceptive,Deceptive Omission — Failure to Disclose Data Sharing with Third-Party Marketers,"Section 5(a) of the Federal Trade Commission Act, 15 U.S.C. § 45(a)",,https://www.ftc.gov/legal-library/browse/cases-proceedings/102-3006-echometrix-inc,"11.10, EchoMetrix.json",8,21,,EchoMetrix sold parental monitoring software while secretly feeding children's online activity data to a third-party market research product sold to advertisers.,Section 5 Only,Privacy; Surveillance,Technology,Prohibition; Data Deletion; Compliance Monitoring; Recordkeeping; Order Administration,"{""Section 5 Only"": 8}"
11.10_rite_aid_corporation,C-4308,Rite Aid Corporation,2010-11-15,2010,Obama,Data Security; Privacy / Deceptive Privacy Practices; Health Data,both,Deceptive Privacy and Security Representations; Unfair Data Security Practices,"Section 5(a) of the Federal Trade Commission Act, 15 U.S.C. § 45(a)","Jon Leibowitz, Chairman; William E. Kovacic; J. Thomas Rosch; Edith Ramirez; Julie Brill",https://www.ftc.gov/legal-library/browse/cases-proceedings/2023190-rite-aid-corporation-ftc-v,"11.10, Rite Aid Corporation.json",18,68,20.0,Rite Aid publicly claimed to protect patient privacy but failed to implement adequate policies for secure disposal of sensitive health and personal information.,Section 5 Only,Data Security; AI / Automated Decision-Making; Surveillance,Healthcare; Retail,Biometric Ban; Data Deletion; Comprehensive Security Program; Prohibition; Recordkeeping; Third-Party Assessment; Compliance Monitoring; Order Administration; Other,"{""Section 5 Only"": 18}"
03.11_twitter,C-4316,"Twitter, Inc.",2011-03-15,2011,Obama,Data Security; Privacy / Deceptive Privacy Practices,deceptive,Misrepresentation of Security Measures to Protect Nonpublic User Information; Misrepresentation of Security Measures to Honor User Privacy Choices,"Federal Trade Commission Act, 15 U.S.C. § 45 et seq.","Jon Leibowitz, Chairman; William E. Kovacic; J. Thomas Rosch; Edith Ramirez; Julie Brill",https://www.ftc.gov/legal-library/browse/cases-proceedings/2023062-twitter-inc-us-v,"03.11, Twitter.json",8,28,20.0,Twitter falsely claimed to protect user information with robust security measures while allowing nearly all employees broad administrative access with easily-compromised credentials for years.,Section 5 Only,Data Security,Social Media,Prohibition; Comprehensive Security Program; Third-Party Assessment; Recordkeeping; Order Administration; Compliance Monitoring,"{""Section 5 Only"": 8}"
03.11_us_search,C-4317,"US Search, Inc.",2011-03-15,2011,Obama,Privacy / Deceptive Privacy Practices,deceptive,False or Misleading PrivacyLock Representation,"Section 5(a) of the Federal Trade Commission Act, 15 U.S.C. § 45(a)","Jon Leibowitz, Chairman; William E. Kovacic; J. Thomas Rosch; Edith Ramirez; Julie Brill",https://www.ftc.gov/legal-library/browse/cases-proceedings/us-search-inc,"03.11, US Search.json",8,16,20.0,"US Search sold a paid 'PrivacyLock' service promising to remove consumers' personal information from its site, while leaving that data accessible through multiple types of searches.",Section 5 Only,Privacy,Technology,Prohibition; Monetary Penalty; Recordkeeping; Order Administration; Compliance Monitoring,"{""Section 5 Only"": 8}"
05.11_playdom,Case No. CV11-0724 (Central District of California),"Playdom, Inc.",2011-05-15,2011,Obama,COPPA / Children's Privacy; Privacy / Deceptive Privacy Practices,both,Violations of the Children's Online Privacy Protection Rule; Misrepresentation in Violation of Section 5 of the FTC Act,"Sections 1303(c) and 1306(d) of the Children's Online Privacy Protection Act of 1998 (COPPA), 15 U.S.C. §§ 6501-6506, 6502(c) and 6505(d), and Sections 5(a)(1), 5(m)(1)(A), 13(b), and 16(a) of the Federal Trade Commission Act (FTC Act), 15 U.S.C. §§ 41-58, 45(a)(1), 45(m)(1)(A), 53(b), and 56(a)",,https://www.ftc.gov/legal-library/browse/cases-proceedings/1023036-playdom-inc,"05.11, Playdom.json",17,35,,"Playdom allowed children under 13 immediate access to its online games and public profiles before obtaining any parental consent, violating COPPA.",COPPA,Privacy,Technology; Social Media,Prohibition; Data Deletion; Consumer Redress; Monetary Penalty; Compliance Monitoring; Recordkeeping; Order Administration,"{""COPPA"": 17}"
06.11_best_priced_brands,CV 09-5276 DDP,"Balls of Kryptonite, LLC",2011-06-15,2011,Obama,Privacy / Deceptive Privacy Practices; Telemarketing / Do-Not-Call,deceptive,False UK Location and Manufacturer Warranty Claims; False Total Delivered Price Representations; False UK Distance Selling Regulations Compliance Claims; Failure to Deliver Products as Promised; False Safe Harbor Self-Certification Claims; Violations of the Mail Order Rule,"Section 5(a) of the Federal Trade Commission Act, 15 U.S.C. § 45(a), and the Commission's Trade Regulation Rule Concerning the Sale of Mail or Telephone Order Merchandise (Mail Order Rule), 16 C.F.R. Part 435",,https://www.ftc.gov/legal-library/browse/cases-proceedings/092-3081-best-priced-brands-llc-et-al,"06.11, Best Priced Brands.json",13,46,,"Best Priced Brands deceived UK consumers by falsely presenting its U.S. businesses as UK-based retailers and misrepresenting prices, warranties, and consumer rights.",Section 5 Only,Other,Retail,Prohibition; Consumer Redress; Monetary Penalty; Compliance Monitoring; Recordkeeping; Order Administration,"{""Section 5 Only"": 13}"
06.11_ceridian_corporation,C-4325,Ceridian Corporation,2011-06-15,2011,Obama,Data Security; Privacy / Deceptive Privacy Practices,both,Deceptive Data Security Representations; Unfair Data Security Practices,"Section 5(a) of the Federal Trade Commission Act, 15 U.S.C. § 45(a)","Jon Leibowitz, Chairman; William E. Kovacic; J. Thomas Rosch; Edith Ramirez; Julie Brill",https://www.ftc.gov/legal-library/browse/cases-proceedings/102-3160-ceridian-corporation-matter,"06.11, Ceridian Corporation.json",8,26,20.0,Ceridian falsely claimed its payroll processing service met high security standards while storing employee data in unencrypted clear text with no SQL injection defenses.,Section 5 Only,Data Security,Technology,Prohibition; Comprehensive Security Program; Third-Party Assessment; Recordkeeping; Order Administration; Compliance Monitoring,"{""Section 5 Only"": 8}"
06.11_chitika,C-4324,"CHITIKA, INC.",2011-06-15,2011,Obama,Privacy / Deceptive Privacy Practices,deceptive,Deceptive Opt-Out Representation,"Section 5(a) of the Federal Trade Commission Act, 15 U.S.C. § 45 et seq.","Jon Leibowitz, Chairman; William E. Kovacic; J. Thomas Rosch; Edith Ramirez; Julie Brill",https://www.ftc.gov/legal-library/browse/cases-proceedings/1023087-chitika-inc-matter,"06.11, Chitika.json",8,19,20.0,"Chitika told consumers that clicking its opt-out button stopped behavioral advertising tracking, but the opt-out cookie expired after only 10 days without any notice.",Section 5 Only,Privacy,Technology,Prohibition; Consumer Notification; Data Deletion; Recordkeeping; Order Administration; Compliance Monitoring,"{""Section 5 Only"": 8}"
06.11_lookout_services,C-4326,"Lookout Services, Inc.",2011-06-15,2011,Obama,Data Security; Privacy / Deceptive Privacy Practices,both,Data Security Misrepresentation (Deceptive Practice); Failure to Provide Reasonable Data Security (Unfair Practice),"Section 5(a) of the Federal Trade Commission Act, 15 U.S.C. § 45(a)","Jon Leibowitz, Chairman; William E. Kovacic; J. Thomas Rosch; Edith Ramirez; Julie Brill",https://www.ftc.gov/legal-library/browse/cases-proceedings/102-3076-lookout-services-inc-matter,"06.11, Lookout Services.json",8,21,20.0,Lookout Services falsely claimed 24/7 network security monitoring for its I-9 compliance product while lacking basic security safeguards like strong passwords and URL authentication controls.,Section 5 Only,Data Security,Technology,Prohibition; Comprehensive Security Program; Third-Party Assessment; Recordkeeping; Order Administration; Compliance Monitoring,"{""Section 5 Only"": 8}"
06.11_teletrack,1 11-CV-2060,"TELETRACK, INC.",2011-06-15,2011,Obama,Privacy / Deceptive Privacy Practices; Fair Credit Reporting (FCRA),both,Furnishing Consumer Reports Without Permissible Purpose (FCRA § 604),"Section 5(a) of the Federal Trade Commission Act, 15 U.S.C. § 45(a); Section 621(a) of the Fair Credit Reporting Act, 15 U.S.C. § 1681s(a); Sections 13(b) and 16(a) of the FTC Act, 15 U.S.C. §§ 53(b) and 56(a)",,https://www.ftc.gov/legal-library/browse/cases-proceedings/102-3075-teletrack-inc,"06.11, Teletrack.json",9,22,,Teletrack sold consumer credit inquiry data to third-party marketers as mailing lists without a permissible purpose under the Fair Credit Reporting Act.,FCRA,Financial Practices,Financial Services,Monetary Penalty; Prohibition; Compliance Monitoring; Recordkeeping; Order Administration,"{""FCRA"": 9}"
08.11_acranet,C-4331,"ACRAnet, Inc.",2011-08-15,2011,Obama,Data Security; Fair Credit Reporting (FCRA); Gramm-Leach-Bliley,unfair,Violations of the Safeguards Rule (GLB Act); Violation of FCRA Section 604 — Furnishing Reports Without Permissible Purpose; Violation of FCRA Section 607(a) — Failure to Maintain Reasonable Procedures; Violation of FCRA Section 607(a) — Furnishing Reports With Grounds to Believe Impermissible Use; Unfair and Deceptive Acts via FCRA Violations — FTC Act Section 5(a); Unfair Acts or Practices — Failure to Employ Reasonable Security Measures (FTC Act Section 5(a)),"Section 5 of the Federal Trade Commission Act (15 U.S.C. § 45(a)); Fair Credit Reporting Act (15 U.S.C. § 1681 et seq.); and the Standards for Safeguarding Customer Information Rule (16 C.F.R. Part 314), issued pursuant to Title V, Subtitle A of the Gramm-Leach-Bliley Act (15 U.S.C. §§ 6801-6809)","Jon Leibowitz, Chairman; William E. Kovacic; J. Thomas Rosch; Edith Ramirez; Julie Brill",https://www.ftc.gov/legal-library/browse/cases-proceedings/092-3088-acranet-inc-matter,"08.11, ACRAnet.json",9,24,20.0,"ACRAnet, a credit reporting agency, failed to implement basic security safeguards for its clients, allowing hackers to access sensitive consumer credit reports through clients' unprotected networks.",FCRA; GLBA,Data Security; Financial Practices,Financial Services,Comprehensive Security Program; Prohibition; Third-Party Assessment; Recordkeeping; Order Administration; Compliance Monitoring,"{""FCRA"": 8, ""GLBA"": 8}"
08.11_fajilan_and_associates_also_dba_statewide_credit_services,C-4332,"Fajilan and Associates, Inc.",2011-08-15,2011,Obama,Data Security; Fair Credit Reporting (FCRA); Gramm-Leach-Bliley,both,Violations of the Safeguards Rule (GLB Act); Furnishing Consumer Reports Without Permissible Purpose (FCRA § 604); Failure to Maintain Reasonable Procedures to Limit Furnishing (FCRA § 607(a)); Furnishing Reports With Reasonable Grounds to Believe No Permissible Purpose (FCRA § 607(a)); Unfair and Deceptive Acts via FCRA Violations (FTC Act § 5(a)); Unfair Security Practices (FTC Act § 5(a)),"Section 5(a) of the Federal Trade Commission Act, 15 U.S.C. § 45(a); the Fair Credit Reporting Act, 15 U.S.C. § 1681 et seq.; and the Standards for Safeguarding Customer Information Rule, 16 C.F.R. Part 314, issued pursuant to Title V, Subtitle A of the Gramm-Leach-Bliley Act, 15 U.S.C. §§ 6801-6809","Jon Leibowitz, Chairman; William E. Kovacic; J. Thomas Rosch; Edith Ramirez; Julie Brill",https://www.ftc.gov/legal-library/browse/cases-proceedings/092-3089-fajilan-associates-inc-also-dba-statewide-credit-services-matter,"08.11, Fajilan and Associates, also dba Statewide Credit Services.json",10,30,20.0,"Statewide Credit Services sold sensitive credit reports to clients without verifying their security posture, enabling repeated hacker breaches of client networks.",FCRA; GLBA,Data Security; Financial Practices,Financial Services,Comprehensive Security Program; Prohibition; Third-Party Assessment; Recordkeeping; Order Administration; Compliance Monitoring,"{""FCRA"": 9, ""GLBA"": 9}"
08.11_settlementone_credit_corporation,C-4330,SettlementOne Credit Corporation,2011-08-15,2011,Obama,Data Security; Fair Credit Reporting (FCRA); Gramm-Leach-Bliley,both,Violation of the Safeguards Rule (GLB Act); Violation of FCRA Section 604 — Furnishing Reports Without Permissible Purpose; Violation of FCRA Section 607(a) — Failure to Maintain Reasonable Procedures; Violation of FCRA Section 607(a) — Furnishing Reports with Reasonable Grounds to Believe No Permissible Purpose; Unfair and Deceptive Acts or Practices — FCRA Violations as FTC Act Violations; Unfair Acts or Practices — Failure to Employ Reasonable Security Measures (FTC Act Section 5),"Section 5 of the Federal Trade Commission Act, 15 U.S.C. § 45(a); the Fair Credit Reporting Act, 15 U.S.C. § 1681 et seq.; and the Standards for Safeguarding Customer Information Rule, 16 C.F.R. Part 314, issued pursuant to Title V, Subtitle A of the Gramm-Leach-Bliley Act, 15 U.S.C. §§ 6801-6809","Jon Leibowitz, Chairman; William E. Kovacic; J. Thomas Rosch; Edith Ramirez; Julie Brill",https://www.ftc.gov/legal-library/browse/cases-proceedings/082-3208-settlementone-credit-corporation,"08.11, SettlementOne Credit Corporation.json",9,27,20.0,"SettlementOne Credit allowed client mortgage brokers without verified security to access sensitive consumer credit reports, enabling hackers to breach multiple client networks.",FCRA; GLBA,Data Security; Financial Practices,Financial Services,Comprehensive Security Program; Prohibition; Third-Party Assessment; Recordkeeping; Order Administration; Compliance Monitoring,"{""FCRA"": 8, ""GLBA"": 8}"
09.11_w3_innovations_dba_broken_thumb_apps_and_justin_maples_u.s.,C-11-03958,"W3 Innovations, LLC",2011-09-15,2011,Obama,COPPA / Children's Privacy; Privacy / Deceptive Privacy Practices,both,Violations of the Children's Online Privacy Protection Rule,"Sections 1303(c) and 1306(d) of the Children's Online Privacy Protection Act of 1998 (COPPA), 15 U.S.C. §§ 6501-6506, 6502(c) and 6505(d), and Sections 5(a)(1), 5(m)(1)(A), 13(b), and 16(a) of the Federal Trade Commission Act",,https://www.ftc.gov/legal-library/browse/cases-proceedings/102-3251-w3-innovations-llc-dba-broken-thumb-apps-justin-maples-us,"09.11, W3 Innovations dba Broken Thumb Apps and Justin Maples, U.S..json",10,29,,"Broken Thumbs Apps collected over 30,000 email addresses from children through child-directed mobile apps without any privacy notice or parental consent.",COPPA,Privacy,Technology,Prohibition; Data Deletion; Monetary Penalty; Compliance Monitoring; Recordkeeping; Order Administration,"{""COPPA"": 10}"
10.11_frostwire_llc_and_angel_leon,11-23643-CV-GRAHAM,Frostwire LLC,2011-10-15,2011,Obama,Other,deceptive,False Representation About the Sharing of Downloads in FrostWire Desktop; Failure to Disclose Material Information About the Sharing of Downloads in FrostWire Desktop; Unfair Design of FrostWire for Android,"Section 5(a) of the Federal Trade Commission Act, 15 U.S.C. § 45(a)",,https://www.ftc.gov/legal-library/browse/cases-proceedings/112-3041-frostwire-llc-angel-leon,"10.11, Frostwire LLC and Angel Leon.json",10,40,,FrostWire's file-sharing apps deceived users about which files were being publicly shared on peer-to-peer networks.,Section 5 Only,Privacy; Deceptive Design / Dark Patterns,Technology,Prohibition; Compliance Monitoring; Recordkeeping; Order Administration,"{""Section 5 Only"": 10}"
10.11_google,C-4336,Google Inc.,2011-10-15,2011,Obama,Privacy / Deceptive Privacy Practices,deceptive,False Representation: Gmail Data Used Only for Email Service; False Representation: Consent Before Repurposing User Data; False Representation: Opting Out of Buzz; Deceptive Omission: Lack of Adequate Disclosure of Default Public Sharing; False Representation: Adherence to U.S.-EU Safe Harbor Framework,Federal Trade Commission Act,"Jon Leibowitz, Chairman; J. Thomas Rosch; Edith Ramirez; Julie Brill",https://www.ftc.gov/legal-library/browse/cases-proceedings/google-inc,"10.11, Google.json",9,25,20.0,"Google auto-enrolled Gmail users into its Buzz social network using their contacts, breaking promises that Gmail data would only be used for email.",Section 5 Only,Privacy,Technology,Prohibition; Comprehensive Security Program; Third-Party Assessment; Recordkeeping; Order Administration; Compliance Monitoring,"{""Section 5 Only"": 9}"
11.11_godwin_jones_o._dba_skidekids.com,Civil Action No. 1:11-cv-03846-JOF,Jones O. Godwin,2011-11-15,2011,Obama,COPPA / Children's Privacy; Privacy / Deceptive Privacy Practices,both,Violations of the Children's Online Privacy Protection Rule (COPPA Rule); Violations of the FTC Act — Deceptive Misrepresentation,"Sections 1303(c) and 1306(d) of the Children's Online Privacy Protection Act of 1998 (COPPA), 15 U.S.C. §§ 6501-6506, 6502(c) and 6505(d), and Sections 5(a)(1), 5(m)(1)(A), 13(b), and 16(a) of the Federal Trade Commission Act (FTC Act), 15 U.S.C. §§ 41-58, 45(a)(1), 45(m)(1)(A), 53(b), and 56(a)",,https://www.ftc.gov/legal-library/browse/cases-proceedings/1123033-godwin-jones-o-dba-skidekidscom,"11.11, Godwin, Jones O., dba skidekids.com.json",15,37,,"Skid-e-kids' operator claimed to collect parental email addresses and notify parents before activating children's accounts, but never actually did so.",COPPA,Privacy,Social Media,Prohibition; Data Deletion; Consumer Redress; Monetary Penalty; Order Administration; Third-Party Assessment; Recordkeeping; Compliance Monitoring,"{""COPPA"": 15}"
12.11_scanscout,C-4344,"ScanScout, Inc.",2011-12-15,2011,Obama,Privacy / Deceptive Privacy Practices,deceptive,False Opt-Out Representation Regarding Cookie Data Collection,"Section 5(a) of the Federal Trade Commission Act, 15 U.S.C. § 45(a)","Jon Leibowitz, Chairman; J. Thomas Rosch; Edith Ramirez; Julie Brill",https://www.ftc.gov/legal-library/browse/cases-proceedings/102-3185-scanscout-inc-matter,"12.11, ScanScout.json",7,17,20.0,"ScanScout falsely told consumers they could opt out of tracking cookies by changing browser settings, when its Flash cookies were immune to browser-level controls.",Section 5 Only,Privacy,Technology,Prohibition; Recordkeeping; Order Administration; Compliance Monitoring,"{""Section 5 Only"": 7}"
01.12_asset_acceptance,8:12-cv-00182-JDW-EAJ,"Asset Acceptance, LLC",2012-01-15,2012,Obama,Fair Credit Reporting (FCRA),both,"Lack of Reasonable Basis – False Representations of Debt Validity; Failure to Disclose Statute of Limitations Status; Furnishing Inaccurate Information to Consumer Reporting Agencies – FCRA § 623(a)(1)(A); Failure to Provide Required Negative Information Notice – FCRA § 623(a)(7); Failure to Conduct Reasonable Investigation of ACDV Disputes – FCRA § 623(b)(1); Repeated Communications with Third Parties for Location Information – FDCPA § 804(3); Unauthorized Third-Party Communications About Debts – FDCPA § 805(b); False, Deceptive, or Misleading Representations in Debt Collection – FDCPA § 807; Failure to Obtain Debt Verification Before Resuming Collection – FDCPA § 809(b)","Section 5(a) of the Federal Trade Commission Act, 15 U.S.C. § 45(a); Section 5(m)(1)(A) of the FTC Act, 15 U.S.C. § 45(m)(1)(A); the Fair Credit Reporting Act (FCRA), 15 U.S.C. §§ 1681-1681x; and the Fair Debt Collection Practices Act (FDCPA), 15 U.S.C. §§ 1692-1692p",,https://www.ftc.gov/legal-library/browse/cases-proceedings/052-3133-asset-acceptance-llc,"01.12, Asset Acceptance.json",2,2,,"Asset Acceptance pursued consumers for debts without adequate verification, failed to disclose statute-of-limitations issues, and furnished inaccurate information to credit bureaus.",FCRA,Financial Practices,Financial Services,Order Administration,"{""FCRA"": 2}"
03.12_rockyou,CV '12 1487,"RockYou, Inc.",2012-03-15,2012,Obama,COPPA / Children's Privacy; Data Security; Privacy / Deceptive Privacy Practices,both,Data Security Misrepresentation; COPPA Rule Violations; Misrepresentation About Children's Information Collection,"Sections 5(a)(1), 5(m)(1)(A), 13(b), and 16(a) of the Federal Trade Commission Act, 15 U.S.C. §§ 45(a)(1), 45(m)(1)(A), 53(b), and 56(a); Sections 1303(c) and 1306(d) of the Children's Online Privacy Protection Act of 1998 (COPPA), 15 U.S.C. §§ 6501-6506, 6502(c) and 6505(d)",,https://www.ftc.gov/legal-library/browse/cases-proceedings/1023120-rockyou-inc,"03.12, RockYou.json",12,36,20.0,"RockYou failed to secure 32 million email addresses and passwords, and knowingly collected personal data from approximately 179,000 children without parental consent in violation of COPPA.",COPPA,Privacy; Data Security,Technology; Social Media,Prohibition; Data Deletion; Consumer Redress; Monetary Penalty; Comprehensive Security Program; Third-Party Assessment; Order Administration; Compliance Monitoring; Recordkeeping,"{""COPPA"": 12}"
06.12_spokeo,C-12-cv-05001-MMM-SH (Case No. 2:12-cv-05001-MMM-SH),"Spokeo, Inc.",2012-06-15,2012,Obama,Fair Credit Reporting (FCRA),both,Failure to Maintain Reasonable Procedures for Permissible Purposes; Failure to Follow Reasonable Procedures to Assure Maximum Possible Accuracy; Failure to Provide User Notices; Furnishing Consumer Reports Without Permissible Purpose; Fake Endorsements,"Section 5(a) of the Federal Trade Commission Act, 15 U.S.C. § 45(a); Section 621(a) of the Fair Credit Reporting Act, 15 U.S.C. § 1681s(a)",,https://www.ftc.gov/legal-library/browse/cases-proceedings/1023163-spokeo-inc,"06.12, Spokeo.json",8,28,20.0,Spokeo marketed detailed consumer profiles for employment decisions while operating as an unregistered consumer reporting agency without any FCRA compliance procedures.,FCRA,Financial Practices,Technology,Monetary Penalty; Prohibition; Order Administration; Compliance Monitoring; Recordkeeping,"{""FCRA"": 8}"
08.12_hireright_solutions,12-1313,"HireRight Solutions, Inc.",2012-08-15,2012,Obama,Fair Credit Reporting (FCRA),both,Failure to Ensure Maximum Possible Accuracy; Failure to Disclose Consumer File Information; Failure to Conduct Proper Reinvestigations; Failure to Provide Written Notice of Reinvestigation Results; Failure to Comply with Public Record Information Requirements,"Section 5(a) of the Federal Trade Commission Act, 15 U.S.C. § 45(a); Section 13(b) of the Federal Trade Commission Act, 15 U.S.C. § 53(b); Section 16(a) of the Federal Trade Commission Act, 15 U.S.C. § 56(a); Section 621(a) of the Fair Credit Reporting Act, 15 U.S.C. § 1681s(a)",,https://www.ftc.gov/legal-library/browse/cases-proceedings/102-313-hireright-solutions-inc,"08.12, HireRight Solutions.json",8,33,,"HireRight systematically failed to ensure accuracy of background screening reports, denied consumers access to their own files, and refused to properly reinvestigate disputes.",FCRA,Financial Practices,Financial Services,Monetary Penalty; Prohibition; Order Administration; Compliance Monitoring; Recordkeeping,"{""FCRA"": 8}"
09.12_myspace,C-4369,MYSPACE LLC,2012-09-15,2012,Obama,Privacy / Deceptive Privacy Practices,deceptive,Unauthorized Sharing of PII; False Claims About Ad Customization Privacy; False Anonymization Claims; Safe Harbor Compliance Misrepresentation,"Section 5 of the Federal Trade Commission Act, 15 U.S.C. § 45 et seq.","Jon Leibowitz, Chairman; J. Thomas Rosch; Edith Ramirez; Julie Brill; Maureen K. Ohlhausen",https://www.ftc.gov/legal-library/browse/cases-proceedings/102-3058-myspace-llc-matter,"09.12, Myspace.json",8,27,20.0,"Myspace transmitted users' personal identifiers to third-party advertisers without disclosure, enabling advertisers to link users' real identities to their browsing behavior.",Section 5 Only,Privacy,Social Media; Technology,Prohibition; Comprehensive Security Program; Third-Party Assessment; Recordkeeping; Order Administration; Compliance Monitoring,"{""Section 5 Only"": 8}"
10.12_artist_arena_llc_united_states_of_america,12 Civ. 07386,Artist Arena LLC,2012-10-15,2012,Obama,COPPA / Children's Privacy; Privacy / Deceptive Privacy Practices,deceptive,COPPA Rule Violations; Deceptive Representations About Parental Consent,"Sections 1303(c) and 1306(d) of the Children's Online Privacy Protection Act of 1998, 15 U.S.C. §§ 6501-6506, 6502(c) and 6505(d), and Sections 5(a)(1), 5(m)(1)(A), 13(b), and 16(a) of the Federal Trade Commission Act, 15 U.S.C. §§ 41-58, 45(a)(1), 45(m)(1)(A), 53(b), and 56(a)",,https://www.ftc.gov/legal-library/browse/cases-proceedings/112-3167-artist-arena-llc-united-states-america-federal-trade-commission,"10.12, Artist Arena LLC, United States of America.json",9,23,,"Artist Arena collected personal data from over 101,000 children under 13 for celebrity fan clubs without proper parental notice or consent.",COPPA,Privacy,Technology,Prohibition; Data Deletion; Consumer Redress; Monetary Penalty; Order Administration; Compliance Monitoring; Recordkeeping,"{""COPPA"": 9}"
10.12_direct_lending_source,3:12-cv-02441-DMS-BLM,"Direct Lending Source, Inc.",2012-10-15,2012,Obama,Fair Credit Reporting (FCRA),both,Obtaining Consumer Reports Without Permissible Purpose; Failure to Identify End-User of Consumer Reports; Failure to Establish Reasonable Procedures for Resale; Failure to Maintain Required Criteria Documentation; Unfair Practices - Failure to Control Access to Sensitive Consumer Information,"Section 5(a), Section 5(n), Section 13(b), and Section 16(a) of the Federal Trade Commission Act, 15 U.S.C. §§ 45(a), 45(n), 53(b), and 56(a); and sections 604(f), 607(e)(1), 607(e)(2), 615(d)(3), and 621 of the Fair Credit Reporting Act, 15 U.S.C. §§ 1681b(f), 1681e(e)(1), 1681e(e)(2), 1681m(d)(3), and 1681s",,https://www.ftc.gov/legal-library/browse/cases-proceedings/102-3000-direct-lending-source-inc-et-al,"10.12, Direct Lending Source.json",8,44,20.0,Direct Lending Source purchased and resold prescreened consumer credit lists to entities running fraudulent loan modification schemes without verifying permissible use.,FCRA,Financial Practices,Financial Services,Monetary Penalty; Prohibition; Order Administration; Compliance Monitoring; Recordkeeping,"{""FCRA"": 8}"
10.12_epn_also_dba_checknet,C-4370,"EPN, Inc., also d/b/a Checknet, Inc.",2012-10-15,2012,Obama,Data Security; Privacy / Deceptive Privacy Practices,unfair,Unfair Data Security Practices,"Section 5(a) of the Federal Trade Commission Act, 15 U.S.C. § 45","Jon Leibowitz, Chairman; J. Thomas Rosch; Edith Ramirez; Julie Brill; Maureen K. Ohlhausen",https://www.ftc.gov/legal-library/browse/cases-proceedings/112-3143-epn-inc-also-dba-checknet-inc-matter,"10.12, EPN, also dba Checknet.json",8,27,20.0,"EPN, a debt collector, failed to implement reasonable data security, allowing a peer-to-peer app to expose sensitive consumer information on a public network.",Section 5 Only,Data Security,Financial Services,Prohibition; Comprehensive Security Program; Third-Party Assessment; Recordkeeping; Order Administration; Compliance Monitoring,"{""Section 5 Only"": 8}"
10.12_franklin_s_budget_car_sales_also_dba_franklin_toyotascion,C-4371,"Franklin's Budget Car Sales, Inc., also dba Franklin Toyota/Scion",2012-10-15,2012,Obama,Data Security; Privacy / Deceptive Privacy Practices; Gramm-Leach-Bliley,both,Deceptive Security Claims (FTC Act Violation); Safeguards Rule Violations; Privacy Rule Violations,"Section 5(a) of the Federal Trade Commission Act, 15 U.S.C. § 45(a); Standards for Safeguarding Customer Information Rule, 16 C.F.R. Part 314; Privacy of Customer Financial Information Rule, 16 C.F.R. Part 313","Jon Leibowitz, Chairman; J. Thomas Rosch; Edith Ramirez; Julie Brill; Maureen K. Ohlhausen",https://www.ftc.gov/legal-library/browse/cases-proceedings/102-3094-franklins-budget-car-sales-inc-also-dba-franklin-toyotascion-matter,"10.12, Franklin's Budget Car Sales, also dba Franklin ToyotaScion.json",9,24,20.0,"Franklin Toyota claimed to maintain legally compliant security safeguards while allowing a P2P app to expose nearly 95,000 customers' sensitive personal information.",GLBA,Data Security,Retail,Prohibition; Comprehensive Security Program; Third-Party Assessment; Recordkeeping; Order Administration; Compliance Monitoring,"{""GLBA"": 9}"
11.12_pls_financial_services,1:12-cv-08334,"PLS Financial Services, Inc.",2012-11-15,2012,Obama,Data Security; Privacy / Deceptive Privacy Practices; Fair Credit Reporting (FCRA); Gramm-Leach-Bliley,both,Disposal Rule Violation; Safeguards Rule Violation; Deceptive Security Claims; Privacy Rule Violation,"Sections 5(a), 13(b), and 16(a) of the Federal Trade Commission Act, 15 U.S.C. §§ 45(a), 53(b), and 56(a); Section 621(a) of the Fair Credit Reporting Act, 15 U.S.C. § 1681s(a); Disposal Rule, 16 C.F.R. Part 682; Safeguards Rule, 16 C.F.R. Part 314; Privacy Rule, 16 C.F.R. Part 313",,https://www.ftc.gov/legal-library/browse/cases-proceedings/1023172-pls-financial-services-inc-et-al,"11.12, PLS Financial Services.json",14,36,20.0,PLS Financial Services represented it maintained legally compliant security safeguards but discarded consumer documents containing sensitive personal information in unsecured dumpsters.,FCRA; GLBA,Data Security; Financial Practices,Financial Services,Monetary Penalty; Prohibition; Comprehensive Security Program; Third-Party Assessment; Order Administration; Compliance Monitoring; Recordkeeping,"{""FCRA"": 12, ""GLBA"": 12}"
02.13_compete,C-4384,"Compete, Inc.",2013-02-15,2013,Obama,Data Security; Privacy / Deceptive Privacy Practices,deceptive,Failure to Disclose Extent of Data Collection; False Claims About Data Filtering; False Security Claims; Unfair Data Security Practices,"Section 5 of the Federal Trade Commission Act, 15 U.S.C. § 45 et seq.","Jon Leibowitz, Chairman; Edith Ramirez; Julie Brill; Maureen K. Ohlhausen; Joshua D. Wright",https://www.ftc.gov/legal-library/browse/cases-proceedings/102-3155-compete-inc,"02.13, Compete.json",12,34,20.0,Compete collected consumers' sensitive financial and personal information through tracking software while falsely claiming it only anonymously collected browsing data.,Section 5 Only,Privacy; Data Security,Technology,Prohibition; Consumer Notification; Order Administration; Comprehensive Security Program; Third-Party Assessment; Data Deletion; Recordkeeping; Compliance Monitoring,"{""Section 5 Only"": 12}"
02.13_path,C-3:13-cv-00448-RS,"Path, Inc.",2013-02-15,2013,Obama,COPPA / Children's Privacy; Privacy / Deceptive Privacy Practices,deceptive,Deceptive User Interface Representation; Deceptive Privacy Policy Statement; COPPA Rule Violations,"Sections 5(a)(1), 5(m)(1)(A), 13(b), and 16(a) of the Federal Trade Commission Act, 15 U.S.C. §§ 45(a)(1), 45(m)(1)(A), 53(b), and 56(a); Sections 1303(c) and 1306(d) of the Children's Online Privacy Protection Act of 1998, 15 U.S.C. §§ 6501-6506, 6502(c), and 6505(d)",,https://www.ftc.gov/legal-library/browse/cases-proceedings/122-3158-path-inc,"02.13, Path.json",10,36,20.0,Path's mobile app silently collected users' entire phone contact lists without consent and knowingly gathered personal data from thousands of children without parental approval.,COPPA,Privacy,Social Media; Technology,Prohibition; Data Deletion; Monetary Penalty; Third-Party Assessment; Order Administration; Compliance Monitoring; Recordkeeping,"{""COPPA"": 10}"
03.13_epic_marketplace,C-4389,"Epic Marketplace, Inc.",2013-03-15,2013,Obama,Privacy / Deceptive Privacy Practices,deceptive,Misrepresentation of Data Collection Scope; Failure to Disclose History Sniffing,"Section 5(a) of the Federal Trade Commission Act, 15 U.S.C. § 45","Edith Ramirez, Chairman; Julie Brill; Maureen K. Ohlhausen; Joshua D. Wright",https://www.ftc.gov/legal-library/browse/cases-proceedings/112-3182-epic-marketplace-inc,"03.13, Epic Marketplace.json",8,16,20.0,Epic Marketplace secretly exploited browser history to track consumers' visits to sensitive websites — including medical and financial pages — without disclosing this practice in its privacy policy.,Section 5 Only,Privacy; Surveillance,Technology,Prohibition; Data Deletion; Recordkeeping; Order Administration; Compliance Monitoring,"{""Section 5 Only"": 8}"
03.13_equifax_information_services_ll,C-4387,Equifax Information Services LLC,2013-03-15,2013,Obama,Data Security; Fair Credit Reporting (FCRA),both,Furnishing Consumer Reports Without Permissible Purpose; Failure to Maintain Reasonable Procedures; Unfair Data Security Practices,"Section 5(a) of the Federal Trade Commission Act, 15 U.S.C. § 45(a); Fair Credit Reporting Act, 15 U.S.C. §§ 1681 et seq.","Edith Ramirez, Chairman; Jon Leibowitz; Julie Brill; Maureen K. Ohlhausen; Joshua D. Wright",https://www.ftc.gov/legal-library/browse/cases-proceedings/172-3203-equifax-inc,"03.13, Equifax Information Services LL.json",7,19,20.0,"Equifax sold prescreened consumer credit lists to a company that resold them to third parties for general marketing, without maintaining adequate procedures to ensure permissible use.",FCRA,Financial Practices,Financial Services,Prohibition; Monetary Penalty; Recordkeeping; Order Administration; Compliance Monitoring,"{""FCRA"": 7}"
04.13_aspen_way_enterprises,C-4392,"Aspen Way Enterprises, Inc.",2013-04-15,2013,Obama,Privacy / Deceptive Privacy Practices; Health Data,both,Unfair Gathering of Consumers' Personal Information; Unfair Collection Practices; Deceptive Gathering of Consumers' Personal Information,"Section 5 of the Federal Trade Commission Act, 15 U.S.C. § 45(a)","Edith Ramirez, Chairwoman; Julie Brill; Maureen K. Ohlhausen; Joshua D. Wright",https://www.ftc.gov/legal-library/browse/cases-proceedings/112-3151-aspen-way-enterprises-inc-matter,"04.13, Aspen Way Enterprises.json",10,24,20.0,"Aspen Way Enterprises installed hidden monitoring software on rented computers to secretly capture consumers' sensitive personal information, including via webcam.",Section 5 Only,Surveillance,Retail,Prohibition; Data Deletion; Order Administration; Compliance Monitoring; Recordkeeping,"{""Section 5 Only"": 10}"
04.13_b._stamper_enterprises,C-4393,"B. Stamper Enterprises, Inc.",2013-04-15,2013,Obama,Privacy / Deceptive Privacy Practices; Health Data,both,Unfair Gathering of Consumers' Personal Information; Unfair Collection Practices; Deceptive Gathering of Consumers' Personal Information,"Section 5 of the Federal Trade Commission Act, 15 U.S.C. § 45(a)","Edith Ramirez, Chairwoman; Julie Brill; Maureen K. Ohlhausen; Joshua D. Wright",https://www.ftc.gov/legal-library/browse/cases-proceedings/112-3151-b-stamper-enterprises-inc-matter,"04.13, B. Stamper Enterprises.json",10,24,20.0,"B. Stamper Enterprises secretly monitored rented computer users via hidden software to capture passwords, medical records, and personal images.",Section 5 Only,Surveillance,Retail,Prohibition; Data Deletion; Order Administration; Compliance Monitoring; Recordkeeping,"{""Section 5 Only"": 10}"
04.13_c.a.l.m._ventures,C-4394,"C.A.L.M. Ventures, Inc.",2013-04-15,2013,Obama,Privacy / Deceptive Privacy Practices,both,Unfair Gathering of Consumers' Personal Information; Unfair Collection Practices; Deceptive Gathering of Consumers' Personal Information,"Section 5 of the Federal Trade Commission Act, 15 U.S.C. § 45(a)","Edith Ramirez, Chairwoman; Julie Brill; Maureen K. Ohlhausen; Joshua D. Wright",https://www.ftc.gov/legal-library/browse/cases-proceedings/112-3151-calm-ventures-inc-matter,"04.13, C.A.L.M. Ventures.json",10,24,20.0,"C.A.L.M. Ventures used hidden monitoring software on rented computers to secretly spy on consumers in their homes, including activating webcams without consent.",Section 5 Only,Surveillance,Retail,Prohibition; Data Deletion; Order Administration; Compliance Monitoring; Recordkeeping,"{""Section 5 Only"": 10}"
04.13_designerware,C-4390,"DesignerWare, LLC",2013-04-15,2013,Obama,Privacy / Deceptive Privacy Practices; Health Data,deceptive,Unfair Gathering and Disclosure of Consumers' Personal Information; Means and Instrumentalities to Engage in Unfairness; Deceptive Gathering and Disclosure of Consumers' Personal Information,"Federal Trade Commission Act, 15 U.S.C § 45 et seq.","Edith Ramirez, Chairwoman; Julie Brill; Maureen K. Ohlhausen; Joshua D. Wright",https://www.ftc.gov/legal-library/browse/cases-proceedings/112-3151-designerware-llc-matter,"04.13, DesignerWare.json",9,27,20.0,"DesignerWare developed and licensed stalkerware that secretly activated webcams, logged keystrokes, and tracked consumers' locations on rented computers.",Section 5 Only,Surveillance,Technology,Prohibition; Data Deletion; Order Administration; Compliance Monitoring; Recordkeeping,"{""Section 5 Only"": 9}"
04.13_j.a.g._rents_also_dba_colortyme,C-4395,"J.A.G. Rents, LLC",2013-04-15,2013,Obama,Privacy / Deceptive Privacy Practices; Health Data,both,Unfair Gathering of Consumers' Personal Information; Unfair Collection Practices; Deceptive Gathering of Consumers' Personal Information,"Section 5 of the Federal Trade Commission Act, 15 U.S.C. § 45(a)","Edith Ramirez, Chairwoman; Julie Brill; Maureen K. Ohlhausen; Joshua D. Wright",https://www.ftc.gov/legal-library/browse/cases-proceedings/112-3151-jag-rents-llc-also-dba-colortyme-matter,"04.13, J.A.G. Rents, also dba ColorTyme.json",10,23,20.0,"J.A.G. Rents secretly monitored rented computer users through hidden software, capturing sensitive personal information and tricking consumers with fake registration pop-ups.",Section 5 Only,Surveillance,Retail,Prohibition; Data Deletion; Order Administration; Compliance Monitoring; Recordkeeping,"{""Section 5 Only"": 10}"
04.13_red_zone_investment_group,C-4396,"Red Zone Investment Group, Inc.",2013-04-15,2013,Obama,Privacy / Deceptive Privacy Practices,both,Unfair Gathering of Consumers' Personal Information; Unfair Collection Practices; Deceptive Gathering of Consumers' Personal Information,"Section 5 of the Federal Trade Commission Act, 15 U.S.C. § 45(a)","Edith Ramirez, Chairwoman; Julie Brill; Maureen K. Ohlhausen; Joshua D. Wright",https://www.ftc.gov/legal-library/browse/cases-proceedings/112-3151-red-zone-investment-group-inc-matter,"04.13, Red Zone Investment Group.json",10,24,20.0,Red Zone Investment Group installed covert monitoring software on rented computers to secretly surveil users and collect personal information without their knowledge.,Section 5 Only,Surveillance,Retail,Prohibition; Data Deletion; Order Administration; Compliance Monitoring; Recordkeeping,"{""Section 5 Only"": 10}"
04.13_showplace,C-4397,"Showplace, Inc.",2013-04-15,2013,Obama,Privacy / Deceptive Privacy Practices; Health Data,both,Unfair Gathering of Consumers' Personal Information; Unfair Collection Practices; Deceptive Gathering of Consumers' Personal Information,"Section 5 of the Federal Trade Commission Act, 15 U.S.C. § 45(a)","Edith Ramirez, Chairwoman; Julie Brill; Maureen K. Ohlhausen; Joshua D. Wright",https://www.ftc.gov/legal-library/browse/cases-proceedings/112-3151-showplace-inc-matter,"04.13, Showplace.json",10,24,20.0,"Showplace secretly installed monitoring software on rented computers to capture consumers' webcam images, keystrokes, and personal data without their knowledge.",Section 5 Only,Surveillance,Retail,Prohibition; Data Deletion; Order Administration; Compliance Monitoring; Recordkeeping,"{""Section 5 Only"": 10}"
04.13_watershed_development,C-4398,Watershed Development Corp.,2013-04-15,2013,Obama,Privacy / Deceptive Privacy Practices,both,Unfair Gathering of Consumers' Personal Information; Unfair Collection Practices; Deceptive Gathering of Consumers' Personal Information,"Section 5 of the Federal Trade Commission Act, 15 U.S.C. § 45(a)","Edith Ramirez, Chairwoman; Julie Brill; Maureen K. Ohlhausen; Joshua D. Wright",https://www.ftc.gov/legal-library/browse/cases-proceedings/112-3151-watershed-development-corp-matter,"04.13, Watershed Development.json",10,24,20.0,"Watershed Development secretly monitored rented computer users through hidden keylogging, screenshot, and webcam software without their knowledge or consent.",Section 5 Only,Surveillance,Retail,Prohibition; Data Deletion; Order Administration; Compliance Monitoring; Recordkeeping,"{""Section 5 Only"": 10}"
05.13_cbr_systems,C-4400,"CBR Systems, Inc.",2013-05-15,2013,Obama,Data Security; Privacy / Deceptive Privacy Practices; Health Data,deceptive,Deceptive Data Security Practices,"Section 5(a) of the Federal Trade Commission Act, 15 U.S.C. § 45(a)","Edith Ramirez, Chairwoman; Julie Brill; Maureen K. Ohlhausen; Joshua D. Wright",https://www.ftc.gov/legal-library/browse/cases-proceedings/112-3120-cbr-systems-inc-matter,"05.13, CBR Systems.json",8,22,20.0,CBR Systems falsely claimed to handle consumers' sensitive health and financial data securely while failing to implement basic data protection measures.,Section 5 Only,Data Security,Healthcare,Prohibition; Comprehensive Security Program; Third-Party Assessment; Recordkeeping; Order Administration; Compliance Monitoring,"{""Section 5 Only"": 8}"
05.13_filiquarian_publishing_choice_level_and_joshua_linsk,C-4401,"Filiquarian Publishing, LLC",2013-05-15,2013,Obama,Fair Credit Reporting (FCRA),both,Failure to Maintain Permissible Purpose Procedures (Section 604(a)); Failure to Limit Furnishing to Permissible Purposes (Section 607(a)); Failure to Ensure Maximum Possible Accuracy (Section 607(b)); Failure to Provide Required Notices (Section 607(d)); Unfair and Deceptive Acts or Practices (Section 5(a) FTC Act),"Section 5 of the Federal Trade Commission Act, 15 U.S.C. § 45(a), and the Fair Credit Reporting Act, 15 U.S.C. § 1681 et seq.","Edith Ramirez, Chairwoman; Julie Brill; Maureen K. Ohlhausen; Joshua D. Wright",https://www.ftc.gov/legal-library/browse/cases-proceedings/112-3195-filiquarian-publishing-llc-choice-level-llc-joshua-linsk-matter,"05.13, Filiquarian Publishing; Choice Level; and Joshua Linsk.json",6,16,20.0,Filiquarian marketed mobile apps for employment background checks while operating as a consumer reporting agency without implementing any required FCRA procedures.,FCRA,Financial Practices,Technology,Prohibition; Recordkeeping; Order Administration; Compliance Monitoring,"{""FCRA"": 6}"
07.13_htc_america,C-4406,"HTC America, Inc.",2013-07-15,2013,Obama,Data Security; Privacy / Deceptive Privacy Practices; Location / Geolocation Data,both,Unfair Security Practices; Deceptive Android User Manuals; Deceptive Tell HTC User Interface,"Federal Trade Commission Act, 15 U.S.C. § 45 et seq.","Edith Ramirez, Chairwoman; Julie Brill; Maureen K. Ohlhausen; Joshua D. Wright",https://www.ftc.gov/legal-library/browse/cases-proceedings/122-3049-htc-america-inc-matter,"07.13, HTC America.json",9,28,20.0,"HTC introduced serious security vulnerabilities into millions of Android and Windows Mobile devices, exposing sensitive user data to third-party apps without permission.",Section 5 Only,Data Security,Technology,Prohibition; Comprehensive Security Program; Consumer Notification; Third-Party Assessment; Recordkeeping; Order Administration; Compliance Monitoring,"{""Section 5 Only"": 9}"
08.13_certegy_check_services,C-4701,"Certegy Check Services, Inc.",2013-08-15,2013,Obama,Fair Credit Reporting (FCRA),both,Accuracy of Consumer Report Information; Reinvestigations of Disputed Information; Consumer File Disclosures and Streamlined Process; Written Policies (Furnishers),"Sections 5(a), 5(m)(1)(A), 13(b), 16(a)(1), and 19 of the Federal Trade Commission Act, 15 U.S.C. §§ 45(a), 45(m)(1)(A), 53(b), 56(a)(1), and 57b; and section 621(a) of the Fair Credit Reporting Act, 15 U.S.C. § 1681s(a)",,https://www.ftc.gov/legal-library/browse/cases-proceedings/112-3184-certegy-check-services-inc,"08.13, Certegy Check Services.json",8,29,10.0,"Certegy Check Services failed to maintain accurate consumer report information, required consumers to conduct their own reinvestigations, and lacked adequate dispute handling processes.",FCRA,Financial Practices,Financial Services,Monetary Penalty; Consumer Redress; Prohibition; Order Administration; Compliance Monitoring; Recordkeeping,"{""FCRA"": 8}"
12.13_time_warner_cable,1:13-cv-08998-AJN,Time Warner Cable Inc.,2013-12-15,2013,Obama,Fair Credit Reporting (FCRA); Telemarketing / Do-Not-Call,unfair,Violation of the Risk-Based Pricing Rule,"Section 5(a) of the Federal Trade Commission Act, 15 U.S.C. § 45(a); Section 615 of the Fair Credit Reporting Act, 15 U.S.C. § 1681m; and the Risk-Based Pricing Rule, 16 C.F.R. § 640.1 et seq.",,https://www.ftc.gov/legal-library/browse/cases-proceedings/122-3149-time-warner-cable-inc,"12.13, Time Warner Cable.json",0,0,,Time Warner Cable required consumers with weaker credit to pay deposits without providing the required risk-based pricing notices before they became contractually obligated.,FCRA,Financial Practices,Telecom,,"{""FCRA"": 0}"
01.14_telecheck_services,14cv00062,"TeleCheck Services, Inc.",2014-01-15,2014,Obama,Fair Credit Reporting (FCRA),both,Reinvestigations of Disputed Information; Accuracy of Consumer Report Information; Requirements of Furnishers: Written Policies,"Section 5(a) of the Federal Trade Commission Act, 15 U.S.C. § 45(a); Section 621(a) of the Fair Credit Reporting Act, 15 U.S.C. § 1681s(a)",,https://www.ftc.gov/legal-library/browse/cases-proceedings/112-3183-telecheck-services-inc,"01.14, TeleCheck Services.json",9,24,,"TeleCheck failed to properly reinvestigate disputed consumer information and did not maintain reasonable accuracy procedures, while its affiliate TRS lacked required written data furnisher policies.",FCRA,Financial Practices,Financial Services,Monetary Penalty; Consumer Redress; Prohibition; Order Administration; Compliance Monitoring; Recordkeeping,"{""FCRA"": 9}"
02.14_accretive_health,C-4432,"Accretive Health, Inc.",2014-02-15,2014,Obama,Data Security; Privacy / Deceptive Privacy Practices; Health Data,unfair,Unfair Data Security Practices,"Section 5(a) of the Federal Trade Commission Act, 15 U.S.C. § 45(a)","Edith Ramirez, Chairwoman; Julie Brill; Maureen K. Ohlhausen; Joshua D. Wright",https://www.ftc.gov/legal-library/browse/cases-proceedings/122-3077-accretive-health-inc-matter,"02.14, Accretive Health.json",7,23,20.0,"Accretive Health failed to implement reasonable data security measures to protect sensitive patient information, resulting in a laptop theft that exposed over 23,000 patients' data.",Section 5 Only,Data Security,Healthcare,Comprehensive Security Program; Third-Party Assessment; Recordkeeping; Order Administration; Compliance Monitoring,"{""Section 5 Only"": 7}"
02.14_trendnet,C-4426,"TRENDnet, Inc.",2014-02-15,2014,Obama,Other,deceptive,Security Misrepresentation; Security Settings Misrepresentation; Unfair Practice - Inadequate Security,"Section 5(a) of the Federal Trade Commission Act, 15 U.S.C. § 45(a)","Edith Ramirez, Chairwoman; Julie Brill; Maureen K. Ohlhausen; Joshua D. Wright",https://www.ftc.gov/legal-library/browse/cases-proceedings/122-3090-trendnet-inc-matter,"02.14, TRENDnet.json",9,37,20.0,TRENDnet sold 'SecurView' cameras that transmitted login credentials in clear text and left live feeds of private areas exposed to hackers due to software security failures.,Section 5 Only,Data Security,Technology,Prohibition; Comprehensive Security Program; Third-Party Assessment; Consumer Notification; Recordkeeping; Order Administration; Compliance Monitoring,"{""Section 5 Only"": 9}"
03.14_aaron_s,C-4442,"Aaron's, Inc.",2014-03-15,2014,Obama,Privacy / Deceptive Privacy Practices; Health Data,deceptive,Unfair Acts or Practices,"Federal Trade Commission Act, 15 U.S.C. § 45 et seq.","Edith Ramirez, Chairwoman; Julie Brill; Maureen K. Ohlhausen; Joshua D. Wright",https://www.ftc.gov/legal-library/browse/cases-proceedings/122-3256-aarons-inc-matter,"03.14, Aaron’s.json",11,26,20.0,"Aaron's provided its franchisees with spyware that secretly logged keystrokes, captured screenshots, and activated webcams on rented computers without consumers' knowledge or consent.",Section 5 Only,Surveillance,Retail,Prohibition; Data Deletion; Compliance Monitoring; Order Administration; Recordkeeping,"{""Section 5 Only"": 11}"
04.14_goldenshores_technologies_and_erik_m._geidl,C-4446,"Goldenshores Technologies, LLC",2014-04-15,2014,Obama,Location / Geolocation Data,deceptive,Failure to Disclose Data Sharing with Third Parties; False Choice to Refuse Data Collection,Federal Trade Commission Act,"Edith Ramirez, Chairwoman; Julie Brill; Maureen K. Ohlhausen; Joshua D. Wright",https://www.ftc.gov/legal-library/browse/cases-proceedings/132-3087-goldenshores-technologies-llc-erik-m-geidl-matter,"04.14, Goldenshores Technologies, and Erik M. Geidl.json",9,20,20.0,Goldenshores Technologies' Brightest Flashlight Free app secretly transmitted users' precise geolocation and device identifiers to advertising networks without adequate disclosure.,Section 5 Only,Privacy,Technology,Prohibition; Data Deletion; Recordkeeping; Order Administration; Compliance Monitoring,"{""Section 5 Only"": 9}"
04.14_infotrack_information_services,14-cv-2054,"InfoTrack Information Services, Inc.",2014-04-15,2014,Obama,Fair Credit Reporting (FCRA),both,Failure to Ensure Maximum Possible Accuracy; Failure to Provide Required Notices; Failure to Comply with Public Record Reporting Requirements,"Section 5(a) of the Federal Trade Commission Act, 15 U.S.C. § 45(a); Fair Credit Reporting Act sections 607(b), 609(a), 611(a)(1)(A), 611(a)(6), and 613(a)(1), 15 U.S.C. §§ 1681e, 1681g, 1681i, and 1681k",,https://www.ftc.gov/legal-library/browse/cases-proceedings/122-3092-infotrack-information-services-inc-et-al,"04.14, Infotrack Information Services.json",10,26,20.0,InfoTrack provided inaccurate background check reports with unreliable sex offender data and failed to provide legally required FCRA notices.,FCRA,Financial Practices,Technology,Prohibition; Monetary Penalty; Consumer Notification; Order Administration; Compliance Monitoring; Recordkeeping,"{""FCRA"": 10}"
04.14_instant_checkmate,14CV0675H JMA,"Instant Checkmate, Inc.",2014-04-15,2014,Obama,Fair Credit Reporting (FCRA),both,Failure to Maintain Reasonable Procedures to Limit Report Furnishing; Failure to Follow Reasonable Procedures to Assure Maximum Accuracy; Failure to Provide Notice to Users of Their FCRA Responsibilities; Furnishing Consumer Reports Without Permissible Purpose,"Section 5(a) of the Federal Trade Commission Act, 15 U.S.C. § 45(a); Section 621(a) of the Fair Credit Reporting Act, 15 U.S.C. § 1681s(a)",,https://www.ftc.gov/legal-library/browse/cases-proceedings/122-3221-instant-checkmate-inc,"04.14, Instant Checkmate.json",10,28,3.0,Instant Checkmate marketed background reports for employment screening purposes while failing to comply with any Fair Credit Reporting Act requirements.,FCRA,Financial Practices,Technology,Prohibition; Monetary Penalty; Order Administration; Compliance Monitoring; Recordkeeping,"{""FCRA"": 10}"
05.14_foru_international_corporation,C-4456 and C-4457,"GeneLink, Inc.",2014-05-15,2014,Obama,Data Security; Privacy / Deceptive Privacy Practices,deceptive,False Claims About Genetic Disadvantage Mitigation; Lack of Substantiation for Custom Supplement Efficacy Claims; Lack of Substantiation for Disease Treatment Claims; False Claims About Skin Repair Serum Efficacy; Providing Means and Instrumentalities for Deception; False Data Security Representations; Unfair Data Security Practices,"Section 5 of the Federal Trade Commission Act, 15 U.S.C. § 45 et seq.","Edith Ramirez, Chairwoman; Julie Brill; Maureen K. Ohlhausen; Joshua D. Wright; Terrell McSweeny",https://www.ftc.gov/legal-library/browse/cases-proceedings/112-3095-genelink-inc-matter,"05.14, foru™ International Corporation.json",14,39,20.0,"GeneLink and foruTM made unsubstantiated claims that their DNA-based supplements could treat diseases and mitigate genetic disadvantages, while failing to secure consumers' genetic data.",Section 5 Only,Data Security; Other,Healthcare; Retail,Prohibition; Order Administration; Other; Comprehensive Security Program; Third-Party Assessment; Recordkeeping; Compliance Monitoring,"{""Section 5 Only"": 14}"
05.14_genelink,C-4456,"GeneLink, Inc.",2014-05-15,2014,Obama,Data Security; Privacy / Deceptive Privacy Practices,deceptive,False Claims About Scientific Proof for Genetic Disadvantage Mitigation; Lack of Substantiation for Custom Supplement Efficacy Claims; Lack of Substantiation for Disease Treatment Claims; False Claims About Skin Repair Serum Efficacy; False Data Security Representations; Unfair Data Security Practices,"Federal Trade Commission Act, 15 U.S.C. § 45 et seq.","Edith Ramirez, Chairwoman; Julie Brill; Maureen K. Ohlhausen; Joshua D. Wright; Terrell McSweeny",https://www.ftc.gov/legal-library/browse/cases-proceedings/112-3095-genelink-inc-matter,"05.14, Genelink.json",14,42,20.0,"GeneLink made false and unsubstantiated claims that its DNA-based supplements could treat diseases while failing to protect nearly 30,000 consumers' genetic and financial data.",Section 5 Only,Data Security; Other,Healthcare; Retail,Prohibition; Order Administration; Other; Comprehensive Security Program; Third-Party Assessment; Recordkeeping; Compliance Monitoring,"{""Section 5 Only"": 14}"
06.14_american_apparel,C-4459,"American Apparel, Inc.",2014-06-15,2014,Obama,Privacy / Deceptive Privacy Practices,deceptive,False Safe Harbor Certification Claims,"Section 5(a) of the Federal Trade Commission Act, 15 U.S.C. § 45(a)","Edith Ramirez, Chairwoman; Julie Brill; Maureen K. Ohlhausen; Joshua D. Wright; Terrell McSweeny",https://www.ftc.gov/legal-library/browse/cases-proceedings/142-3036-american-apparel-inc-matter,"06.14, American Apparel.json",6,13,20.0,American Apparel falsely claimed active Safe Harbor certification for roughly six months after its certification had lapsed.,Section 5 Only,Privacy,Retail,Prohibition; Recordkeeping; Order Administration; Compliance Monitoring,"{""Section 5 Only"": 6}"
06.14_apperian,C-4461,"Apperian, Inc.",2014-06-15,2014,Obama,Other,deceptive,False Safe Harbor Participation Claims,"Section 5(a) of the Federal Trade Commission Act, 15 U.S.C. § 45(a)","Edith Ramirez, Chairwoman; Julie Brill; Maureen K. Ohlhausen; Joshua D. Wright; Terrell McSweeny",https://www.ftc.gov/legal-library/browse/cases-proceedings/142-3017-apperian-inc-matter,"06.14, Apperian.json",6,12,20.0,Apperian displayed the Safe Harbor certification mark and claimed compliance for over a year after its certification status had lapsed.,Section 5 Only,Privacy,Technology,Prohibition; Recordkeeping; Order Administration; Compliance Monitoring,"{""Section 5 Only"": 6}"
06.14_atlanta_falcons_football_club,C-4462,"Atlanta Falcons Football Club, LLC",2014-06-15,2014,Obama,Privacy / Deceptive Privacy Practices,deceptive,False Safe Harbor Certification Claim,"Section 5(a) of the Federal Trade Commission Act, 15 U.S.C. § 45(a)","Edith Ramirez, Chairwoman; Julie Brill; Maureen K. Ohlhausen; Joshua D. Wright; Terrell McSweeny",https://www.ftc.gov/legal-library/browse/cases-proceedings/142-3018-atlanta-falcons-football-club-llc-matter,"06.14, Atlanta Falcons Football Club.json",6,10,20.0,The Atlanta Falcons Football Club falsely claimed active Safe Harbor participation for nearly eight years after its certification had lapsed.,Section 5 Only,Privacy,Other,Prohibition; Recordkeeping; Order Administration; Compliance Monitoring,"{""Section 5 Only"": 6}"
06.14_baker_tilly_virchow_krause_llp,C-4463,"Baker Tilly Virchow Krause, LLP",2014-06-15,2014,Obama,Privacy / Deceptive Privacy Practices,deceptive,False Safe Harbor Participation Claims,"Section 5(a) of the Federal Trade Commission Act, 15 U.S.C. § 45(a)","Edith Ramirez, Chairwoman; Julie Brill; Maureen K. Ohlhausen; Joshua D. Wright; Terrell McSweeny",https://www.ftc.gov/legal-library/browse/cases-proceedings/142-3019-baker-tilly-virchow-krause-llp-matter,"06.14, Baker Tilly Virchow Krause, LLP.json",6,12,20.0,Baker Tilly continued displaying the Safe Harbor certification mark and claiming certification for over two years after its certification had lapsed.,Section 5 Only,Privacy,Financial Services,Prohibition; Recordkeeping; Order Administration; Compliance Monitoring,"{""Section 5 Only"": 6}"
06.14_bittorrent,C-4464,"BitTorrent, Inc.",2014-06-15,2014,Obama,Other,deceptive,False Safe Harbor Participation Claim,"Section 5(a) of the Federal Trade Commission Act, 15 U.S.C. § 45(a)","Edith Ramirez, Chairwoman; Julie Brill; Maureen K. Ohlhausen; Joshua D. Wright; Terrell McSweeny",https://www.ftc.gov/legal-library/browse/cases-proceedings/142-3020-bittorrent-inc-matter,"06.14, BitTorrent.json",6,11,20.0,BitTorrent falsely claimed adherence to EU Safe Harbor principles for approximately five years after its certification had lapsed.,Section 5 Only,Privacy,Technology,Prohibition; Recordkeeping; Order Administration; Compliance Monitoring,"{""Section 5 Only"": 6}"
06.14_charles_river_laboratories_int_l.,C-4465,"Charles River Laboratories International, Inc.",2014-06-15,2014,Obama,Privacy / Deceptive Privacy Practices,deceptive,False Safe Harbor Participation Claim,"Section 5(a) of the Federal Trade Commission Act, 15 U.S.C. § 45(a)","Edith Ramirez, Chairwoman; Julie Brill; Maureen K. Ohlhausen; Joshua D. Wright; Terrell McSweeny",https://www.ftc.gov/legal-library/browse/cases-proceedings/142-3022-charles-river-laboratories-intl-matter,"06.14, Charles River Laboratories, Int’l..json",6,14,20.0,Charles River Laboratories claimed current Safe Harbor compliance for over two years after its certification had lapsed.,Section 5 Only,Privacy,Healthcare,Prohibition; Recordkeeping; Order Administration; Compliance Monitoring,"{""Section 5 Only"": 6}"
06.14_datamotion,C-4466,"DataMotion, Inc.",2014-06-15,2014,Obama,Other,deceptive,Safe Harbor Framework Participation Misrepresentation,"Section 5(a) of the Federal Trade Commission Act, 15 U.S.C. § 45(a)","Edith Ramirez, Chairwoman; Julie Brill; Maureen K. Ohlhausen; Joshua D. Wright; Terrell McSweeny",https://www.ftc.gov/legal-library/browse/cases-proceedings/142-3023-datamotion-inc-corporation-matter,"06.14, DataMotion.json",6,11,20.0,DataMotion displayed the Safe Harbor certification mark and claimed active framework participation after its certification had lapsed.,Section 5 Only,Privacy,Technology,Prohibition; Recordkeeping; Order Administration; Compliance Monitoring,"{""Section 5 Only"": 6}"
06.14_ddc_laboratories_also_dba_dna_diagnostics_center,C-4467,"DDC Laboratories, Inc.",2014-06-15,2014,Obama,Privacy / Deceptive Privacy Practices,deceptive,Safe Harbor Framework Misrepresentation,"Section 5(a) of the Federal Trade Commission Act, 15 U.S.C. § 45(a)","Edith Ramirez, Chairwoman; Julie Brill; Maureen K. Ohlhausen; Joshua D. Wright; Terrell McSweeny",https://www.ftc.gov/legal-library/browse/cases-proceedings/142-3024-ddc-laboratories-inc-also-dba-dna-diagnostics-center-matter,"06.14, DDC Laboratories, also dba DNA Diagnostics Center.json",6,12,20.0,"DDC Laboratories, a DNA testing company, continued claiming Safe Harbor compliance for two years after its certification had lapsed.",Section 5 Only,Privacy,Healthcare,Prohibition; Recordkeeping; Order Administration; Compliance Monitoring,"{""Section 5 Only"": 6}"
06.14_fantage.com,C-4469,"Fantage.com, Inc.",2014-06-15,2014,Obama,Privacy / Deceptive Privacy Practices,deceptive,False Safe Harbor Participation Claim,"Section 5(a) of the Federal Trade Commission Act, 15 U.S.C. § 45(a)","Edith Ramirez, Chairwoman; Julie Brill; Maureen K. Ohlhausen; Joshua D. Wright; Terrell McSweeny",https://www.ftc.gov/legal-library/browse/cases-proceedings/142-3026-fantagecom-inc-matter,"06.14, Fantage.com.json",6,12,20.0,Fantage.com falsely claimed active Safe Harbor participation for approximately 19 months after its certification had lapsed.,Section 5 Only,Privacy,Technology,Prohibition; Recordkeeping; Order Administration; Compliance Monitoring,"{""Section 5 Only"": 6}"
06.14_level_3_communications,C-4470,"Level 3 Communications, LLC",2014-06-15,2014,Obama,Other,deceptive,False Safe Harbor Participation Claim,"Section 5(a) of the Federal Trade Commission Act, 15 U.S.C. § 45(a)","Edith Ramirez, Chairwoman; Julie Brill; Maureen K. Ohlhausen; Joshua D. Wright; Terrell McSweeny",https://www.ftc.gov/legal-library/browse/cases-proceedings/142-3028-level-3-communications-llc-matter,"06.14, Level 3 Communications.json",6,12,20.0,Level 3 Communications falsely claimed active Safe Harbor certification for over a year after its certification lapsed.,Section 5 Only,Privacy,Telecom,Prohibition; Recordkeeping; Order Administration; Compliance Monitoring,"{""Section 5 Only"": 6}"
06.14_pdb_sports_ltd._dba_denver_broncos_football_club,C-4468,"PDB Sports, Ltd.",2014-06-15,2014,Obama,Other,deceptive,False Safe Harbor Participation Claims,"Section 5(a) of the Federal Trade Commission Act, 15 U.S.C. § 45(a)","Edith Ramirez, Chairwoman; Julie Brill; Maureen K. Ohlhausen; Joshua D. Wright; Terrell McSweeny",https://www.ftc.gov/legal-library/browse/cases-proceedings/142-3025-pdb-sports-ltd-dba-denver-broncos-football-club-matter,"06.14, PDB Sports, Ltd., dba Denver Broncos Football Club.json",6,10,20.0,The Denver Broncos falsely claimed compliance with the EU Safe Harbor framework two years after its certification expired.,Section 5 Only,Privacy,Other,Prohibition; Recordkeeping; Order Administration; Compliance Monitoring,"{""Section 5 Only"": 6}"
06.14_receivable_management_services_corporation_the,C-4472,The Receivable Management Services Corporation,2014-06-15,2014,Obama,Other,deceptive,False Safe Harbor Participation Claims,"Section 5(a) of the Federal Trade Commission Act, 15 U.S.C. § 45(a)","Edith Ramirez, Chairwoman; Julie Brill; Maureen K. Ohlhausen; Joshua D. Wright; Terrell McSweeny",https://www.ftc.gov/legal-library/browse/cases-proceedings/142-3031-receivable-management-services-corporation-matter,"06.14, Receivable Management Services Corporation, The.json",6,12,20.0,A debt collection agency displayed a lapsed Safe Harbor certification mark for nearly four years after its certification expired.,Section 5 Only,Privacy,Financial Services,Prohibition; Recordkeeping; Order Administration; Compliance Monitoring,"{""Section 5 Only"": 6}"
06.14_reynolds_consumer_products,C-4471,Reynolds Consumer Products Inc.,2014-06-15,2014,Obama,Privacy / Deceptive Privacy Practices,deceptive,False Safe Harbor Certification Claims,"Section 5(a) of the Federal Trade Commission Act, 15 U.S.C. § 45(a)","Edith Ramirez, Chairwoman; Julie Brill; Maureen K. Ohlhausen; Joshua D. Wright; Terrell McSweeny",https://www.ftc.gov/legal-library/browse/cases-proceedings/142-3030-reynolds-consumer-products-inc-matter,"06.14, Reynolds Consumer Products.json",6,12,20.0,Reynolds Consumer Products continued claiming Safe Harbor compliance for years after its customer and HR data certifications both expired.,Section 5 Only,Privacy,Retail,Prohibition; Recordkeeping; Order Administration; Compliance Monitoring,"{""Section 5 Only"": 6}"
06.14_tennessee_football,C-4473,"Tennessee Football, Inc.",2014-06-15,2014,Obama,Other,deceptive,False Safe Harbor Compliance Claim,"Section 5(a) of the Federal Trade Commission Act, 15 U.S.C. § 45(a)","Edith Ramirez, Chairwoman; Julie Brill; Maureen K. Ohlhausen; Joshua D. Wright; Terrell McSweeny",https://www.ftc.gov/legal-library/browse/cases-proceedings/142-3032-tennessee-football-inc-matter,"06.14, Tennessee Football.json",6,11,20.0,Tennessee Titans ownership falsely claimed EU Safe Harbor compliance for more than four years after its certification expired.,Section 5 Only,Privacy,Other,Prohibition; Recordkeeping; Order Administration; Compliance Monitoring,"{""Section 5 Only"": 6}"
08.14_credit_karma,C-4480,"Credit Karma, Inc.",2014-08-15,2014,Obama,Data Security; Privacy / Deceptive Privacy Practices; Fair Credit Reporting (FCRA),deceptive,Misrepresentation of Security Practices; Misrepresentation of SSL Connection Security,"Section 5 of the Federal Trade Commission Act, 15 U.S.C. § 45 et seq.","Edith Ramirez, Chairwoman; Julie Brill; Maureen K. Ohlhausen; Joshua D. Wright; Terrell McSweeny",https://www.ftc.gov/legal-library/browse/cases-proceedings/132-3091-credit-karma-inc,"08.14, Credit Karma.json",8,25,20.0,"Credit Karma's mobile app failed to validate SSL certificates, exposing users' Social Security numbers and credit data to interception on public Wi-Fi networks.",Section 5 Only,Data Security,Financial Services,Prohibition; Comprehensive Security Program; Third-Party Assessment; Recordkeeping; Order Administration; Compliance Monitoring,"{""Section 5 Only"": 8}"
08.14_fandango,C-4481,"Fandango, LLC",2014-08-15,2014,Obama,Other,deceptive,Deceptive Security Representations,"Federal Trade Commission Act, 15 U.S.C. § 45 et seq.","Edith Ramirez, Chairwoman; Julie Brill; Maureen K. Ohlhausen; Joshua D. Wright; Terrell McSweeny",https://www.ftc.gov/legal-library/browse/cases-proceedings/132-3089-fandango-llc,"08.14, Fandango.json",8,27,20.0,"Fandango's iOS app disabled SSL certificate validation for four years, exposing customers' credit card and login credentials to interception despite security promises.",Section 5 Only,Data Security,Technology,Prohibition; Comprehensive Security Program; Third-Party Assessment; Recordkeeping; Order Administration; Compliance Monitoring,"{""Section 5 Only"": 8}"
08.14_gmr_transcription_services,C-4482,"GMR Transcription Services, Inc.",2014-08-15,2014,Obama,Data Security; Privacy / Deceptive Privacy Practices; Health Data,deceptive,Misrepresentation of Security Measures; Failure to Oversee Service Providers; Unfair Security Practices,"Federal Trade Commission Act, 15 U.S.C. § 45 et seq.","Edith Ramirez, Chairwoman; Julie Brill; Maureen K. Ohlhausen; Joshua D. Wright; Terrell McSweeny",https://www.ftc.gov/legal-library/browse/cases-proceedings/122-3095-gmr-transcription-services-inc-matter,"08.14, GMR Transcription Services.json",9,29,20.0,GMR Transcription falsely claimed HIPAA-compliant security while medical transcription files were stored in plain text on a publicly accessible FTP server.,Section 5 Only,Data Security,Technology,Prohibition; Comprehensive Security Program; Third-Party Assessment; Recordkeeping; Order Administration; Compliance Monitoring,"{""Section 5 Only"": 9}"
09.14_tinyco,3:14-cv-04164,"TinyCo, Inc.",2014-09-15,2014,Obama,COPPA / Children's Privacy; Privacy / Deceptive Privacy Practices,deceptive,COPPA Rule Violations - Failure to Provide Notice and Obtain Consent,"Sections 1303(c) and 1306(d) of the Children's Online Privacy Protection Act of 1998 (COPPA), 15 U.S.C. §§ 6502(c) and 6505(d), and Sections 5(a)(1), 5(m)(1)(A), 13(b), and 16(a) of the Federal Trade Commission Act (FTC Act), 15 U.S.C. §§ 45(a)(1), 45(m)(1)(A), 53(b), and 56(a)",,https://www.ftc.gov/legal-library/browse/cases-proceedings/132-3209-tinyco-inc,"09.14, TinyCo.json",8,19,,TinyCo collected tens of thousands of email addresses from children through child-directed gaming apps without notifying parents or obtaining their consent.,COPPA,Privacy,Technology,Prohibition; Data Deletion; Monetary Penalty; Order Administration; Compliance Monitoring; Recordkeeping,"{""COPPA"": 8}"
09.14_yelp,3:14-CV-4163,Yelp Inc.,2014-09-15,2014,Obama,COPPA / Children's Privacy; Privacy / Deceptive Privacy Practices,deceptive,Failure to Provide Sufficient Notice on Website; Failure to Provide Direct Notice to Parents; Failure to Obtain Verifiable Parental Consent,"Sections 13(b), 16(a)(1), and 19 of the Federal Trade Commission Act, 15 U.S.C. §§ 53(b), 56(a)(1), and 57b; Sections 1303(c) and 1306(d) of the Children's Online Privacy Protection Act of 1998, 15 U.S.C. §§ 6502(c) and 6505(d); and the Commission's Children's Online Privacy Protection Rule, 16 C.F.R. Part 312",,https://www.ftc.gov/legal-library/browse/cases-proceedings/132-3066-yelp-inc,"09.14, Yelp.json",8,20,10.0,Yelp's app registration feature accepted sign-ups from children under 13 for four years and collected their personal data without parental notice or consent.,COPPA,Privacy,Technology; Social Media,Prohibition; Data Deletion; Monetary Penalty; Order Administration; Compliance Monitoring; Recordkeeping,"{""COPPA"": 8}"
12.14_snapchat,C-4501,"Snapchat, Inc.",2014-12-15,2014,Obama,Privacy / Deceptive Privacy Practices; Location / Geolocation Data,deceptive,False Claims About Disappearing Messages; False Screenshot Notification Claims; False Claims About Location Data Collection; Deceptive Find Friends User Interface; Deceptive Privacy Policy Regarding Find Friends; False Security Claims and Failure to Secure Find Friends,"Federal Trade Commission Act, 15 U.S.C. § 45 et seq.","Edith Ramirez, Chairwoman; Julie Brill; Maureen K. Ohlhausen; Joshua D. Wright; Terrell McSweeny",https://www.ftc.gov/legal-library/browse/cases-proceedings/132-3078-snapchat-inc-matter,"12.14, Snapchat.json",8,28,20.0,"Snapchat falsely claimed messages disappeared permanently, that users received screenshot notifications, and that it did not collect location data, while also failing to secure user information.",Section 5 Only,Privacy; Data Security,Social Media; Technology,Prohibition; Comprehensive Security Program; Third-Party Assessment; Recordkeeping; Order Administration; Compliance Monitoring,"{""Section 5 Only"": 8}"
02.15_paymentsmd,C-4505,"PaymentsMD, LLC",2015-02-15,2015,Obama,Health Data,deceptive,Deceptive Omission - Failure to Disclose Third-Party Health Information Collection; Deceptive Representation - Misrepresentation of Authorization Purpose,"Section 5 of the Federal Trade Commission Act, 15 U.S.C. § 45 et seq.","Edith Ramirez, Chairwoman; Julie Brill; Maureen K. Ohlhausen; Joshua D. Wright; Terrell McSweeny",https://www.ftc.gov/legal-library/browse/cases-proceedings/132-3088-paymentsmd-llc-matter,"02.15, PaymentsMD.json",8,18,20.0,PaymentsMD secretly used consumers' registration for a free billing portal to collect comprehensive health information from pharmacies and health plans for a separate fee-based service.,Section 5 Only,Privacy,Healthcare; Technology,Prohibition; Data Deletion; Recordkeeping; Order Administration; Compliance Monitoring,"{""Section 5 Only"": 8}"
05.15_american_international_mailing,C-4526,"American International Mailing, Inc.",2015-05-15,2015,Obama,Other,deceptive,False Safe Harbor Participation Claim,"Section 5(a) of the Federal Trade Commission Act, 15 U.S.C. § 45(a)","Edith Ramirez, Chairwoman; Julie Brill; Maureen K. Ohlhausen; Joshua D. Wright; Terrell McSweeny",https://www.ftc.gov/legal-library/browse/cases-proceedings/152-3051-american-international-mailing-inc-matter,"05.15, American International Mailing.json",6,12,20.0,American International Mailing continued claiming active EU-U.S. Safe Harbor participation for five years after its certification had lapsed.,Section 5 Only,Privacy,Other,Prohibition; Recordkeeping; Order Administration; Compliance Monitoring,"{""Section 5 Only"": 6}"
05.15_tes_franchising,C-4525,"TES Franchising, LLC",2015-05-15,2015,Obama,Privacy / Deceptive Privacy Practices,deceptive,False Safe Harbor Participation Claim; Misrepresentation of Dispute Resolution Mechanism; False TRUSTe Licensee Claim,"Section 5 of the Federal Trade Commission Act, 15 U.S.C. § 45","Edith Ramirez, Chairwoman; Julie Brill; Maureen K. Ohlhausen; Joshua D. Wright; Terrell McSweeny",https://www.ftc.gov/legal-library/browse/cases-proceedings/152-3015-tes-franchising-llc-matter,"05.15, TES Franchising.json",7,13,20.0,TES Franchising falsely claimed active participation in U.S.-EU and U.S.-Swiss Safe Harbor Frameworks and the TRUSTe Privacy Program when none of those certifications were current.,Section 5 Only,Privacy,Other,Prohibition; Recordkeeping; Order Administration; Compliance Monitoring,"{""Section 5 Only"": 7}"
09.15_nomi_technologies,C-4538,"Nomi Technologies, Inc.",2015-09-15,2015,Obama,Privacy / Deceptive Privacy Practices,deceptive,Failure to Provide Opt-Out at Retail Locations; Failure to Provide Notice at Retail Locations,"Section 5(a) of the Federal Trade Commission Act, 15 U.S.C. § 45","Edith Ramirez, Chairwoman; Julie Brill; Maureen K. Ohlhausen; Terrell McSweeny",https://www.ftc.gov/legal-library/browse/cases-proceedings/132-3251-nomi-technologies-inc-matter,"09.15, Nomi Technologies.json",6,13,20.0,Nomi Technologies promised consumers opt-out rights at retail locations while never actually providing any in-store opt-out mechanism.,Section 5 Only,Privacy; Surveillance,Technology; Retail,Prohibition; Recordkeeping; Order Administration; Compliance Monitoring,"{""Section 5 Only"": 6}"
09.15_tricolor_auto_acceptance,3:15-cv-03002-G,"Tricolor Auto Acceptance, LLC",2015-09-15,2015,Obama,Fair Credit Reporting (FCRA),both,No Established Written Policies and Procedures; No Reasonable Investigation of or Response to Direct Disputes,"Section 5(a) of the Federal Trade Commission Act, 15 U.S.C. § 45(a); Section 621(a) of the Fair Credit Reporting Act, 15 U.S.C. § 1681s(a); Furnisher Rule, 16 C.F.R. § 660, recodified at 12 C.F.R. § 1022, Subpart E",,https://www.ftc.gov/legal-library/browse/cases-proceedings/142-3073-tricolor-auto-acceptance-llc,"09.15, Tricolor Auto Acceptance.json",9,21,20.0,Tricolor Auto Acceptance furnished credit information to reporting agencies without any written accuracy policies and failed to investigate consumer disputes it received directly.,FCRA,Financial Practices,Financial Services,Prohibition; Monetary Penalty; Consumer Redress; Order Administration; Compliance Monitoring; Recordkeeping,"{""FCRA"": 9}"
10.15_contract_logix,C-4541,"Contract Logix, LLC",2015-10-15,2015,Obama,Privacy / Deceptive Privacy Practices,deceptive,Misrepresentation of Safe Harbor Participation,"Section 5(a) of the Federal Trade Commission Act, 15 U.S.C. § 45(a)","Edith Ramirez, Chairwoman; Julie Brill; Maureen K. Ohlhausen; Terrell McSweeny",https://www.ftc.gov/legal-library/browse/cases-proceedings/152-3184-contract-logix-llc-matter,"10.15, Contract Logix.json",6,10,20.0,Contract Logix continued displaying Safe Harbor participation claims on its website for nearly three years after its certification had lapsed.,Section 5 Only,Privacy,Technology,Prohibition; Recordkeeping; Order Administration; Compliance Monitoring,"{""Section 5 Only"": 6}"
10.15_dale_jarrett_racing_adventure,C-4545,"Dale Jarrett Racing Adventure, Inc.",2015-10-15,2015,Obama,Other,deceptive,False Safe Harbor Participation Claim,"Section 5(a) of the Federal Trade Commission Act, 15 U.S.C. § 45(a)","Edith Ramirez, Chairwoman; Julie Brill; Maureen K. Ohlhausen; Terrell McSweeny",https://www.ftc.gov/legal-library/browse/cases-proceedings/152-3190-dale-jarrett-racing-adventure-inc-matter,"10.15, Dale Jarrett Racing Adventure.json",6,11,20.0,Dale Jarrett Racing Adventure falsely claimed Safe Harbor participation on its website when it was never a certified participant.,Section 5 Only,Privacy,Other,Prohibition; Recordkeeping; Order Administration; Compliance Monitoring,"{""Section 5 Only"": 6}"
10.15_forensics_consulting_solutions,C-4551,"Forensics Consulting Solutions, LLC",2015-10-15,2015,Obama,Privacy / Deceptive Privacy Practices,deceptive,False Safe Harbor Participation Claims,"Section 5(a) of the Federal Trade Commission Act, 15 U.S.C. § 45","Edith Ramirez, Chairwoman; Julie Brill; Maureen K. Ohlhausen; Terrell McSweeny",https://www.ftc.gov/legal-library/browse/cases-proceedings/152-3185-forensics-consulting-solutions-llc-matter,"10.15, Forensics Consulting Solutions.json",6,13,20.0,Forensics Consulting Solutions continued claiming Safe Harbor compliance on its website for nearly three years after its certification lapsed.,Section 5 Only,Privacy,Technology,Prohibition; Recordkeeping; Order Administration; Compliance Monitoring,"{""Section 5 Only"": 6}"
10.15_golf_connect,C-4540,"Golf Connect, LLC",2015-10-15,2015,Obama,Privacy / Deceptive Privacy Practices,deceptive,False Safe Harbor Participation Claims,"Section 5(a) of the Federal Trade Commission Act, 15 U.S.C. § 45(a)","Edith Ramirez, Chairwoman; Julie Brill; Maureen K. Ohlhausen; Terrell McSweeny",https://www.ftc.gov/legal-library/browse/cases-proceedings/152-3141-golf-connect-llc-matter,"10.15, Golf Connect.json",6,14,20.0,Golf Connect displayed inherited Safe Harbor participation claims on an acquired website after neither the predecessor nor the acquirer held a valid certification.,Section 5 Only,Privacy,Technology,Prohibition; Recordkeeping; Order Administration; Compliance Monitoring,"{""Section 5 Only"": 6}"
10.15_inbox_group,C-4546,"Inbox Group, LLC",2015-10-15,2015,Obama,Other,deceptive,False Safe Harbor Certification,"Section 5(a) of the Federal Trade Commission Act, 15 U.S.C. § 45(a)","Edith Ramirez, Chairwoman; Julie Brill; Maureen K. Ohlhausen; Terrell McSweeny",https://www.ftc.gov/legal-library/browse/cases-proceedings/152-3202-inbox-group-llc-matter,"10.15, Inbox Group.json",6,14,20.0,Inbox Group falsely claimed on its website to be certified under the U.S.-EU Safe Harbor Framework when it had never participated.,Section 5 Only,Privacy,Technology,Prohibition; Recordkeeping; Order Administration; Compliance Monitoring,"{""Section 5 Only"": 6}"
10.15_ioactive,C-4542,"IOActive, Inc.",2015-10-15,2015,Obama,Other,deceptive,Misrepresentations Regarding Safe Harbor Participation,"Section 5(a) of the Federal Trade Commission Act, 15 U.S.C. § 45(a)","Edith Ramirez, Chairwoman; Julie Brill; Maureen K. Ohlhausen; Terrell McSweeny",https://www.ftc.gov/legal-library/browse/cases-proceedings/152-3187-ioactive-inc-matter,"10.15, IOActive.json",6,11,20.0,IOActive displayed Safe Harbor participation claims on its website for approximately three years after its certification had lapsed.,Section 5 Only,Privacy,Technology,Prohibition; Recordkeeping; Order Administration; Compliance Monitoring,"{""Section 5 Only"": 6}"
10.15_jhayrmaine_daniels,C-4543,"Jhayrmaine Daniels, d/b/a California Skate-Line",2015-10-15,2015,Obama,Privacy / Deceptive Privacy Practices,deceptive,False Safe Harbor Participation Claim,"Section 5(a) of the Federal Trade Commission Act, 15 U.S.C. § 45(a)","Edith Ramirez, Chairwoman; Julie Brill; Maureen K. Ohlhausen; Terrell McSweeny",https://www.ftc.gov/legal-library/browse/cases-proceedings/152-3198-jhayrmaine-daniels-california-skate-line-matter,"10.15, Jhayrmaine Daniels.json",6,14,20.0,California Skate-Line claimed to adhere to Safe Harbor Privacy Principles despite never having been a Safe Harbor participant.,Section 5 Only,Privacy,Other,Prohibition; Recordkeeping; Order Administration; Compliance Monitoring,"{""Section 5 Only"": 6}"
10.15_jubilant_clinsys,C-4549,"Jubilant Clinsys, Inc.",2015-10-15,2015,Obama,Privacy / Deceptive Privacy Practices,deceptive,False Safe Harbor Participation Claims,"Section 5(a) of the Federal Trade Commission Act, 15 U.S.C. § 45(a)","Edith Ramirez, Chairwoman; Julie Brill; Maureen K. Ohlhausen; Terrell McSweeny",https://www.ftc.gov/legal-library/browse/cases-proceedings/152-3140-jubilant-clinsys-inc-matter,"10.15, Jubilant Clinsys.json",6,12,20.0,Jubilant Clinsys continued claiming annual Safe Harbor self-certification and compliance on its website for over two years after its certification lapsed.,Section 5 Only,Privacy,Healthcare,Prohibition; Recordkeeping; Order Administration; Compliance Monitoring,"{""Section 5 Only"": 6}"
10.15_just_bagels_manufacturing,C-4547,"Just Bagels Manufacturing, Inc.",2015-10-15,2015,Obama,Privacy / Deceptive Privacy Practices,deceptive,False Safe Harbor Compliance Claim,"Section 5(a) of the Federal Trade Commission Act, 15 U.S.C. § 45(a)","Edith Ramirez, Chairwoman; Julie Brill; Maureen K. Ohlhausen; Terrell McSweeny",https://www.ftc.gov/legal-library/browse/cases-proceedings/152-3199-just-bagels-manufacturing-inc-matter,"10.15, Just Bagels Manufacturing.json",6,14,20.0,Just Bagels Manufacturing published Safe Harbor compliance claims on its website despite never having been a participant in either the U.S.-EU or U.S.-Swiss Safe Harbor Framework.,Section 5 Only,Privacy,Other,Prohibition; Recordkeeping; Order Administration; Compliance Monitoring,"{""Section 5 Only"": 6}"
10.15_naics_association,C-4548,"NAICS Association, LLC",2015-10-15,2015,Obama,Privacy / Deceptive Privacy Practices,deceptive,Safe Harbor Framework Participation Misrepresentation,"Section 5(a) of the Federal Trade Commission Act, 15 U.S.C. § 45(a)","Edith Ramirez, Chairwoman; Julie Brill; Maureen K. Ohlhausen; Terrell McSweeny",https://www.ftc.gov/legal-library/browse/cases-proceedings/152-3138-naics-association-llc-matter,"10.15, NAICS Association.json",6,12,20.0,NAICS Association continued claiming Safe Harbor compliance on its website for over a year after its certification expired.,Section 5 Only,Privacy,Technology,Prohibition; Recordkeeping; Order Administration; Compliance Monitoring,"{""Section 5 Only"": 6}"
10.15_one_industries,C-4544,One Industries Corp.,2015-10-15,2015,Obama,Privacy / Deceptive Privacy Practices,deceptive,False U.S.-EU Safe Harbor Participation Claim,"Section 5(a) of the Federal Trade Commission Act, 15 U.S.C. § 45(a)","Edith Ramirez, Chairwoman; Julie Brill; Maureen K. Ohlhausen; Terrell McSweeny",https://www.ftc.gov/legal-library/browse/cases-proceedings/152-3201-one-industries-corp-matter,"10.15, One Industries.json",6,14,20.0,"One Industries, a motocross gear seller, falsely claimed to adhere to Safe Harbor Privacy Principles when it had never self-certified or participated.",Section 5 Only,Privacy,Retail,Prohibition; Recordkeeping; Order Administration; Compliance Monitoring,"{""Section 5 Only"": 6}"
10.15_pinger,C-4550,"Pinger, Inc.",2015-10-15,2015,Obama,Privacy / Deceptive Privacy Practices,deceptive,False Safe Harbor Participation Claim,"Section 5(a) of the Federal Trade Commission Act, 15 U.S.C. § 45(a)","Edith Ramirez, Chairwoman; Julie Brill; Maureen K. Ohlhausen; Terrell McSweeny",https://www.ftc.gov/legal-library/browse/cases-proceedings/152-3137-pinger-inc-matter,"10.15, Pinger.json",6,11,20.0,Pinger continued claiming certified compliance with U.S.-EU and U.S.-Swiss Safe Harbor Frameworks on its website after allowing its annual certification to lapse.,Section 5 Only,Privacy,Technology,Prohibition; Recordkeeping; Order Administration; Compliance Monitoring,"{""Section 5 Only"": 6}"
10.15_sprint_corporation,2:15-cv-9340,Sprint Corporation,2015-10-15,2015,Obama,Fair Credit Reporting (FCRA),unfair,Failure to Provide Required Risk-Based Pricing Notice,"Section 5(a) of the Federal Trade Commission Act, 15 U.S.C. § 45(a); Section 615 of the Fair Credit Reporting Act, 15 U.S.C. § 1681m; and the Risk-Based Pricing Rule, 12 C.F.R. § 1022.70 et seq.",,https://www.ftc.gov/legal-library/browse/cases-proceedings/142-3094-sprint-corporation-sprint-asl-program-0,"10.15, Sprint Corporation.json",7,26,,Sprint charged consumers higher fees based on their credit reports but failed to provide required risk-based pricing notices before they became contractually obligated.,FCRA,Financial Practices,Telecom,Prohibition; Monetary Penalty; Order Administration; Compliance Monitoring; Recordkeeping,"{""FCRA"": 7}"
10.15_sterimed_medical_waste_solutions,C-4552,SteriMed Medical Waste Solutions,2015-10-15,2015,Obama,Privacy / Deceptive Privacy Practices; Health Data,deceptive,False U.S.-EU Safe Harbor Participation Claim,"Section 5(a) of the Federal Trade Commission Act, 15 U.S.C. § 45(a)","Edith Ramirez, Chairwoman; Julie Brill; Maureen K. Ohlhausen; Terrell McSweeny",https://www.ftc.gov/legal-library/browse/cases-proceedings/152-3193-sterimed-medical-waste-solutions-matter,"10.15, SteriMed Medical Waste Solutions.json",6,13,20.0,SteriMed Medical Waste Solutions falsely claimed to be a registered Safe Harbor participant when it had never self-certified.,Section 5 Only,Privacy,Healthcare,Prohibition; Recordkeeping; Order Administration; Compliance Monitoring,"{""Section 5 Only"": 6}"
12.15_lai_systems,2:15-cv-9691,"LAI Systems, LLC",2015-12-15,2015,Obama,COPPA / Children's Privacy; Privacy / Deceptive Privacy Practices,deceptive,"Violations of the COPPA Rule — Failure to Provide Notice, Direct Notice to Parents, and Obtain Verifiable Parental Consent","Sections 1303(c) and 1306(d) of the Children's Online Privacy Protection Act of 1998 (COPPA), 15 U.S.C. §§ 6502(c) and 6505(d), and Sections 5(a)(1), 5(m)(1)(A), 13(b), and 16(a) of the Federal Trade Commission Act (FTC Act), 15 U.S.C. §§ 45(a)(1), 45(m)(1)(A), 53(b), and 56(a)",,https://www.ftc.gov/legal-library/browse/cases-proceedings/142-3261-lai-systems-llc,"12.15, LAI Systems.json",7,23,,LAI Systems allowed third-party ad networks to collect persistent identifiers from children through its kids' apps for targeted advertising without parental notice or consent.,COPPA,Privacy,Technology,Prohibition; Monetary Penalty; Order Administration; Compliance Monitoring; Recordkeeping,"{""COPPA"": 7}"
12.15_retro_dreamer,5:15-cv-2569,Retro Dreamer,2015-12-15,2015,Obama,COPPA / Children's Privacy; Privacy / Deceptive Privacy Practices,deceptive,"Violations of the COPPA Rule — Failure to Provide Notice, Direct Parental Notice, and Obtain Verifiable Parental Consent","Sections 1303(c) and 1306(d) of the Children's Online Privacy Protection Act of 1998 (COPPA), 15 U.S.C. §§ 6502(c) and 6505(d), and Sections 5(a)(1), 5(m)(1)(A), 13(b), and 16(a) of the Federal Trade Commission Act (FTC Act), 15 U.S.C. §§ 45(a)(1), 45(m)(1)(A), 53(b), and 56(a)",,https://www.ftc.gov/legal-library/browse/cases-proceedings/142-3262-retro-dreamer,"12.15, Retro Dreamer.json",7,23,,"Retro Dreamer knowingly allowed ad networks to collect children's personal data through its kids' apps for targeted advertising without parental consent, even after being put on notice.",COPPA,Privacy,Technology,Prohibition; Monetary Penalty; Order Administration; Compliance Monitoring; Recordkeeping,"{""COPPA"": 7}"
12.15_wyndham_worldwide_corporation,C-13-1887 (also cited as 2:13-CV-01887-ES-JAD),Wyndham Worldwide Corporation,2015-12-15,2015,Obama,Data Security; Privacy / Deceptive Privacy Practices,both,Deceptive Data Security Misrepresentation; Unfair Data Security Practices,"Section 5(a) of the Federal Trade Commission Act, 15 U.S.C. § 45(a), enforced through Section 13(b) of the FTC Act, 15 U.S.C. § 53(b)",,https://www.ftc.gov/legal-library/browse/cases-proceedings/1023142-x120032-wyndham-worldwide-corporation,"12.15, Wyndham Worldwide Corporation.json",8,23,20.0,"Wyndham Worldwide's inadequate network security led to three separate data breaches compromising over 619,000 payment card numbers across its hotel properties.",Section 5 Only,Data Security,Retail,Comprehensive Security Program; Third-Party Assessment; Order Administration; Compliance Monitoring; Recordkeeping,"{""Section 5 Only"": 8}"
01.16_craig_brittain,C-4564,Craig Brittain,2016-01-15,2016,Obama,Privacy / Deceptive Privacy Practices,both,Unfair Practices — Posting Photographs and Personal Information Without Consent; False Claims — Solicitation of Photographs Under False Pretenses,"Section 5(a) of the Federal Trade Commission Act, 15 U.S.C. § 45(a)","Edith Ramirez, Chairwoman; Julie Brill; Maureen K. Ohlhausen; Terrell McSweeny",https://www.ftc.gov/legal-library/browse/cases-proceedings/132-3120-craig-brittain-matter,"01.16, Craig Brittain.json",8,20,20.0,"Craig Brittain operated a 'revenge porn' site, posting intimate photos of over 1,000 individuals without consent and running a sham removal service that charged victims to take down their own images.",Section 5 Only,Privacy,Technology,Prohibition; Data Deletion; Recordkeeping; Order Administration; Compliance Monitoring,"{""Section 5 Only"": 8}"
03.16_oracle_corporation,C-4571,Oracle Corporation,2016-03-15,2016,Obama,Privacy / Deceptive Privacy Practices,deceptive,Failure to Disclose That Java SE Updates Left Older Insecure Versions Installed,"Federal Trade Commission Act, 15 U.S.C. § 45 et seq.","Edith Ramirez, Chairwoman; Julie Brill; Maureen K. Ohlhausen; Terrell McSweeny",https://www.ftc.gov/legal-library/browse/cases-proceedings/132-3115-c4571-oracle-corporation-matter,"03.16, Oracle Corporation.json",8,24,20.0,"Oracle told consumers that updating Java SE would give them 'the latest security improvements,' while the update process left older, vulnerable versions of Java installed on their computers.",Section 5 Only,Data Security,Technology,Prohibition; Consumer Notification; Recordkeeping; Order Administration; Compliance Monitoring,"{""Section 5 Only"": 8}"
03.16_sitesearch_corporation_doing_business_as_leaplab,CV-14-02750-PHX-NVW,Sitesearch Corporation,2016-03-15,2016,Obama,Other,unfair,Unfair Sale of Sensitive Consumer Financial Information to Non-Lenders,"Section 13(b) of the Federal Trade Commission Act, 15 U.S.C. § 53(b) and Section 5(a) of the FTC Act, 15 U.S.C. § 45(a)",,https://www.ftc.gov/legal-library/browse/cases-proceedings/142-3192-x150060-sitesearch-corporation-doing-business-leaplab,"03.16, Sitesearch Corporation, Doing Business As LeapLab.json",10,33,20.0,LeapLab collected consumers' sensitive payday loan applications and sold them to telemarketers and fraudulent merchants who used the data to make unauthorized bank account debits.,Section 5 Only,Privacy; Financial Practices,Financial Services,Prohibition; Data Deletion; Monetary Penalty; Order Administration; Compliance Monitoring; Recordkeeping,"{""Section 5 Only"": 10}"
05.16_credit_protection_association,3:16-cv-01255-D,"Credit Protection Association, LP",2016-05-15,2016,Obama,Fair Credit Reporting (FCRA),both,Lack of Reasonable Written Policies and Procedures; Failure to Report Results of Investigation,"Section 5(a) of the Federal Trade Commission Act, 15 U.S.C. § 45(a); Section 621(a) of the Fair Credit Reporting Act, 15 U.S.C. § 1681s(a); and the Duties of Furnishers of Information to Consumer Reporting Agencies (Furnisher Rule), 16 C.F.R. § 660 / 12 C.F.R. § 1022, Subpart E",,https://www.ftc.gov/legal-library/browse/cases-proceedings/142-3142-credit-protection-association,"05.16, Credit Protection Association.json",8,29,20.0,"Credit Protection Association furnished consumer data to credit bureaus without the required written accuracy and integrity policies, and failed to complete dispute investigations on time.",FCRA,Financial Practices,Financial Services,Prohibition; Monetary Penalty; Order Administration; Compliance Monitoring; Recordkeeping,"{""FCRA"": 8}"
05.16_henry_schein_practice_solutions,C-4575,"Henry Schein Practice Solutions, Inc.",2016-05-15,2016,Obama,Health Data; AI / Algorithmic / Facial Recognition,deceptive,Deceptive Claims of Encryption – Industry-Standard; Deceptive Claims of Encryption – Regulatory Obligations,"Federal Trade Commission Act, 15 U.S.C. § 45 et seq.","Edith Ramirez, Chairwoman; Maureen K. Ohlhausen; Terrell McSweeny",https://www.ftc.gov/legal-library/browse/cases-proceedings/142-3161-c4575-henry-schein-practice-solutions-inc-matter,"05.16, Henry Schein Practice Solutions.json",10,26,20.0,"Henry Schein falsely marketed its dental software as providing industry-standard encryption for patient data when it actually used a weaker, proprietary algorithm.",Section 5 Only,Data Security,Healthcare; Technology,Prohibition; Consumer Notification; Monetary Penalty; Consumer Redress; Recordkeeping; Order Administration; Compliance Monitoring,"{""Section 5 Only"": 10}"
06.16_inmobi_pte,3:16-cv-3474,InMobi Pte Ltd.,2016-06-15,2016,Obama,COPPA / Children's Privacy; Privacy / Deceptive Privacy Practices,deceptive,Location Tracking Without API Permission; Location Tracking Without Opt-In Consent; Collection of Children'sPersonal Information; COPPA Rule Violations,"Sections 5(a)(1), 5(m)(1)(A), 13(b), and 16(a) of the Federal Trade Commission Act, 15 U.S.C. §§ 45(a)(1), 45(m)(1)(A), 53(b), and 56(a); Sections 1303(c) and 1306(d) of the Children's Online Privacy Protection Act of 1998, 15 U.S.C. §§ 6502(c) and 6505(d); Children's Online Privacy Protection Rule, 16 C.F.R. Part 312",,https://www.ftc.gov/legal-library/browse/cases-proceedings/152-3203-inmobi-pte-ltd,"06.16, InMobi Pte.json",14,38,20.0,InMobi secretly tracked users' locations without permission and collected personal data from children across thousands of apps without parental consent.,COPPA,Privacy; Surveillance,Technology,Prohibition; Data Deletion; Monetary Penalty; Order Administration; Comprehensive Security Program; Third-Party Assessment; Compliance Monitoring; Recordkeeping,"{""COPPA"": 14}"
07.16_asustek_computer,C-4587,"ASUSTeK Computer, Inc.",2016-07-15,2016,Obama,Data Security; Privacy / Deceptive Privacy Practices,deceptive,Router Security Misrepresentations; AiCloud Security Misrepresentations; AiDisk Security Misrepresentations; Firmware Upgrade Tool Misrepresentations; Unfair Security Practices,Section 5 of the Federal Trade Commission Act,"Edith Ramirez, Chairwoman; Maureen K. Ohlhausen; Terrell McSweeny",https://www.ftc.gov/legal-library/browse/cases-proceedings/142-3156-asustek-computer-inc-matter,"07.16, ASUSTeK Computer.json",9,38,20.0,ASUS marketed its routers as secure while leaving them vulnerable to authentication bypass attacks and exposing users' USB storage to public internet access by default.,Section 5 Only,Data Security,Technology,Prohibition; Comprehensive Security Program; Third-Party Assessment; Consumer Notification; Recordkeeping; Order Administration; Compliance Monitoring,"{""Section 5 Only"": 9}"
08.16_practice_fusion,C-4591,"Practice Fusion, Inc.",2016-08-15,2016,Obama,Health Data,deceptive,Deceptive Failure to Disclose Public Posting of Survey Responses,"Federal Trade Commission Act, 15 U.S.C. § 45 et seq.","Edith Ramirez, Chairwoman; Maureen K. Ohlhausen; Terrell McSweeny",https://www.ftc.gov/legal-library/browse/cases-proceedings/142-3039-practice-fusion-inc-matter,"08.16, Practice Fusion.json",8,25,20.0,"Practice Fusion sent patient satisfaction surveys implying responses would go privately to doctors, while actually posting them publicly on a physician rating website.",Section 5 Only,Privacy,Healthcare; Technology,Prohibition; Data Deletion; Order Administration; Compliance Monitoring; Recordkeeping,"{""Section 5 Only"": 8}"
08.16_very_incognito_technologies,C-4580,"Very Incognito Technologies, Inc.",2016-08-15,2016,Obama,Privacy / Deceptive Privacy Practices,deceptive,False APEC CBPR Certification Claim,Section 5(a) of the Federal Trade Commission Act,"Edith Ramirez, Chairwoman; Maureen K. Ohlhausen; Terrell McSweeny",https://www.ftc.gov/legal-library/browse/cases-proceedings/162-3034-very-incognito-technologies-matter,"08.16, Very Incognito Technologies.json",6,18,20.0,Vipvape falsely claimed in its privacy policy to participate in the APEC Cross-Border Privacy Rules system without ever obtaining the required certification.,Section 5 Only,Privacy,Retail,Prohibition; Order Administration; Compliance Monitoring; Recordkeeping,"{""Section 5 Only"": 6}"
09.16_labmd,No. 9357,"LabMD, Inc.",2016-09-15,2016,Obama,Data Security,unfair,Unfair Data Security Practices — Section 5 of the FTC Act,,,https://www.ftc.gov/legal-library/browse/cases-proceedings/102-3099-labmd-inc-matter,"09.16, LabMD.json",1,2,,"LabMD allegedly failed to implement reasonable data security practices, resulting in sensitive patient information becoming accessible on a public peer-to-peer file-sharing network.",Section 5 Only,Data Security,Healthcare,Order Administration,"{""Section 5 Only"": 1}"
02.17_vizio_inc._and_vizio_inscape_services,Case 2:17-cv-00758,"VIZIO, Inc.",2017-02-15,2017,Trump (1st),Privacy / Deceptive Privacy Practices; AI / Algorithmic / Facial Recognition,both,Unfair Tracking Without Consumer Consent; Deceptive Omission Regarding Smart Interactivity; Deceptive Representation Regarding Smart Interactivity,"Section 5(a) of the Federal Trade Commission Act, 15 U.S.C. § 45(a); Section 13(b) of the Federal Trade Commission Act, 15 U.S.C. § 53(b)",,https://www.ftc.gov/legal-library/browse/cases-proceedings/162-3024-vizio-inc-vizio-inscape-services-llc,"02.17, VIZIO, INC. and VIZIO Inscape Services.json",12,45,20.0,VIZIO covertly collected second-by-second television viewing data from millions of consumers by default and sold it to third parties while describing the feature only as providing 'program offers and suggestions.',Section 5 Only,Privacy; Surveillance,Technology,Prohibition; Data Deletion; Third-Party Assessment; Monetary Penalty; Consumer Redress; Order Administration; Compliance Monitoring; Recordkeeping,"{""Section 5 Only"": 12}"
03.17_upromise,C-4351,"Upromise, Inc.",2017-03-15,2017,Trump (1st),Data Security; Privacy / Deceptive Privacy Practices,deceptive,Failure to Clearly and Prominently Disclose Targeting Tool Data Collection and Use; Failure to Obtain Compliant Third-Party Assessments Covering the RewardU Targeting Tool,"Section 5(l) and Section 16(a)(1) of the Federal Trade Commission Act, 15 U.S.C. §§ 45(l) and 56(a)(1)",,https://www.ftc.gov/legal-library/browse/cases-proceedings/102-3116-c-4351-upromise-inc,"03.17, Upromise.json",22,58,20.0,Upromise violated a prior FTC order by burying required data collection disclosures in tiny gray text and obtaining sham compliance assessments that did not actually evaluate its RewardU toolbar.,Section 5 Only,Privacy; Surveillance,Technology; Financial Services,Prohibition; Monetary Penalty; Third-Party Assessment; Data Deletion; Order Administration; Compliance Monitoring; Recordkeeping; Consumer Notification; Comprehensive Security Program,"{""Section 5 Only"": 22}"
04.17_turn,C-4612,Turn Inc.,2017-04-15,2017,Trump (1st),Privacy / Deceptive Privacy Practices,deceptive,Misrepresentations about Deleting Cookies; Misrepresentations About Effectiveness of Opt-Out Mechanism,Federal Trade Commission Act,"Maureen K. Ohlhausen, Acting Chairman; Terrell McSweeny",https://www.ftc.gov/legal-library/browse/cases-proceedings/152-3099-turn-inc-matter,"04.17, Turn.json",8,24,20.0,"Turn Inc. falsely told consumers that deleting cookies would stop its tracking, while secretly using unkillable Verizon tracking headers to continue surveillance.",Section 5 Only,Privacy,Technology,Prohibition; Consumer Notification; Order Administration; Compliance Monitoring; Recordkeeping,"{""Section 5 Only"": 8}"
09.17_ashley_madison,Case 1:16-cv-02438,Ruby Corp.,2017-09-15,2017,Trump (1st),Data Security; Privacy / Deceptive Privacy Practices,both,Misrepresentations Regarding Network Security; Misrepresentations Regarding User Profiles; Misrepresentations Regarding the Terms and Conditions for Deleting Profiles; Misrepresentations Regarding Data Security Seal; Unfair Security Practices,"Section 5(a) of the Federal Trade Commission Act, 15 U.S.C. § 45(a); Section 13(b) of the Federal Trade Commission Act, 15 U.S.C. § 53(b)",,https://www.ftc.gov/legal-library/browse/cases-proceedings/152-3284-ashley-madison,"09.17, Ashley Madison.json",11,48,20.0,"Ashley Madison used fake female profiles to lure users into paid memberships, falsely advertised a nonexistent security award, and charged for a deletion service that did not work.",Section 5 Only,Data Security; Deceptive Design / Dark Patterns,Technology; Social Media,Prohibition; Comprehensive Security Program; Third-Party Assessment; Monetary Penalty; Consumer Redress; Order Administration; Compliance Monitoring; Recordkeeping,"{""Section 5 Only"": 11}"
11.17_decusoft,C-4630,"Decusoft, LLC",2017-11-15,2017,Trump (1st),Privacy / Deceptive Privacy Practices,deceptive,False Privacy Shield Certification Claim,Section 5(a) of the Federal Trade Commission Act,"Maureen K. Ohlhausen, Acting Chairman; Terrell McSweeny",https://www.ftc.gov/legal-library/browse/cases-proceedings/172-3173-decusoft-llc-matter,"11.17, Decusoft.json",6,18,20.0,Decusoft falsely claimed on its website to be certified under both the EU-U.S. and Swiss-U.S. Privacy Shield Frameworks when it had never completed the certification process.,Section 5 Only,Privacy,Technology,Prohibition; Order Administration; Compliance Monitoring; Recordkeeping,"{""Section 5 Only"": 6}"
11.17_md7,C-4629,"Md7, LLC",2017-11-15,2017,Trump (1st),Privacy / Deceptive Privacy Practices,deceptive,False Claim of EU-U.S. Privacy Shield Participation,Section 5(a) of the Federal Trade Commission Act,"Maureen K. Ohlhausen, Acting Chairman; Terrell McSweeny",https://www.ftc.gov/legal-library/browse/cases-proceedings/172-3172-md7-llc-matter,"11.17, Md7.json",6,18,20.0,Md7 falsely claimed in its privacy policy to be certified under the EU-U.S. Privacy Shield Framework when it had only begun but never completed the application.,Section 5 Only,Privacy,Telecom,Prohibition; Order Administration; Compliance Monitoring; Recordkeeping,"{""Section 5 Only"": 6}"
11.17_taxslayer,C-4626,"TaxSlayer, LLC",2017-11-15,2017,Trump (1st),Data Security; Privacy / Deceptive Privacy Practices; Gramm-Leach-Bliley,both,Violations of the Privacy Rule and Reg. P; Violations of the Safeguards Rule,"Section 5(a) of the Federal Trade Commission Act, 15 U.S.C. § 45(a); the Privacy of Consumer Financial Information Rule, 16 C.F.R. Part 313; the Standards for Safeguarding Customer Information Rule, 16 C.F.R. Part 314","Maureen K. Ohlhausen, Acting Chairman; Terrell McSweeny",https://www.ftc.gov/legal-library/browse/cases-proceedings/162-3063-taxslayer-matter,"11.17, TaxSlayer.json",7,31,20.0,"TaxSlayer, a tax preparation service handling highly sensitive financial data, lacked a written security program, performed no risk assessments, and buried its privacy notice in a license agreement.",GLBA,Data Security; Privacy,Financial Services,Prohibition; Third-Party Assessment; Order Administration; Compliance Monitoring; Recordkeeping,"{""GLBA"": 7}"
11.17_tru_communication,C-4628,"Tru Communication, Inc.",2017-11-15,2017,Trump (1st),Privacy / Deceptive Privacy Practices,deceptive,False Representation of EU-U.S. Privacy Shield Participation,Section 5(a) of the Federal Trade Commission Act,"Maureen K. Ohlhausen, Acting Chairman; Terrell McSweeny",https://www.ftc.gov/legal-library/browse/cases-proceedings/172-3171-tru-communication-inc-matter,"11.17, Tru Communication.json",6,18,20.0,Tru Communication falsely claimed its website would remain compliant with the EU-U.S. Privacy Shield Framework when it had never completed the certification process.,Section 5 Only,Privacy,Other,Prohibition; Order Administration; Compliance Monitoring; Recordkeeping,"{""Section 5 Only"": 6}"
01.18_jerk_dba_jerk.com,9361,"Jerk, LLC",2018-01-15,2018,Trump (1st),Other,deceptive,Misrepresentation of Content Source; Misrepresentation of Membership Benefits,"Section 5(a) of the Federal Trade Commission Act, 15 U.S.C. § 45(a)","Maureen K. Ohlhausen, Acting Chairman; Terrell McSweeny",https://www.ftc.gov/legal-library/browse/cases-proceedings/122-3141-jerk-llc-dba-jerkcom-matter,"01.18, Jerk, dba Jerk.com.json",2,4,5.0,Jerk.com misrepresented that profile content was created by users and that paid memberships would provide meaningful dispute rights.,Section 5 Only,Deceptive Design / Dark Patterns,Social Media,Compliance Monitoring; Other,"{""Section 5 Only"": 2}"
01.18_lenovo,C-4636,Lenovo (United States) Inc.,2018-01-15,2018,Trump (1st),Data Security; Privacy / Deceptive Privacy Practices,deceptive,Deceptive Failure to Disclose; Unfair Preinstallation of Man-in-the-Middle Software; Unfair Security Practices,"Section 5(a) of the Federal Trade Commission Act, 15 U.S.C. § 45(a)","Maureen K. Ohlhausen, Acting Chairman; Terrell McSweeny",https://www.ftc.gov/legal-library/browse/cases-proceedings/152-3134-lenovo-inc,"01.18, Lenovo.json",9,32,20.0,Lenovo preinstalled man-in-the-middle adware on consumer laptops that intercepted encrypted web traffic and created serious security vulnerabilities without adequate disclosure.,Section 5 Only,Data Security; Surveillance,Technology,Prohibition; Comprehensive Security Program; Third-Party Assessment; Order Administration; Compliance Monitoring; Recordkeeping,"{""Section 5 Only"": 9}"
01.18_vtech_electronics_limited,1:18-cv-00114,"VTech Electronics Limited and VTech Electronics North America, LLC",2018-01-15,2018,Trump (1st),COPPA / Children's Privacy; Data Security; Privacy / Deceptive Privacy Practices,both,COPPA Rule Violations (Kid Connect); False Encryption Representation (FTC Act Section 5),Section 5(a) of the Federal Trade Commission Act (15 U.S.C. § 45(a)); Sections 1303(c) and 1306(d) of the Children's Online Privacy Protection Act (15 U.S.C. §§ 6502(c) and 6505(d)); Children's Online Privacy Protection Rule (16 C.F.R. Part 312),,https://www.ftc.gov/legal-library/browse/cases-proceedings/162-3032-vtech-electronics-limited,"01.18, VTech Electronics Limited.json",11,36,20.0,"VTech collected children's personal data through its online services without parental consent, maintained inadequate security, and falsely claimed personal information was encrypted during transmission.",COPPA,Privacy; Data Security,Technology; Education,Prohibition; Monetary Penalty; Consumer Redress; Comprehensive Security Program; Third-Party Assessment; Order Administration; Compliance Monitoring; Recordkeeping,"{""COPPA"": 11}"
02.18_prime_sites,2:18-cv-199,"Prime Sites, Inc.",2018-02-15,2018,Trump (1st),COPPA / Children's Privacy; Privacy / Deceptive Privacy Practices; Telemarketing / Do-Not-Call,deceptive,"COPPA Rule Violations — Failure to Provide Notice, Direct Notice to Parents, and Obtain Verifiable Parental Consent; False Representation of Not Collecting Children's Personal Information; False Representations Regarding Casting Opportunities to Sell Pro Memberships","Sections 5(a)(1), 5(m)(1)(A), 13(b), and 16(a) of the Federal Trade Commission Act, 15 U.S.C. §§ 45(a)(1), 45(m)(1)(A), 53(b), and 56(a); Sections 1303(c) and 1306(d) of the Children's Online Privacy Protection Act of 1998, 15 U.S.C. §§ 6502(c) and 6505(d); and the Children's Online Privacy Protection Rule, 16 C.F.R. Part 312",,https://www.ftc.gov/legal-library/browse/cases-proceedings/162-3218-prime-sites-inc-explore-talent,"02.18, Prime Sites.json",8,36,20.0,"Explore Talent collected personal information from over 100,000 children without parental consent and used false promises of casting opportunities to sell paid memberships.",COPPA,Privacy,Technology,Prohibition; Data Deletion; Monetary Penalty; Order Administration; Compliance Monitoring; Recordkeeping,"{""COPPA"": 8}"
02.18_sears_holdings_management_corporation,C-4264,Sears Holdings Management Corporation,2018-02-15,2018,Trump (1st),Privacy / Deceptive Privacy Practices,deceptive,Deceptive Failure to Disclose Scope of Tracking Software,Section 5(a) of the Federal Trade Commission Act,"Jon Leibowitz, Chairman; Pamela Jones Harbour; William E. Kovacic; J. Thomas Rosch",https://www.ftc.gov/legal-library/browse/cases-proceedings/082-3099-c-4264-sears-holdings-management-corporation-corporation-matter,"02.18, Sears Holdings Management Corporation.json",2,2,,Sears secretly installed software on consumers' computers that tracked nearly all internet activity — including financial and health data from secure sessions — while describing it as simple 'online browsing' research.,Section 5 Only,Surveillance,Retail,Order Administration; Recordkeeping,"{""Section 5 Only"": 2}"
05.18_paypal,C-4651,"PayPal, Inc.",2018-05-15,2018,Trump (1st),Data Security; Privacy / Deceptive Privacy Practices; Gramm-Leach-Bliley,deceptive,Deceptive Fund Transfer Representations; Deceptive Default Audience Privacy Setting; Deceptive Individual Audience Privacy Setting; False Bank-Grade Security Claim; Violation of Privacy Rule and Reg. P; Violation of the Safeguards Rule,"Section 5(a) of the Federal Trade Commission Act, 15 U.S.C. § 45(a); the Privacy of Consumer Financial Information Rule (Reg. P), 16 C.F.R. Part 313; and the Standards for Safeguarding Customer Information Rule (Safeguards Rule), 16 C.F.R. Part 314","Joseph J. Simons, Chairman; Maureen K. Ohlhausen; Noah Joshua Phillips; Rohit Chopra; Rebecca Kelly Slaughter",https://www.ftc.gov/legal-library/browse/cases-proceedings/162-3102-paypal-inc-matter,"05.18, PayPal.json",10,30,20.0,"Venmo misled consumers about fund availability, privacy settings that did not work as described, and its bank-grade security claim while also violating Gramm-Leach-Bliley rules.",GLBA,Privacy; Data Security; Financial Practices,Financial Services; Technology,Prohibition; Consumer Notification; Third-Party Assessment; Order Administration; Compliance Monitoring; Recordkeeping,"{""GLBA"": 10}"
09.18_apartment_hunters_et_al.,8:18-CV-01636,"Apartment Hunters, Inc.",2018-09-15,2018,Trump (1st),Other,deceptive,False or Misleading Representations About Listing Accuracy and Availability; False or Misleading Representations About Speed of Finding Housing; False or Misleading Representations About Exclusive Listings Not Found on Free Websites,"Section 13(b) of the Federal Trade Commission Act, 15 U.S.C. § 53(b), and Section 5(a) of the FTC Act, 15 U.S.C. § 45(a)",,https://www.ftc.gov/legal-library/browse/cases-proceedings/172-3007-apartment-hunters-inc-et-al-wetakesection8com,"09.18, Apartment Hunters et al..json",8,23,20.0,"Apartment Hunters charged fees for access to rental listings that were mostly inaccurate, unavailable, or identical to what was available for free online.",Section 5 Only,Other,Other,Prohibition; Monetary Penalty; Order Administration; Compliance Monitoring; Recordkeeping,"{""Section 5 Only"": 8}"
09.18_blu_products_and_samuel_ohev-zion,C-4657,"BLU PRODUCTS, INC.",2018-09-15,2018,Trump (1st),Data Security; Privacy / Deceptive Privacy Practices; Location / Geolocation Data,both,Deceptive Representation Regarding Disclosure of Personal Information; Deceptive Representation Regarding Data Security Practices,Federal Trade Commission Act,"Joseph J. Simons, Chairman; Maureen K. Ohlhausen; Noah Joshua Phillips; Rohit Chopra; Rebecca Kelly Slaughter",https://www.ftc.gov/legal-library/browse/cases-proceedings/172-3025-blu-products-samuel-ohev-zion-matter,"09.18, BLU Products and Samuel Ohev-Zion.json",9,41,20.0,"BLU Products sold smartphones with preinstalled software that secretly transmitted users' text messages, location data, and contact lists to servers in China.",Section 5 Only,Privacy; Data Security,Technology,Prohibition; Comprehensive Security Program; Third-Party Assessment; Order Administration; Compliance Monitoring; Recordkeeping,"{""Section 5 Only"": 9}"
09.18_integrated_flight_solutions,3:18-cv-1658,Integrated Flight Solutions LLC,2018-09-15,2018,Trump (1st),Health Data,unfair,Unfair Acts or Practices — Sale of Fake Documents Facilitating Fraud,"Section 5(a) of the Federal Trade Commission Act, 15 U.S.C. § 45(a); Section 13(b) of the Federal Trade Commission Act, 15 U.S.C. § 53(b)",,https://www.ftc.gov/legal-library/browse/cases-proceedings/172-3151-integrated-flight-solutions-et-al,"09.18, Integrated Flight Solutions.json",9,31,20.0,NoveltyExcuses.com sold fake financial documents—including pay stubs and insurance cards—designed to look authentic enough to deceive lenders and landlords.,Section 5 Only,Other,Other,Prohibition; Monetary Penalty; Consumer Redress; Order Administration; Compliance Monitoring; Recordkeeping,"{""Section 5 Only"": 9}"
09.18_katrina_moore,5:18-cv-01960,Innovative Paycheck Solutions,2018-09-15,2018,Trump (1st),Other,both,Unfair Acts or Practices — Sale of Fake Financial Documents,"Section 5(a) of the Federal Trade Commission Act, 15 U.S.C. § 45(a)",,https://www.ftc.gov/legal-library/browse/cases-proceedings/172-3111-katrina-moore,"09.18, Katrina Moore.json",9,28,20.0,Innovative Paycheck Solutions sold fake pay stubs and bank statements marketed as authentic-looking documents for use in deceiving lenders and landlords.,Section 5 Only,Other,Other,Prohibition; Monetary Penalty; Consumer Redress; Order Administration; Compliance Monitoring; Recordkeeping,"{""Section 5 Only"": 9}"
10.18_idmission,C-4665,IDmission LLC,2018-10-15,2018,Trump (1st),Privacy / Deceptive Privacy Practices,deceptive,Privacy Shield Misrepresentation,Section 5(a) of the Federal Trade Commission Act,"Joseph J. Simons, Chairman; Noah Joshua Phillips; Rohit Chopra; Rebecca Kelly Slaughter; Christine S. Wilson",https://www.ftc.gov/legal-library/browse/cases-proceedings/182-3150-idmission-llc-matter,"10.18, IDmission.json",6,18,20.0,IDmission publicly claimed Privacy Shield certification on its website despite never completing the required certification steps.,Section 5 Only,Privacy,Technology,Prohibition; Order Administration; Compliance Monitoring; Recordkeeping,"{""Section 5 Only"": 6}"
10.18_realpage,3:18-cv-02737-N,"RealPage, Inc.",2018-10-15,2018,Trump (1st),Fair Credit Reporting (FCRA),unfair,Failure to Follow Reasonable Procedures to Assure Maximum Possible Accuracy — Violation of FCRA Section 607(b),"Section 5(a) of the Federal Trade Commission Act, 15 U.S.C. § 45(a); Section 13(b) of the Federal Trade Commission Act, 15 U.S.C. § 53(b); Section 16(a)(1) of the Federal Trade Commission Act, 15 U.S.C. § 56(a)(1); Section 621(a) of the Fair Credit Reporting Act, 15 U.S.C. § 1681s(a)",,https://www.ftc.gov/legal-library/browse/cases-proceedings/152-3059-realpage-inc,"10.18, RealPage.json",8,23,,"RealPage used overly broad, inaccurate criminal record matching in tenant screening reports, causing wrong individuals' records to appear in consumer files.",FCRA,Financial Practices,Technology,Prohibition; Monetary Penalty; Order Administration; Compliance Monitoring; Recordkeeping,"{""FCRA"": 8}"
10.18_uber_technologies,C-4662,"Uber Technologies, Inc.",2018-10-15,2018,Trump (1st),Data Security; Privacy / Deceptive Privacy Practices; Location / Geolocation Data,deceptive,False Claim of Ongoing Data Access Monitoring; False Claim of Reasonable Data Security Practices,"Federal Trade Commission Act, 15 U.S.C. § 45(a)","Joseph J. Simons, Chairman; Noah Joshua Phillips; Rohit Chopra; Rebecca Kelly Slaughter; Christine S. Wilson",https://www.ftc.gov/legal-library/browse/cases-proceedings/152-3054-c-4662-uber-technologies-inc-matter,"10.18, Uber Technologies.json",9,38,20.0,"Uber falsely claimed to rigorously monitor employee access to rider and driver data and to use industry-standard security, when its actual practices fell far short.",Section 5 Only,Data Security; Privacy,Technology,Prohibition; Comprehensive Security Program; Third-Party Assessment; Compliance Monitoring; Order Administration; Recordkeeping,"{""Section 5 Only"": 9}"
11.18_mresource,C-4663,mResource LLC,2018-11-15,2018,Trump (1st),Privacy / Deceptive Privacy Practices,deceptive,Privacy Shield Participation Misrepresentation,Section 5(a) of the Federal Trade Commission Act,"Joseph J. Simons, Chairman; Noah Joshua Phillips; Rohit Chopra; Rebecca Kelly Slaughter; Christine S. Wilson",https://www.ftc.gov/legal-library/browse/cases-proceedings/182-3143-mresource-llc-loop-works-llc-matter,"11.18, mResource.json",6,18,20.0,mResource continued claiming current Privacy Shield participation on its website after its certification expired without renewal.,Section 5 Only,Privacy,Other,Prohibition; Order Administration; Compliance Monitoring; Recordkeeping,"{""Section 5 Only"": 6}"
11.18_readytech_corporation,C-4659,ReadyTech Corporation,2018-11-15,2018,Trump (1st),Privacy / Deceptive Privacy Practices,deceptive,Privacy Shield Misrepresentation,Section 5(a) of the Federal Trade Commission Act,"Joseph J. Simons, Chairman; Noah Joshua Phillips; Rohit Chopra; Rebecca Kelly Slaughter; Christine S. Wilson",https://www.ftc.gov/legal-library/browse/cases-proceedings/182-3100-readytech-corporation-matter,"11.18, ReadyTech Corporation.json",6,19,20.0,"ReadyTech falsely claimed on its website to be actively certifying Privacy Shield compliance and committed to related dispute resolution, when it never completed certification.",Section 5 Only,Privacy,Education,Prohibition; Order Administration; Compliance Monitoring; Recordkeeping,"{""Section 5 Only"": 6}"
11.18_smartstart_employment_screening,C-4666,"SmartStart Employment Screening, Inc.",2018-11-15,2018,Trump (1st),Privacy / Deceptive Privacy Practices,deceptive,Privacy Shield Participation Misrepresentation; Misrepresentation Regarding Continuing Privacy Shield Obligations,Section 5(a) of the Federal Trade Commission Act,"Joseph J. Simons, Chairman; Noah Joshua Phillips; Rohit Chopra; Rebecca Kelly Slaughter; Christine S. Wilson",https://www.ftc.gov/legal-library/browse/cases-proceedings/182-3154-smartstart-employment-screening-inc-matter,"11.18, SmartStart Employment Screening.json",7,19,20.0,SmartStart claimed current Privacy Shield participation for nearly a year after its certification lapsed and never affirmed it would continue protecting EU personal data after withdrawal.,Section 5 Only,Privacy,Technology,Prohibition; Order Administration; Compliance Monitoring; Recordkeeping,"{""Section 5 Only"": 7}"
11.18_venpath,C-4664,"VenPath, Inc.",2018-11-15,2018,Trump (1st),Privacy / Deceptive Privacy Practices,deceptive,Privacy Shield Participation Misrepresentation; Misrepresentation Regarding Continuing Obligations,Section 5(a) of the Federal Trade Commission Act,"Joseph J. Simons, Chairman; Noah Joshua Phillips; Rohit Chopra; Rebecca Kelly Slaughter; Christine S. Wilson",https://www.ftc.gov/legal-library/browse/cases-proceedings/182-3144-venpath-inc-matter,"11.18, VenPath.json",7,20,20.0,VenPath continued claiming active Privacy Shield participation after its certification expired and failed to affirm it would continue protecting EU consumer data.,Section 5 Only,Privacy,Technology,Prohibition; Order Administration; Compliance Monitoring; Recordkeeping,"{""Section 5 Only"": 7}"
02.19_musical.ly,2:19-cv-1439,Musical.ly,2019-02-15,2019,Trump (1st),COPPA / Children's Privacy; Privacy / Deceptive Privacy Practices,both,Failure to Provide Notice of Information Practices; Failure to Provide Direct Notice to Parents; Failure to Obtain Verifiable Parental Consent; Failure to Delete Children's Personal Information Upon Parental Request; Unlawful Retention of Children's Personal Information,"Sections 5(a)(1), 5(m)(1)(A), 13(b), and 16(a) of the Federal Trade Commission Act, 15 U.S.C. §§ 45(a)(1), 45(m)(1)(A), 53(b), and 56(a), and Sections 1303(c) and 1306(d) of the Children's Online Privacy Protection Act of 1998, 15 U.S.C. §§ 6502(c) and 6505(d)",,https://www.ftc.gov/legal-library/browse/cases-proceedings/172-3004-musically-inc,"02.19, Musical.ly.json",10,33,,Musical.ly knowingly collected personal data from millions of children under 13 without parental notice or consent and failed to delete children's data when parents requested it.,COPPA,Privacy,Social Media,Prohibition; Data Deletion; Monetary Penalty; Consumer Redress; Compliance Monitoring; Order Administration; Recordkeeping,"{""COPPA"": 10}"
04.19_unixiz_doing_business_as_i-dressup.com,5:19-cv-2222,"UNIXIZ, Inc.",2019-04-15,2019,Trump (1st),COPPA / Children's Privacy; Data Security; Privacy / Deceptive Privacy Practices,both,"COPPA Rule Violations — Collection, Use, and Disclosure of Children's Personal Information","Sections 5(a)(1), 5(m)(1)(A), 13(b), and 16(a) of the Federal Trade Commission Act, 15 U.S.C. §§ 45(a)(1), 45(m)(1)(A), 53(b), and 56(a); Sections 1303(c) and 1306(d) of the Children's Online Privacy Protection Act of 1998, 15 U.S.C. §§ 6502(c) and 6505(d)",,https://www.ftc.gov/legal-library/browse/cases-proceedings/172-3002-unixiz-inc-doing-business-i-dressupcom,"04.19, Unixiz doing business as i-Dressup.com.json",12,46,,"UNIXIZ collected personal information from over 245,000 children on its gaming site without verifiable parental consent and with grossly inadequate data security.",COPPA,Privacy; Data Security,Technology; Social Media,Prohibition; Monetary Penalty; Comprehensive Security Program; Third-Party Assessment; Compliance Monitoring; Order Administration; Recordkeeping,"{""COPPA"": 12}"
07.19_d-link,3:17-CV-00039-JD,"D-Link Systems, Inc.",2019-07-15,2019,Trump (1st),Data Security,deceptive,Unfair Security Practices; Security Event Response Policy Misrepresentation; Router Promotional Misrepresentations; IP Camera Promotional Misrepresentations; Router GUI Misrepresentations; IP Camera GUI Misrepresentations,"Section 5(a) of the Federal Trade Commission Act, 15 U.S.C. § 45(a)",,https://www.ftc.gov/legal-library/browse/cases-proceedings/132-3157-x170030-d-link,"07.19, D-Link.json",10,38,20.0,"D-Link marketed routers and IP cameras as secure while leaving them vulnerable to hard-coded credentials, command injection flaws, and backdoors.",Section 5 Only,Data Security,Technology,Comprehensive Security Program; Third-Party Assessment; Compliance Monitoring; Prohibition; Order Administration; Recordkeeping,"{""Section 5 Only"": 10}"
07.19_equifax,1:19-cv-03297-TWT,Equifax Inc.,2019-07-15,2019,Trump (1st),Data Security; Privacy / Deceptive Privacy Practices; Fair Credit Reporting (FCRA); Gramm-Leach-Bliley; AI / Algorithmic / Facial Recognition; Telemarketing / Do-Not-Call,unfair,Unfair Acts or Practices Regarding Data Security; Deceptive Acts or Practices Regarding Data Security to Consumers; Deceptive Acts or Practices Regarding Data Security to Small Businesses; Violations of the GLB Act Safeguards Rule,"Section 5(a) of the Federal Trade Commission Act, 15 U.S.C. § 45(a); Standards for Safeguarding Customer Information Rule (Safeguards Rule), 16 C.F.R. Part 314, issued pursuant to Sections 501-504 of the Gramm-Leach-Bliley Act, 15 U.S.C. §§ 6801-6804",,https://www.ftc.gov/legal-library/browse/cases-proceedings/172-3203-equifax-inc,"07.19, Equifax.json",22,83,20.0,Equifax's failure to patch a known security vulnerability for over four months led to a breach exposing the personal information of approximately 147 million consumers.,GLBA,Data Security,Financial Services,Prohibition; Comprehensive Security Program; Third-Party Assessment; Compliance Monitoring; Monetary Penalty; Consumer Redress; Consumer Notification; Order Administration; Recordkeeping,"{""GLBA"": 22}"
07.19_facebook,19-cv-2184,"Facebook, Inc.",2019-07-15,2019,Trump (1st),Data Security; Privacy / Deceptive Privacy Practices; AI / Algorithmic / Facial Recognition,deceptive,Privacy Settings Misrepresentation (Dec 2012 - Apr 2014); F8 Announcement and Privacy Settings Misrepresentation (Apr 2014 - Apr 2015); Whitelisted Developers Access (Apr 2015 - Jun 2018); Failure to Implement Reasonable Privacy Program; Facial Recognition Opt-In Misrepresentation; Deceptive Use of Phone Numbers for Advertising,"Sections 5(a), 5(l), 13(b), and 16(a)(1) of the Federal Trade Commission Act, 15 U.S.C. §§ 45(a), 45(l), 53(b), and 56(a)(1)",,https://www.ftc.gov/legal-library/browse/cases-proceedings/092-3184-182-3109-c-4365-facebook-inc-matter,"07.19, Facebook.json",16,80,20.0,,,,,,{}
07.19_james_v._grago_jr._doing_business_as_clixsense.com,C-4678,"James V. Grago, Jr., individually and d/b/a ClixSense.com",2019-07-15,2019,Trump (1st),Data Security; Privacy / Deceptive Privacy Practices,both,Deception: Misrepresentation about Encryption; Deception: Misrepresentation about Latest Security Techniques; Unfairness: Failure to Employ Reasonable Security Practices,Federal Trade Commission Act,"Joseph J. Simons, Chairman; Noah Joshua Phillips; Rohit Chopra; Rebecca Kelly Slaughter; Christine S. Wilson",https://www.ftc.gov/legal-library/browse/cases-proceedings/172-3003-james-v-grago-jr-doing-business-clixsensecom-matter,"07.19, James V. Grago, Jr. doing business as ClixSense.com.json",10,38,20.0,ClixSense.com claimed to use encryption and the latest security techniques while storing 6.6 million users' data entirely in clear text with no encryption.,Section 5 Only,Data Security,Technology,Prohibition; Comprehensive Security Program; Third-Party Assessment; Compliance Monitoring; Order Administration; Recordkeeping,"{""Section 5 Only"": 10}"
08.19_securtest,C-4685,"SecurTest, Inc.",2019-08-15,2019,Trump (1st),Privacy / Deceptive Privacy Practices,deceptive,Privacy Shield Misrepresentation,Section 5(a) of the Federal Trade Commission Act,"Joseph J. Simons, Chairman; Noah Joshua Phillips; Rohit Chopra; Rebecca Kelly Slaughter; Christine Wilson",https://www.ftc.gov/legal-library/browse/cases-proceedings/182-3152-securtest-inc-matter,"08.19, SecurTest.json",6,18,20.0,SecurTest falsely claimed Privacy Shield certification on its website after failing to complete the required certification steps.,Section 5 Only,Privacy,Financial Services,Prohibition; Order Administration; Compliance Monitoring; Recordkeeping,"{""Section 5 Only"": 6}"
09.19_google_llc_and_youtube,1:19-cv-02642,"Google LLC and YouTube, LLC",2019-09-15,2019,Trump (1st),COPPA / Children's Privacy; Privacy / Deceptive Privacy Practices,both,Violations of the Children's Online Privacy Protection Rule,"Sections 5(a)(1), 5(m)(1)(A), 13(b), and 16(a)(1) of the Federal Trade Commission Act, 15 U.S.C. §§ 45(a)(1), 45(m)(1)(A), 53(b), and 56(a)(1), and Sections 1303(c), 1305(a)(1), and 1306(d) of the Children's Online Privacy Protection Act of 1998, 15 U.S.C. §§ 6502(c), 6504(a)(1), and 6505(d)",,https://www.ftc.gov/legal-library/browse/cases-proceedings/172-3083-google-llc-youtube-llc,"09.19, Google LLC and YouTube.json",10,34,,Google and YouTube collected persistent identifiers from child viewers of child-directed YouTube channels to serve behavioral advertising without parental notice or consent.,COPPA,Privacy,Technology; Social Media,Prohibition; Monetary Penalty; Consumer Redress; Order Administration; Compliance Monitoring; Recordkeeping,"{""COPPA"": 10}"
09.19_lightyear_dealer_technologies,C-4687,"LightYear Dealer Technologies, LLC",2019-09-15,2019,Trump (1st),Data Security; Privacy / Deceptive Privacy Practices; Gramm-Leach-Bliley,unfair,Unfair Data Security Practices; Violation of the GLB Safeguards Rule,"Section 5(a) of the Federal Trade Commission Act, 15 U.S.C. § 45(a)(1), and the Standards for Safeguarding Customer Information Rule, 16 C.F.R. Part 314","Joseph J. Simons, Chairman; Noah Joshua Phillips; Rohit Chopra; Rebecca Kelly Slaughter; Christine S. Wilson",https://www.ftc.gov/legal-library/browse/cases-proceedings/172-3051-lightyear-dealer-technologies-llc-matter,"09.19, LightYear Dealer Technologies.json",11,39,20.0,"DealerBuilt stored the personal information of over 14 million consumers and 39,000 employees in clear text without access controls or a written security program.",GLBA,Data Security,Technology,Comprehensive Security Program; Third-Party Assessment; Compliance Monitoring; Prohibition; Order Administration; Recordkeeping,"{""GLBA"": 11}"
10.19_lifelock,CV-10-00530-PHX-JJT,"LifeLock, Inc.",2019-10-15,2019,Trump (1st),Data Security; Privacy / Deceptive Privacy Practices; Health Data,deceptive,False Claims of Complete Identity Theft Protection; False Claims of Address Change Protection; False Claims of Ongoing Credit Monitoring; False Claims of Guaranteed Creditor Phone Call Before New Accounts; False Claims of Reasonable Data Security Practices; False Claims of Encrypting Customer Data; False Claims of Need-to-Know Access Controls,"Section 5(a) of the Federal Trade Commission Act, 15 U.S.C. § 45(a); Section 13(b) of the Federal Trade Commission Act, 15 U.S.C. § 53(b)",,https://www.ftc.gov/legal-library/browse/cases-proceedings/072-3069-x100023-lifelock-inc-corporation,"10.19, LifeLock.json",10,35,,LifeLock falsely marketed its identity theft protection service as comprehensive and complete when it actually covered only a narrow subset of identity theft scenarios.,Section 5 Only,Data Security; Privacy,Financial Services,Prohibition; Monetary Penalty; Consumer Redress; Order Administration; Compliance Monitoring; Recordkeeping,"{""Section 5 Only"": 10}"
12.19_aleksandr_kogan_and_alexander_nix,"C-4693, C-4694","Cambridge Analytica, LLC",2019-12-15,2019,Trump (1st),Other,deceptive,Deceptive Claim Concerning the Collection of Personally Identifiable Information,Section 5 of the Federal Trade Commission Act,"Joseph J. Simons, Chairman; Noah Joshua Phillips; Rohit Chopra; Rebecca Kelly Slaughter; Christine S. Wilson",https://www.ftc.gov/legal-library/browse/cases-proceedings/182-3107-cambridge-analytica-llc-matter,"12.19, Aleksandr Kogan and Alexander Nix.json",7,24,20.0,Aleksandr Kogan and Alexander Nix built a Facebook app that falsely promised not to collect users' identifiable information while harvesting data from millions of users and their friends.,Section 5 Only,Privacy,Technology,Prohibition; Data Deletion; Order Administration; Compliance Monitoring; Recordkeeping,"{""Section 5 Only"": 7}"
12.19_cambridge_analytica,D09383,"Cambridge Analytica, LLC",2019-12-15,2019,Trump (1st),Other,deceptive,,,"Joseph J. Simons, Chairman; Noah Joshua Phillips; Rohit Chopra; Rebecca Kelly Slaughter; Christine S. Wilson",https://www.ftc.gov/legal-library/browse/cases-proceedings/182-3107-cambridge-analytica-llc-matter,"12.19, Cambridge Analytica.json",7,15,20.0,Cambridge Analytica misrepresented its data practices and privacy program participation in connection with harvesting personal data from millions of consumers.,Section 5 Only,Privacy,Technology,Prohibition; Data Deletion; Algorithmic Destruction; Compliance Monitoring; Order Administration,"{""Section 5 Only"": 7}"
12.19_unrollme,C-4692,Unrollme Inc.,2019-12-15,2019,Trump (1st),Privacy / Deceptive Privacy Practices; AI / Algorithmic / Facial Recognition,deceptive,False Representation That Personal Emails Would Not Be Touched; Failure to Disclose E-Receipt Data Collection While Claiming Inbox Access Was Only for Subscription Scanning,Section 5(a) of the Federal Trade Commission Act,"Joseph J. Simons, Chairman; Noah Joshua Phillips; Rohit Chopra; Rebecca Kelly Slaughter; Christine S. Wilson",https://www.ftc.gov/legal-library/browse/cases-proceedings/172-3139-unrollme-inc-matter,"12.19, Unrollme.json",8,20,20.0,Unrollme assured users it would never 'touch' their personal emails while secretly giving its parent company access to those inboxes to harvest and sell e-receipt data.,Section 5 Only,Privacy,Technology,Prohibition; Consumer Notification; Data Deletion; Order Administration; Compliance Monitoring; Recordkeeping,"{""Section 5 Only"": 8}"
01.20_click_labs,C-4705,"Click Labs, Inc.",2020-01-15,2020,Trump (1st),Privacy / Deceptive Privacy Practices,deceptive,Privacy Shield Misrepresentation,Section 5(a) of the Federal Trade Commission Act,"Joseph J. Simons, Chairman; Noah Joshua Phillips; Rohit Chopra; Rebecca Kelly Slaughter; Christine S. Wilson",https://www.ftc.gov/legal-library/browse/cases-proceedings/192-3090-click-labs-inc-matter,"01.20, Click Labs.json",6,18,20.0,Click Labs falsely claimed Privacy Shield certification on its website after never completing the certification process.,Section 5 Only,Privacy,Technology,Prohibition; Order Administration; Compliance Monitoring; Recordkeeping,"{""Section 5 Only"": 6}"
01.20_dcr_workforce,C-4698,"DCR Workforce, Inc.",2020-01-15,2020,Trump (1st),Privacy / Deceptive Privacy Practices,deceptive,Privacy Misrepresentation,Section 5(a) of the Federal Trade Commission Act,"Joseph J. Simons, Chairman; Noah Joshua Phillips; Rohit Chopra; Rebecca Kelly Slaughter; Christine S. Wilson",https://www.ftc.gov/legal-library/browse/cases-proceedings/182-3188-dcr-workforce-inc-matter,"01.20, DCR Workforce.json",6,18,20.0,DCR Workforce continued claiming active Privacy Shield compliance on its website after its certification had lapsed.,Section 5 Only,Privacy,Technology,Prohibition; Order Administration; Compliance Monitoring; Recordkeeping,"{""Section 5 Only"": 6}"
01.20_global_data_vault,C-4706,"Global Data Vault, LLC",2020-01-15,2020,Trump (1st),Privacy / Deceptive Privacy Practices,deceptive,Privacy Shield Participation Misrepresentation; Misrepresentation Regarding Verification; Misrepresentation Regarding Continuing Obligations,Section 5 of the Federal Trade Commission Act,"Joseph J. Simons, Chairman; Noah Joshua Phillips; Rohit Chopra; Rebecca Kelly Slaughter; Christine S. Wilson",https://www.ftc.gov/legal-library/browse/cases-proceedings/192-3093-global-data-vault-llc-matter,"01.20, Global Data Vault.json",7,21,20.0,Global Data Vault continued claiming active Privacy Shield participation after its certification expired and also failed to obtain required annual verification while certified.,Section 5 Only,Privacy,Technology,Prohibition; Order Administration; Compliance Monitoring; Recordkeeping,"{""Section 5 Only"": 7}"
01.20_incentive_services,C-4703,"Incentive Services, Inc.",2020-01-15,2020,Trump (1st),Privacy / Deceptive Privacy Practices,deceptive,Privacy Shield Misrepresentation,Section 5(a) of the Federal Trade Commission Act,"Joseph J. Simons, Chairman; Noah Joshua Phillips; Rohit Chopra; Rebecca Kelly Slaughter; Christine S. Wilson",https://www.ftc.gov/legal-library/browse/cases-proceedings/192-3078-incentive-services-inc-matter,"01.20, Incentive Services.json",6,19,20.0,Incentive Services claimed Privacy Shield compliance on its website despite never completing the certification process for either framework.,Section 5 Only,Privacy,Other,Prohibition; Order Administration; Compliance Monitoring; Recordkeeping,"{""Section 5 Only"": 6}"
01.20_infotrax_systems_l.c.,C-4696,"InfoTrax Systems, L.C.",2020-01-15,2020,Trump (1st),Data Security; Privacy / Deceptive Privacy Practices,unfair,Unfairness: Failure to Employ Reasonable Data Security Practices,"Section 5(a) of the Federal Trade Commission Act, 15 U.S.C. § 45(a)","Joseph J. Simons, Chairman; Noah Joshua Phillips; Rohit Chopra; Rebecca Kelly Slaughter; Christine S. Wilson",https://www.ftc.gov/legal-library/browse/cases-proceedings/162-3130-infotrax-systems-lc,"01.20, InfoTrax Systems, L.C..json",10,43,20.0,"InfoTrax Systems failed to implement basic data security measures for sensitive consumer financial information, allowing a hacker to access its servers seventeen times undetected over nearly two years.",Section 5 Only,Data Security,Technology,Comprehensive Security Program; Third-Party Assessment; Compliance Monitoring; Order Administration; Recordkeeping,"{""Section 5 Only"": 10}"
01.20_lotadata,C-4700,"LotaData, Inc.",2020-01-15,2020,Trump (1st),Privacy / Deceptive Privacy Practices; Location / Geolocation Data,deceptive,Privacy Shield Misrepresentation,Section 5(a) of the Federal Trade Commission Act,"Joseph J. Simons, Chairman; Noah Joshua Phillips; Rohit Chopra; Rebecca Kelly Slaughter; Christine S. Wilson",https://www.ftc.gov/legal-library/browse/cases-proceedings/182-3194-lotadata-inc-matter,"01.20, LotaData.json",6,18,20.0,LotaData falsely claimed Privacy Shield certification on its website despite never completing the required certification steps.,Section 5 Only,Privacy,Technology,Prohibition; Order Administration; Compliance Monitoring; Recordkeeping,"{""Section 5 Only"": 6}"
01.20_medable,C-4697,"Medable, Inc.",2020-01-15,2020,Trump (1st),Privacy / Deceptive Privacy Practices,deceptive,Privacy Shield Misrepresentation,Section 5(a) of the Federal Trade Commission Act,"Joseph J. Simons, Chairman; Noah Joshua Phillips; Rohit Chopra; Rebecca Kelly Slaughter; Christine S. Wilson",https://www.ftc.gov/legal-library/browse/cases-proceedings/182-3192-medable-inc-matter,"01.20, Medable.json",6,17,20.0,Medable falsely claimed to be EU/US Privacy Shield certified on its website after never completing the certification process.,Section 5 Only,Privacy,Healthcare; Technology,Prohibition; Order Administration; Compliance Monitoring; Recordkeeping,"{""Section 5 Only"": 6}"
01.20_mortgage_solutions_fcs,4:20-cv-00110,"Mortgage Solutions FCS, Inc.",2020-01-15,2020,Trump (1st),Data Security; Privacy / Deceptive Privacy Practices; Fair Credit Reporting (FCRA); Gramm-Leach-Bliley,both,"Failure to Provide Clear, Conspicuous, and Accurate Privacy Notices; Impermissible Disclosure of Nonpublic Personal Information; Impermissible Use of Consumer Reports; Failure to Develop and Implement an Information Security Program; Inadequacy of Information Security Program; Section 5 Deception — False Privacy Representation; Section 5 Unfairness — Public Disclosure of Sensitive Financial Information","Section 5(a) of the Federal Trade Commission Act, 15 U.S.C. § 45(a); Section 13(b) of the Federal Trade Commission Act, 15 U.S.C. § 53(b); Fair Credit Reporting Act, 15 U.S.C. §§ 1681-1681x; Privacy of Consumer Financial Information (Regulation P), 12 C.F.R. Part 1016; Standards for Safeguarding Customer Information (Safeguards Rule), 16 C.F.R. Part 314",,https://www.ftc.gov/legal-library/browse/cases-proceedings/182-3199-mortgage-solutions-fcs-inc,"01.20, Mortgage Solutions FCS.json",16,46,,Mortgage Solutions FCS publicly posted customers' sensitive financial and health information — including credit scores and medical conditions — in Yelp responses to negative reviews.,FCRA; GLBA,Privacy; Data Security; Financial Practices,Financial Services,Prohibition; Comprehensive Security Program; Third-Party Assessment; Compliance Monitoring; Monetary Penalty; Consumer Redress; Order Administration; Recordkeeping,"{""FCRA"": 11, ""GLBA"": 15}"
01.20_tdarx,C-4704,"TDARX, Inc.",2020-01-15,2020,Trump (1st),Privacy / Deceptive Privacy Practices,deceptive,Privacy Misrepresentation; Misrepresentation Regarding Verification; Misrepresentation Regarding Continuing Obligations,Section 5 of the Federal Trade Commission Act,"Joseph J. Simons, Chairman; Noah Joshua Phillips; Rohit Chopra; Rebecca Kelly Slaughter; Christine S. Wilson",https://www.ftc.gov/legal-library/browse/cases-proceedings/192-3084-tdarx-inc-matter,"01.20, TDARX.json",7,21,20.0,TDARX continued claiming Privacy Shield participation on its website after certification lapsed and also failed to obtain required annual verification while certified.,Section 5 Only,Privacy,Technology,Prohibition; Order Administration; Compliance Monitoring; Recordkeeping,"{""Section 5 Only"": 7}"
01.20_thru,C-4702,"Thru, Inc.",2020-01-15,2020,Trump (1st),Privacy / Deceptive Privacy Practices,deceptive,Privacy Shield Misrepresentation,Section 5(a) of the Federal Trade Commission Act,"Joseph J. Simons, Chairman; Noah Joshua Phillips; Rohit Chopra; Rebecca Kelly Slaughter; Christine S. Wilson",https://www.ftc.gov/legal-library/browse/cases-proceedings/182-3196-thru-inc-matter,"01.20, Thru.json",6,18,20.0,Thru displayed Privacy Shield compliance claims in its privacy policy after never completing the certification steps for either the EU-U.S. or Swiss-U.S. frameworks.,Section 5 Only,Privacy,Technology,Prohibition; Order Administration; Compliance Monitoring; Recordkeeping,"{""Section 5 Only"": 6}"
01.20_trueface.ai,C-4699,"214 Technologies, Inc.",2020-01-15,2020,Trump (1st),Privacy / Deceptive Privacy Practices,deceptive,Privacy Shield Misrepresentation,"Section 5(a) of the Federal Trade Commission Act, 15 U.S.C. § 45(a)","Joseph J. Simons, Chairman; Noah Joshua Phillips; Rohit Chopra; Rebecca Kelly Slaughter; Christine S. Wilson",https://www.ftc.gov/legal-library/browse/cases-proceedings/1923019-openx-technologies-inc,"01.20, Trueface.ai.json",6,18,20.0,Trueface.ai falsely claimed it had self-certified to the EU-U.S. Privacy Shield framework when it had never completed the certification process.,Section 5 Only,Privacy; AI / Automated Decision-Making,Technology,Prohibition; Order Administration; Compliance Monitoring; Recordkeeping,"{""Section 5 Only"": 6}"
02.20_office_depot,9:19-cv-80431,"Office Depot, Inc.",2020-02-15,2020,Trump (1st),Other,deceptive,Deceptive Representations – Office Depot; Means and Instrumentalities – Support.com,"Section 5(a) of the Federal Trade Commission Act, 15 U.S.C. § 45(a); Section 13(b) of the Federal Trade Commission Act, 15 U.S.C. § 53(b)",,https://www.ftc.gov/legal-library/browse/cases-proceedings/172-3023-office-depot-inc,"02.20, Office Depot.json",10,32,,Office Depot used a fake diagnostic software tool that automatically reported false malware findings to sell unnecessary repair services to consumers.,Section 5 Only,Deceptive Design / Dark Patterns,Retail,Prohibition; Compliance Monitoring; Monetary Penalty; Consumer Redress; Order Administration; Recordkeeping,"{""Section 5 Only"": 10}"
03.20_boostmyscore,1:20-cv-00641,BoostMyScore LLC,2020-03-15,2020,Trump (1st),Telemarketing / Do-Not-Call,deceptive,Misrepresentations Regarding Credit Repair Services (FTC Act); Misleading Use of Tradelines (CROA); Misrepresentations Regarding Credit Repair Services (CROA); Course of Business That Results In Fraud or Deception (CROA); Violation of Prohibition Against Charging Advance Fees For Credit Repair Services (CROA); Misrepresentations Regarding Credit Repair Services (TSR); Violation of Prohibition Against Charging Advance Fees For Credit Repair Services (TSR),"Section 5(a) of the Federal Trade Commission Act, 15 U.S.C. § 45(a); Section 410(b) of the Credit Repair Organizations Act (CROA), 15 U.S.C. § 1679h(b); Section 6(b) of the Telemarketing and Consumer Fraud and Abuse Prevention Act, 15 U.S.C. § 6105(b)",,https://www.ftc.gov/legal-library/browse/cases-proceedings/192-3059-boostmyscore-llc,"03.20, BoostMyScore.json",13,48,20.0,BoostMyScore sold illegal credit piggybacking services and charged prohibited advance fees while falsely guaranteeing FICO score boosts.,TSR,Financial Practices; Telemarketing,Financial Services,Prohibition; Monetary Penalty; Data Deletion; Order Administration; Compliance Monitoring; Recordkeeping,"{""TSR"": 13}"
03.20_retina-x_studios,C-4711,"RETINA-X STUDIOS, LLC",2020-03-15,2020,Trump (1st),COPPA / Children's Privacy; Data Security; Privacy / Deceptive Privacy Practices; Location / Geolocation Data,both,Unfair Sale of Surreptitious Monitoring Products; Deceptive Data Security Representation — MobileSpy; Deceptive Data Security Representation — PhoneSheriff; Deceptive Data Security Representation — TeenShield; COPPA Violation — TeenShield Collection of Children's Data,Federal Trade Commission Act and the Children's Online Privacy Protection Rule (COPPA Rule),"Joseph J. Simons, Chairman; Noah Joshua Phillips; Rohit Chopra; Rebecca Kelly Slaughter; Christine S. Wilson",https://www.ftc.gov/legal-library/browse/cases-proceedings/172-3118-retina-x-studios-llc-matter,"03.20, Retina-X Studios.json",15,50,20.0,Retina-X sold covert device monitoring apps enabling stalking while falsely claiming consumers' data was kept private and secure.,COPPA,Surveillance; Data Security,Technology,Prohibition; Data Deletion; Comprehensive Security Program; Third-Party Assessment; Compliance Monitoring; Order Administration; Recordkeeping,"{""COPPA"": 15}"
03.20_t_m_protection_resources,C-4709,"T&M Protection Resources, LLC",2020-03-15,2020,Trump (1st),Privacy / Deceptive Privacy Practices; Fair Credit Reporting (FCRA),deceptive,Privacy Misrepresentation; Misrepresentation Regarding Verification; Misrepresentation Regarding Continuing Obligations,Section 5 of the Federal Trade Commission Act,"Joseph J. Simons, Chairman; Noah Joshua Phillips; Rohit Chopra; Rebecca Kelly Slaughter; Christine S. Wilson",https://www.ftc.gov/legal-library/browse/cases-proceedings/192-3092-tm-protection-resources-llc-matter,"03.20, T&M Protection Resources.json",7,21,20.0,T&M Protection Resources falsely claimed active EU-U.S. Privacy Shield participation after its certification had lapsed.,Section 5 Only,Privacy,Other,Prohibition; Order Administration; Compliance Monitoring; Recordkeeping,"{""Section 5 Only"": 7}"
05.20_jasjit_gotra,1:18-cv-10548,Alliance Security Inc.,2020-05-15,2020,Trump (1st),Fair Credit Reporting (FCRA); Telemarketing / Do-Not-Call,both,Obtaining Consumer Reports Without a Permissible Purpose (FCRA); Calls to Persons Registered on the National Do Not Call Registry (TSR); Calls Failing to Identify the Seller (TSR); Misrepresentations Concerning Seller or Telemarketer's Affiliations (TSR); Assisting and Facilitating Abusive or Deceptive Telemarketing Practices (TSR); Misrepresentations in Violation of the FTC Act,"Sections 5(a), 5(m)(1)(A), 13(b), and 16(a) of the Federal Trade Commission Act, 15 U.S.C. §§ 45(a), 45(m)(1)(A), 53(b), and 56(a); Section 6 of the Telemarketing and Consumer Fraud and Abuse Prevention Act, 15 U.S.C. § 6105; and Section 621(a) of the Fair Credit Reporting Act, 15 U.S.C. § 1681s(a)",,https://www.ftc.gov/legal-library/browse/cases-proceedings/x140022-jasjit-gotra-alliance-security,"05.20, Jasjit Gotra.json",11,41,20.0,"Alliance Security and its CEO made over two million illegal telemarketing calls including to Do Not Call registrants, impersonated ADT, and obtained consumer reports without permissible purpose.",TSR; FCRA,Telemarketing; Financial Practices,Other,Prohibition; Monetary Penalty; Consumer Notification; Order Administration; Compliance Monitoring; Recordkeeping,"{""TSR"": 10, ""FCRA"": 9}"
05.20_tapplock,C-4718,"Tapplock, Inc.",2020-05-15,2020,Trump (1st),Data Security; Privacy / Deceptive Privacy Practices,deceptive,Deceptive Representation Regarding Security; Deceptive Representation Regarding Protection of Personal Information,"Section 5(a) of the Federal Trade Commission Act, 15 U.S.C. § 45(a)(1)","Joseph J. Simons, Chairman; Noah Joshua Phillips; Rohit Chopra; Rebecca Kelly Slaughter; Christine S. Wilson",https://www.ftc.gov/legal-library/browse/cases-proceedings/192-3011-tapplock-inc-matter,"05.20, Tapplock.json",10,46,20.0,Tapplock marketed its Internet-connected padlocks as 'unbreakable' and secure while critical physical and electronic vulnerabilities made them trivially easy to compromise.,Section 5 Only,Data Security,Technology,Prohibition; Comprehensive Security Program; Third-Party Assessment; Compliance Monitoring; Order Administration; Recordkeeping,"{""Section 5 Only"": 10}"
06.20_hyperbeard,3:20-cv-03683,"HyperBeard, Inc.",2020-06-15,2020,Trump (1st),COPPA / Children's Privacy; Privacy / Deceptive Privacy Practices,deceptive,Violations of the Children's Online Privacy Protection Rule (COPPA),"Sections 5(a)(1), 5(m)(1)(A), 13(b), 16(a)(1), and 19 of the Federal Trade Commission Act, 15 U.S.C. §§ 45(a)(1), 45(m)(1)(A), 53(b), 56(a)(1), and 57(b); Sections 1303(c) and 1306(d) of the Children's Online Privacy Protection Act, 15 U.S.C. §§ 6502(c) and 6505(d); 16 C.F.R. Part 312",,https://www.ftc.gov/legal-library/browse/cases-proceedings/192-3109-hyperbeard-inc,"06.20, HyperBeard.json",9,32,,HyperBeard operated child-directed mobile apps that allowed advertising networks to collect children's personal data for behavioral advertising without parental consent.,COPPA,Privacy,Technology,Prohibition; Data Deletion; Monetary Penalty; Consumer Redress; Order Administration; Compliance Monitoring; Recordkeeping,"{""COPPA"": 9}"
06.20_kohl_s_department_stores,Civil Action No. 2:20-cv-859,"Kohl's Department Stores, Inc.",2020-06-15,2020,Trump (1st),Fair Credit Reporting (FCRA),unfair,Failure to Provide Records; Failure to Respond Within 30 Days,"Section 5(a) of the Federal Trade Commission Act, 15 U.S.C. § 45(a), and Section 609(e) of the Fair Credit Reporting Act, 15 U.S.C. § 1681g(e)",,https://www.ftc.gov/legal-library/browse/cases-proceedings/182-3200-kohls-department-stores-inc,"06.20, Kohl's Department Stores.json",8,32,,Kohl's denied identity theft victims access to transaction records about fraudulent purchases made in their names.,FCRA,Financial Practices,Retail,Prohibition; Monetary Penalty; Order Administration; Compliance Monitoring; Recordkeeping,"{""FCRA"": 8}"
07.20_miniclip,C-4722,Miniclip S.A.,2020-07-15,2020,Trump (1st),COPPA / Children's Privacy; Privacy / Deceptive Privacy Practices,deceptive,COPPA Safe Harbor Misrepresentations,Section 5(a) of the Federal Trade Commission Act,"Joseph J. Simons, Chairman; Noah Joshua Phillips; Rohit Chopra; Rebecca Kelly Slaughter; Christine S. Wilson",https://www.ftc.gov/legal-library/browse/cases-proceedings/192-3129-miniclip-matter,"07.20, Miniclip.json",6,19,20.0,Miniclip falsely claimed for years to be a certified participant in the CARU COPPA safe harbor program after its certified status was terminated.,Section 5 Only,Privacy,Technology,Prohibition; Order Administration; Compliance Monitoring; Recordkeeping,"{""Section 5 Only"": 6}"
07.20_ortho-clinical_diagnostics,C-4723,"Ortho-Clinical Diagnostics, Inc.",2020-07-15,2020,Trump (1st),Privacy / Deceptive Privacy Practices,deceptive,Privacy Misrepresentation; Misrepresentation Regarding Verification; Misrepresentation Regarding Continuing Obligations,Section 5 of the Federal Trade Commission Act,"Joseph J. Simons, Chairman; Noah Joshua Phillips; Rohit Chopra; Rebecca Kelly Slaughter; Christine S. Wilson",https://www.ftc.gov/legal-library/browse/cases-proceedings/192-3050-ortho-clinical-diagnostics-inc-matter,"07.20, Ortho-Clinical Diagnostics.json",7,20,20.0,Ortho-Clinical Diagnostics kept claiming Privacy Shield compliance on its website after its certification lapsed and even after Commerce warned it to remove those claims.,Section 5 Only,Privacy,Healthcare,Prohibition; Order Administration; Compliance Monitoring; Recordkeeping,"{""Section 5 Only"": 7}"
09.20_emp_media,2:18-cv-00035-APG-NJK,"EMP Media, Inc.",2020-09-15,2020,Trump (1st),Privacy / Deceptive Privacy Practices,unfair,"Unfair Nonconsensual Disclosure of Intimate Images and Personal Information; Unfair Extortion-Based Removal Fees; Violation of Nevada's Deceptive Trade Practices — Coercion, Duress, or Intimidation","Section 5(a) of the Federal Trade Commission Act, 15 U.S.C. § 45(a); Section 13(b) of the Federal Trade Commission Act, 15 U.S.C. § 53(b); Chapter 598 of the Nevada Revised Statutes",,https://www.ftc.gov/legal-library/browse/cases-proceedings/162-3052-emp-media-inc-myexcom,"09.20, Emp Media.json",12,35,20.0,MyEx.com publicly posted intimate images and personal information of individuals without their consent and charged victims thousands of dollars to have the content removed.,Section 5 Only,Privacy,Technology,Prohibition; Data Deletion; Monetary Penalty; Consumer Redress; Third-Party Assessment; Order Administration; Compliance Monitoring; Recordkeeping,"{""Section 5 Only"": 12}"
10.20_ntt_global_data_centers_americas,D09386,"Raging Wire Data Centers, Inc.",2020-10-15,2020,Trump (1st),Other,deceptive,,Federal Trade Commission Act,"Joseph J. Simons, Chairman; Noah Joshua Phillips; Rohit Chopra; Rebecca Kelly Slaughter; Christine S. Wilson",https://www.ftc.gov/legal-library/browse/cases-proceedings/182-3189-ntt-global-data-centers-americas-inc-matter,"10.20, NTT Global Data Centers Americas.json",8,21,20.0,"Raging Wire Data Centers misrepresented its participation in or compliance with a privacy framework, based on provision titles alone as no factual background was available.",Section 5 Only,Privacy,Technology,Prohibition; Third-Party Assessment; Order Administration; Compliance Monitoring; Recordkeeping,"{""Section 5 Only"": 8}"
11.20_midwest_recovery_systems,4:20-cv-01674,"Midwest Recovery Systems, LLC",2020-11-15,2020,Trump (1st),Health Data; Fair Credit Reporting (FCRA),deceptive,False or Unsubstantiated Claims that Consumers Owe Debts; False or Misleading Collection Representations (FDCPA § 807); Unfair Collection Practices – Debt Parking (FDCPA § 808); Failure to Provide Validation Notice (FDCPA § 809(a)); Furnishing Inaccurate Information to CRAs (FCRA § 623(a)(1)(A)); Failure to Conduct Reasonable Investigation of Direct Disputes (FCRA § 623(a)(8)(E)(i)); Failure to Report Investigation Results to Consumers (FCRA § 623(a)(8)(E)(iii)),"Sections 5(a), 5(m)(1)(A), 13(b), and 19 of the FTC Act, 15 U.S.C. §§ 45(a), 45(m)(1)(A), 53(b), and 57b; Section 814 of the Fair Debt Collection Practices Act (FDCPA), 15 U.S.C. §1692l; and Section 621(a) of the Fair Credit Reporting Act (FCRA), 15 U.S.C. § 1681s(a)",,https://www.ftc.gov/legal-library/browse/cases-proceedings/1923042-midwest-recovery-systems-llc,"11.20, Midwest Recovery Systems.json",16,49,,Midwest Recovery Systems collected debts consumers did not owe and 'parked' over $98 million in unsubstantiated debts on credit reports without first notifying consumers.,FCRA,Financial Practices,Financial Services,Prohibition; Data Deletion; Monetary Penalty; Consumer Redress; Third-Party Assessment; Order Administration; Compliance Monitoring; Recordkeeping,"{""FCRA"": 16}"
12.20_appfolio,1:20-cv-03563,"AppFolio, Inc.",2020-12-15,2020,Trump (1st),Fair Credit Reporting (FCRA),unfair,Reporting Obsolete Eviction and Criminal Records; Failure to Follow Reasonable Accuracy Procedures,"Section 5(a) of the Federal Trade Commission Act, 15 U.S.C. § 45(a); Section 13(b) of the Federal Trade Commission Act, 15 U.S.C. § 53(b); Section 16(a)(1) of the Federal Trade Commission Act, 15 U.S.C. § 56(a)(1); Section 621(a) of the Fair Credit Reporting Act, 15 U.S.C. § 1681s(a)",,https://www.ftc.gov/legal-library/browse/cases-proceedings/1923016-appfolio-inc,"12.20, AppFolio.json",8,19,,AppFolio included obsolete records more than seven years old and inaccurate information from an unvetted vendor in tenant screening reports used to deny housing.,FCRA,Financial Practices,Technology,Prohibition; Monetary Penalty; Order Administration; Compliance Monitoring; Recordkeeping,"{""FCRA"": 8}"
02.21_skymed_international,C-4732,"SkyMed International, Inc.",2021-02-15,2021,Biden,Data Security; Privacy / Deceptive Privacy Practices; Health Data,deceptive,HIPAA Seal Misrepresentation; Security Incident Response Misrepresentation; Unfair Information Security Practices,"Section 5(a) of the Federal Trade Commission Act, 15 U.S.C. § 45(a)(1)","Joseph J. Simons, Chairman; Noah Joshua Phillips; Rohit Chopra; Rebecca Kelly Slaughter; Christine S. Wilson",https://www.ftc.gov/legal-library/browse/cases-proceedings/1923140-skymed-international-inc-matter,"02.21, SkyMed International.json",12,49,20.0,"SkyMed displayed a self-created 'HIPAA Compliance' seal implying government verification of its practices, and misled consumers about what was exposed in a data security incident.",Section 5 Only,Data Security,Healthcare,Prohibition; Consumer Notification; Comprehensive Security Program; Third-Party Assessment; Compliance Monitoring; Order Administration; Recordkeeping,"{""Section 5 Only"": 12}"
02.21_zoom_video_communications,C-4731,"Zoom Video Communications, Inc.",2021-02-15,2021,Biden,Privacy / Deceptive Privacy Practices,both,Deceptive Representation Regarding End-to-End Encryption; Deceptive Representation Regarding Level of Encryption; Deceptive Representation Regarding Secured Cloud Storage for Recorded Meetings; Unfair Circumvention of Third-Party Privacy and Security Safeguard; Deceptive Failure to Disclose,Federal Trade Commission Act,"Joseph J. Simons, Chairman; Noah Joshua Phillips; Rohit Chopra; Rebecca Kelly Slaughter; Christine S. Wilson",https://www.ftc.gov/legal-library/browse/cases-proceedings/192-3167-zoom-video-communications-inc-matter,"02.21, Zoom Video Communications.json",11,59,20.0,Zoom falsely claimed to offer end-to-end encryption for meetings and secretly installed software on Mac computers that bypassed Apple's security controls.,Section 5 Only,Data Security,Technology,Prohibition; Comprehensive Security Program; Third-Party Assessment; Compliance Monitoring; Order Administration; Recordkeeping,"{""Section 5 Only"": 11}"
06.21_flo_health,C-4747,"Flo Health, Inc.",2021-06-15,2021,Biden,Privacy / Deceptive Privacy Practices; Health Data,deceptive,Privacy Misrepresentation – Disclosures of Health Information; Privacy Misrepresentation – Disclosures Beyond Identifiers; Privacy Misrepresentation – Failure to Limit Third-Party Use; Misrepresentation Regarding Notice; Misrepresentation Regarding Choice; Misrepresentation Regarding Accountability for Onward Transfers; Misrepresentation Regarding Data Integrity and Purpose Limitation,Federal Trade Commission Act,"Lina Khan, Chair; Noah Joshua Phillips; Rohit Chopra; Rebecca Kelly Slaughter; Christine S. Wilson",https://www.ftc.gov/legal-library/browse/cases-proceedings/192-3133-flo-health-inc,"06.21, Flo Health.json",13,39,20.0,"Flo Health promised not to share women's reproductive health data with third parties but secretly disclosed it to Facebook, Google, and others.",Section 5 Only,Privacy,Healthcare; Technology,Prohibition; Data Deletion; Consumer Notification; Third-Party Assessment; Compliance Monitoring; Order Administration; Recordkeeping,"{""Section 5 Only"": 13}"
07.21_kuuhuub_et_al._u.s._v.,21-cv-01758,Kuuhubb Inc.,2021-07-15,2021,Biden,COPPA / Children's Privacy; Privacy / Deceptive Privacy Practices,both,"COPPA Rule Violations – Failure to Provide Notice, Direct Notice to Parents, and Obtain Verifiable Parental Consent","Sections 5(a)(1), 5(m)(1)(A), 13(b), 16(a)(1), and 19 of the Federal Trade Commission Act, 15 U.S.C. §§ 45(a)(1), 45(m)(1)(A), 53(b), 56(a)(1), 57b, and Sections 1303(c) and 1306(d) of the Children's Online Privacy Protection Act of 1998, 15 U.S.C. §§ 6502(c), 6505(d)",,https://www.ftc.gov/legal-library/browse/cases-proceedings/182-3184-kuuhuub-inc-et-al-us-v-recolor-oy,"07.21, Kuuhuub, et al., U.S. v..json",11,37,,Kuuhubb's Recolor App marketed as an adult coloring book contained a child-directed section through which it collected children's personal data for behavioral advertising without parental consent.,COPPA,Privacy,Technology,Prohibition; Consumer Notification; Data Deletion; Consumer Redress; Monetary Penalty; Order Administration; Compliance Monitoring; Recordkeeping,"{""COPPA"": 11}"
12.21_ascension_data_analytics,C-4758,"Ascension Data & Analytics, LLC",2021-12-15,2021,Biden,Data Security; Privacy / Deceptive Privacy Practices; Gramm-Leach-Bliley,unfair,Violation of the GLB Safeguards Rule,"Standards for Safeguarding Customer Information Rule, 16 C.F.R. Part 314, issued pursuant to Title I of the Gramm-Leach-Bliley (GLB) Act, 15 U.S.C. § 6801 et seq.; violations enforced through the Federal Trade Commission Act, 15 U.S.C. § 6805(a)(7)","Lina M. Khan, Chair; Noah Joshua Phillips; Rebecca Kelly Slaughter; Christine S. Wilson",https://www.ftc.gov/legal-library/browse/cases-proceedings/192-3126-ascension-data-analytics-llc-matter,"12.21, Ascension Data & Analytics.json",11,50,20.0,"Ascension Data & Analytics handed mortgage documents containing sensitive consumer data to a vendor without conducting any security vetting, resulting in a cloud storage misconfiguration that exposed the data.",GLBA,Data Security,Financial Services; Technology,Prohibition; Comprehensive Security Program; Third-Party Assessment; Compliance Monitoring; Order Administration; Recordkeeping,"{""GLBA"": 11}"
12.21_mylife.com,2:20-cv-6692,"MyLife.com, Inc.",2021-12-15,2021,Biden,Fair Credit Reporting (FCRA); Telemarketing / Do-Not-Call,both,Deceptive Misrepresentation of Criminal/Sex Offender Records (FTC Act Section 5(a)); Telemarketing Sales Rule Violations; Restore Online Shoppers' Confidence Act (ROSCA) Violations; FCRA Violation — Furnishing Consumer Reports Without Permissible Purpose; FCRA Violation — Failure to Maintain Reasonable Procedures and Provide User Notices,"Section 5(a) of the Federal Trade Commission Act, 15 U.S.C. § 45(a); Section 16(a)(1) of the Federal Trade Commission Act, 15 U.S.C. § 56(a)(1); Telemarketing Sales Rule, 16 C.F.R. Part 310; Fair Credit Reporting Act, 15 U.S.C. §§ 1681-1681x; Restore Online Shoppers' Confidence Act, 15 U.S.C. § 8404",,https://www.ftc.gov/legal-library/browse/cases-proceedings/182-3022-mylifecom-inc,"12.21, MyLife.com.json",15,60,20.0,"MyLife.com used deceptive teaser results suggesting searched individuals had criminal or sex offender records to sell subscriptions, and made cancellation deliberately difficult.",FCRA; TSR,Financial Practices; Deceptive Design / Dark Patterns,Technology,Prohibition; Comprehensive Security Program; Monetary Penalty; Consumer Notification; Order Administration; Compliance Monitoring; Recordkeeping,"{""FCRA"": 14, ""TSR"": 11}"
12.21_openx_technologies,2:21-cv-09693,"OpenX Technologies, Inc.",2021-12-15,2021,Biden,COPPA / Children's Privacy; Privacy / Deceptive Privacy Practices; Location / Geolocation Data,both,Deception - Location Data Collection Misrepresentation; Deception - COPPA Activities Misrepresentation; COPPA - Collection from Child-Directed Properties Without Consent,"Section 5(a) of the Federal Trade Commission Act, 15 U.S.C. § 45(a); Sections 1303(c) and 1306(d) of the Children's Online Privacy Protection Act of 1998, 15 U.S.C. §§ 6502(c) and 6505(d)",,https://www.ftc.gov/legal-library/browse/cases-proceedings/1923019-openx-technologies-inc,"12.21, OpenX Technologies.json",16,55,20.0,"OpenX collected precise location data via a backdoor method that bypassed users' location permission denials, and collected children's personal data from child-directed apps without parental consent.",COPPA,Privacy,Technology,Prohibition; Comprehensive Security Program; Third-Party Assessment; Compliance Monitoring; Monetary Penalty; Data Deletion; Consumer Notification; Order Administration; Recordkeeping,"{""COPPA"": 16}"
01.22_itmedia_solutions,2:22-cv-00073,ITMEDIA SOLUTIONS LLC,2022-01-15,2022,Biden,Data Security; Privacy / Deceptive Privacy Practices; Fair Credit Reporting (FCRA),both,Deceptive Representations About Information Sharing; Unfair Distribution of Sensitive Information; Obtaining and Using Consumer Reports Without Permissible Purpose; Failure to Establish Procedures to Avoid Impermissible Use of Consumer Report Information; Reselling Consumer Reports to Unidentified Users,"Section 5(a) of the Federal Trade Commission Act, 15 U.S.C. § 45(a); Sections 604 and 607 of the Fair Credit Reporting Act, 15 U.S.C. §§ 1681b and 1681e; Sections 13(b) and 16(a)(1) of the Federal Trade Commission Act, 15 U.S.C. §§ 53(b) and 56(a)(1)",,https://www.ftc.gov/legal-library/browse/cases-proceedings/1523225-itmedia-solutions-llc,"01.22, ITMedia Solutions.json",12,48,,"ITMedia collected consumers' sensitive loan application data under the pretext of connecting them to lenders, then sold it to marketers, debt negotiators, and unknown entities.",FCRA,Privacy; Financial Practices,Financial Services; Technology,Prohibition; Monetary Penalty; Order Administration; Data Deletion; Compliance Monitoring; Recordkeeping,"{""FCRA"": 12}"
03.22_weight_watchersww,3:22-cv-00946,"Kurbo, Inc.",2022-03-15,2022,Biden,COPPA / Children's Privacy; Privacy / Deceptive Privacy Practices,both,Violation of the COPPA Rule,"Sections 5(a)(1), 5(m)(1)(A), 13(b), 16(a)(1), and 19 of the Federal Trade Commission Act, 15 U.S.C. §§ 45(a)(1), 45(m)(1)(A), 53(b), 56(a)(1), 57b; Sections 1303(c) and 1306(d) of the Children's Online Privacy Protection Act of 1998, 15 U.S.C. §§ 6502(c) and 6505(d); Commission's Children's Online Privacy Protection Rule, 16 C.F.R. Part 312",,https://www.ftc.gov/legal-library/browse/cases-proceedings/1923228-weight-watchersww,"03.22, Weight WatchersWW.json",8,34,,Kurbo by WW collected personal data from children under 13 without adequate parental notice or verifiable consent.,COPPA,Privacy,Healthcare; Technology,Prohibition; Data Deletion; Monetary Penalty; Order Administration; Compliance Monitoring; Recordkeeping,"{""COPPA"": 8}"
04.22_credit_bureau_center,17-cv-00194,"Credit Bureau Center, LLC",2022-04-15,2022,Biden,Fair Credit Reporting (FCRA),deceptive,False Representations About Rental Properties (FTC Act § 5(a)); Deceptive Omissions Regarding Free Credit Score Offer (FTC Act § 5(a)); Failure to Disclose All Material Terms Before Obtaining Billing Information (ROSCA § 4(1)); Failure to Obtain Consumers' Express Informed Consent (ROSCA § 4(2)); Failure to Display Required Free Credit Report Disclosure (FCRA § 612(g) and Free Reports Rule),"Section 13(b) of the Federal Trade Commission Act, 15 U.S.C. § 53(b); Section 5 of the Restore Online Shoppers' Confidence Act (ROSCA), 15 U.S.C. § 8404; Section 621(a)(1) of the Fair Credit Reporting Act (FCRA), 15 U.S.C. § 1681s(a)(1)",,https://www.ftc.gov/legal-library/browse/cases-proceedings/162-3120-x170014-credit-bureau-center-llc-formerly-known-myscore-llc,"04.22, Credit Bureau Center.json",3,3,,Credit Bureau Center used fake rental property ads to lure consumers into hidden paid credit monitoring subscriptions falsely advertised as free.,FCRA,Deceptive Design / Dark Patterns; Financial Practices,Financial Services,Prohibition; Monetary Penalty; Order Administration,"{""FCRA"": 3}"
05.22_everalbum,C-4743,"Everalbum, Inc.",2022-05-15,2022,Biden,Privacy / Deceptive Privacy Practices,deceptive,Misrepresentation Regarding Ever Users' Ability to Control the Ever App's Face Recognition Feature; Misrepresentation Regarding Deletion of Ever Users' Photos Upon Account Deactivation,Federal Trade Commission Act,"Rebecca Kelly Slaughter, Acting Chair; Noah Joshua Phillips; Rohit Chopra; Christine S. Wilson",https://www.ftc.gov/legal-library/browse/cases-proceedings/192-3172-everalbum-inc-matter,"05.22, Everalbum.json",8,29,20.0,Everalbum enabled facial recognition by default without user consent and used consumers' photos to train commercial AI without adequately disclosing this or deleting data when accounts were deactivated.,Section 5 Only,Privacy; AI / Automated Decision-Making,Technology,Prohibition; Consumer Notification; Data Deletion; Algorithmic Destruction; Order Administration; Compliance Monitoring; Recordkeeping,"{""Section 5 Only"": 8}"
01.23_chegg,C-4782,"Chegg, Inc.",2023-01-15,2023,Biden,Data Security; Privacy / Deceptive Privacy Practices,unfair,Unfair Data Security Practices; Data Security Misrepresentations,Section 5(a) of the Federal Trade Commission Act,"Lina M. Khan, Chair; Noah Joshua Phillips; Rebecca Kelly Slaughter; Christine S. Wilson; Alvaro M. Bedoya",https://www.ftc.gov/legal-library/browse/cases-proceedings/chegg,"01.23, Chegg.json",14,48,20.0,"Chegg failed to implement basic data security controls for years, resulting in multiple breaches that exposed tens of millions of students' personal information.",Section 5 Only,Data Security,Education; Technology,Prohibition; Data Deletion; Consumer Notification; Comprehensive Security Program; Third-Party Assessment; Compliance Monitoring; Order Administration; Recordkeeping,"{""Section 5 Only"": 14}"
01.23_drizly,C-4780,"DRIZLY, LLC",2023-01-15,2023,Biden,Data Security; Privacy / Deceptive Privacy Practices,both,Drizly's Unfair Information Security Practices; Drizly's Deceptive Security Statements,"Section 5(a) of the Federal Trade Commission Act, 15 U.S.C. § 45(a)(1)","Lina M. Khan, Chair; Rebecca Kelly Slaughter; Christine S. Wilson; Alvaro M. Bedoya",https://www.ftc.gov/legal-library/browse/cases-proceedings/2023185-drizly-llc-matter,"01.23, Drizly.json",14,62,20.0,"Drizly stored sensitive credentials insecurely in public GitHub repositories and failed to enforce basic account security, allowing a hacker to steal data on 2.5 million consumers.",Section 5 Only,Data Security,Retail; Technology,Prohibition; Data Deletion; Recordkeeping; Comprehensive Security Program; Third-Party Assessment; Compliance Monitoring; Order Administration,"{""Section 5 Only"": 14}"
02.23_goodrx_holdings,3:23-cv-460,"GoodRx Holdings, Inc.",2023-02-01,2023,Biden,Privacy / Deceptive Privacy Practices; Health Data,both,Privacy Misrepresentation: Disclosure of Health Information to Third Parties; Privacy Misrepresentation: Disclosure of Personal Information to Third Parties; Privacy Misrepresentation: Failure to Limit Third-Party Use of Health Information; Privacy Misrepresentation: Misrepresenting Compliance with the Digital Advertising Alliance Principles; Privacy Misrepresentation: HIPAA Compliance; Unfairness: Failure to Implement Measures to Prevent the Unauthorized Disclosure of Health Information; Unfairness: Failure to Provide Notice and Obtain Consent Before Use and Disclosure of Health Information for Advertising; Violation of the Health Breach Notification Rule,"Sections 5(a)(1), 5(m)(1)(A), 13(b), 16(a)(1), and 19 of the Federal Trade Commission Act, 15 U.S.C. §§ 45(a)(1), 45(m)(1)(A), 53(b), 56(a)(1), 57b; Health Breach Notification Rule, 16 C.F.R. § 318",,https://www.ftc.gov/legal-library/browse/cases-proceedings/2023090-goodrx-holdings-inc,"02.23, GoodRx Holdings.json",18,76,20.0,"GoodRx repeatedly promised never to share users' health information with advertisers, then secretly transmitted prescription drug names and health conditions to Facebook, Google, and Criteo for targeted advertising.",Health Breach Notification,Privacy,Healthcare; Technology,Prohibition; Order Administration; Comprehensive Security Program; Third-Party Assessment; Compliance Monitoring; Monetary Penalty; Consumer Redress; Recordkeeping,"{""Health Breach Notification"": 14}"
02.23_epic_games,5:22-CV-00518,"Epic Games, Inc.",2023-02-15,2023,Biden,COPPA / Children's Privacy; Privacy / Deceptive Privacy Practices,both,"COPPA Rule Violations — Failure to Provide Notice, Obtain Parental Consent, and Honor Parental Rights; Unfair Default Settings — On-by-Default Voice/Text Chat and Public Display Name Broadcasting","Sections 5(a)(1), 5(m)(1)(A), 13(b), 16(a)(1), and 19 of the Federal Trade Commission Act, 15 U.S.C. §§ 45(a)(1), 45(m)(1)(A), 53(b), 56(a)(1), 57b, and Sections 1303(c) and 1306(d) of the Children's Online Privacy Protection Act of 1998, 15 U.S.C. §§ 6502(c), 6505(d)",,https://www.ftc.gov/legal-library/browse/cases-proceedings/1923203-epic-games-matter,"02.23, Epic Games.json",13,58,20.0,"Epic Games violated COPPA by collecting children's personal data in Fortnite without parental consent, and enabled on-by-default voice and text chat that exposed children to harmful contact.",COPPA,Privacy; Deceptive Design / Dark Patterns,Technology,Prohibition; Data Deletion; Comprehensive Security Program; Third-Party Assessment; Compliance Monitoring; Monetary Penalty; Order Administration; Recordkeeping,"{""COPPA"": 13}"
05.23_fashion_nova,C-4759,"Fashion Nova, LLC",2023-05-15,2023,Biden,Other,deceptive,Deceptive Review Practices,Section 5(a) of the Federal Trade Commission Act,"Lina M. Khan, Chair; Noah Joshua Phillips; Rebecca Kelly Slaughter; Christine S. Wilson",https://www.ftc.gov/legal-library/browse/cases-proceedings/192-3138-fashion-nova-llc-matter,"05.23, Fashion Nova.json",9,33,20.0,Fashion Nova suppressed hundreds of thousands of negative customer reviews to create a falsely positive impression of its products.,Section 5 Only,Other,Retail,Prohibition; Consumer Notification; Monetary Penalty; Order Administration; Compliance Monitoring; Recordkeeping,"{""Section 5 Only"": 9}"
06.23_easy_healthcare_corporation,1:23-cv-3107,Easy Healthcare Corporation,2023-06-15,2023,Biden,Data Security; Privacy / Deceptive Privacy Practices; Health Data; Location / Geolocation Data,both,Privacy Misrepresentation – Disclosures of Health Information; Privacy Misrepresentation – Sharing Data with Third Parties; Deceptive Failure to Disclose – Sharing Geolocation Information with Third Parties; Privacy Misrepresentation – Third Parties' Use of Shared Data; Deceptive Failure to Disclose – Third Parties' Use of Shared Data; Unfair Privacy and Data Security Practices; Unfair Sharing of Health Information for Advertising Purposes Without Affirmative Express Consent; Violation of the Health Breach Notification Rule,"Section 5(a) of the Federal Trade Commission Act, 15 U.S.C. § 45(a), and the Health Breach Notification Rule, 16 C.F.R. § 318",,https://www.ftc.gov/legal-library/browse/cases-proceedings/202-3186-easy-healthcare-corporation-us-v,"06.23, Easy Healthcare Corporation.json",18,73,20.0,The Premom ovulation app secretly shared women's sensitive health and geolocation data with third parties for advertising despite explicit privacy promises.,Health Breach Notification,Privacy,Healthcare; Technology,Prohibition; Order Administration; Consumer Notification; Data Deletion; Comprehensive Security Program; Third-Party Assessment; Compliance Monitoring; Monetary Penalty; Consumer Redress; Recordkeeping,"{""Health Breach Notification"": 18}"
06.23_microsoft_corporation,2:23-cv-00836-RAJ,Microsoft Corporation,2023-06-15,2023,Biden,COPPA / Children's Privacy; Privacy / Deceptive Privacy Practices,both,"COPPA Rule Violation – Failure to Provide Direct Notice, Online Notice, Obtain Verifiable Parental Consent, and Data Retention","Sections 5(a)(1), 5(m)(1)(A), 13(b), 16(a)(1), and 19 of the Federal Trade Commission Act (FTC Act), 15 U.S.C. §§ 45(a)(1), 45(m)(1)(A), 53(b), 56(a)(1), and 57b, and Sections 1303(c) and 1306(d) of the Children's Online Privacy Protection Act of 1998 (COPPA), 15 U.S.C. §§ 6502(c) and 6505(d)",,https://www.ftc.gov/legal-library/browse/cases-proceedings/1923258-microsoft-corporation-us-v,"06.23, Microsoft Corporation.json",13,38,,"Microsoft collected personal information from children on Xbox Live before notifying parents or obtaining required parental consent, and retained incomplete-registration data for years.",COPPA,Privacy,Technology,Prohibition; Consumer Notification; Data Deletion; Recordkeeping; Monetary Penalty; Order Administration; Compliance Monitoring,"{""COPPA"": 13}"
07.23_amazon.com,2:23-cv-00811,"Amazon.com, Inc.",2023-07-15,2023,Biden,COPPA / Children's Privacy; Privacy / Deceptive Privacy Practices; Location / Geolocation Data,both,"Deception – False Representation That Alexa App Users Could Delete Geolocation Information; Deception – False Representation That Alexa Users Could Delete Their or Their Child's Voice Recordings; Unfair Privacy Practices; COPPA – Failure to Provide Complete Notice, Effective Deletion Opportunity, and Indefinite Retention of Children's Voice Recordings","Sections 5(a)(1), 5(m)(1)(A), 13(b), and 16(a) of the Federal Trade Commission Act, 15 U.S.C. §§ 45(a)(1), 45(m)(1)(A), 53(b), and 56(a); and Sections 1303(c) and 1306(d) of the Children's Online Privacy Protection Act of 1998, 15 U.S.C. §§ 6502(c) and 6505(d)",,https://www.ftc.gov/legal-library/browse/cases-proceedings/192-3128-amazoncom-alexa-us-v,"07.23, Amazon.com.json",13,45,20.0,Amazon retained children's Alexa voice recordings indefinitely and failed to honor user requests to delete voice and geolocation data despite explicit promises of full deletion control.,COPPA,Privacy,Technology,Data Deletion; Prohibition; Consumer Notification; Comprehensive Security Program; Compliance Monitoring; Monetary Penalty; Order Administration; Recordkeeping,"{""COPPA"": 13}"
08.23_edmodo,23-cv-02495,"Edmodo, LLC",2023-08-15,2023,Biden,COPPA / Children's Privacy; Privacy / Deceptive Privacy Practices,both,Violations of the COPPA Rule; Unfair Practices in Violation of Section 5 of the FTC Act,"Sections 5(a)(1), 5(m)(1)(A), 13(b), and 16(a)(1) of the Federal Trade Commission Act, 15 U.S.C. §§ 45(a)(1), 45(m)(1)(A), 53(b), and 56(a)(1); Sections 1303(c) and 1306(d) of the Children's Online Privacy Protection Act of 1998, 15 U.S.C. §§ 6502(c) and 6505(d); Children's Online Privacy Protection Rule, 16 C.F.R. Part 312",,https://www.ftc.gov/legal-library/browse/cases-proceedings/202-3129-edmodo-llc-us-v,"08.23, Edmodo.json",11,40,,Edmodo collected personal information from hundreds of thousands of children without parental consent and attempted to shift its COPPA compliance obligations onto schools.,COPPA,Privacy,Education; Technology,Prohibition; Data Deletion; Monetary Penalty; Consumer Redress; Order Administration; Compliance Monitoring; Recordkeeping,"{""COPPA"": 11}"
10.23_transunion_rental_screening_solutions_and_trans_union._ftc_and_cfpb_v.,1:23-cv-02659,"TransUnion Rental Screening Solutions, Inc.",2023-10-15,2023,Biden,Fair Credit Reporting (FCRA),deceptive,Failure to Follow Reasonable Procedures for Maximum Possible Accuracy (FCRA § 607(b)); Failure to Disclose Sources of Information in Consumer File Disclosures (FCRA § 609(a)),"Section 5(a) of the Federal Trade Commission Act, 15 U.S.C. § 45(a); Section 621(a)(1) of the Fair Credit Reporting Act, 15 U.S.C. § 1681s(a)(1)",,https://www.ftc.gov/legal-library/browse/cases-proceedings/182-3204-transunion-rental-screening-solutions-inc-trans-union-llc-ftc-cfpb-v,"10.23, TransUnion Rental Screening Solutions and Trans Union., FTC and CFPB v..json",13,46,,"TransUnion's rental screening subsidiary reported duplicated eviction entries, inaccurate case dispositions, mislabeled debt amounts, and sealed records in tenant background reports.",FCRA,Financial Practices,Financial Services,Prohibition; Comprehensive Security Program; Monetary Penalty; Third-Party Assessment; Order Administration; Compliance Monitoring; Recordkeeping,"{""FCRA"": 13}"
10.23_truthfinder,23-CV-1674,"Instant Checkmate, LLC",2023-10-15,2023,Biden,Fair Credit Reporting (FCRA),both,Deceptive Statements Regarding Accuracy; Deceptive Statements Regarding Criminal and Arrest Records; Deceptive Removal and Correction Claims; False Claim of Unbiased Reviews; Failure to Disclose Material Connections; FCRA Section 607(a) — Failure to Maintain Permissible-Purpose Procedures; FCRA Section 604(a) — Furnishing Reports Without Permissible Purpose; FCRA Section 607(b) — Failure to Assure Maximum Possible Accuracy; FCRA Section 604(b) — Failure to Follow Employment Screening Requirements; FCRA Section 607(d) — Failure to Provide User Notice; FCRA Section 611(a) — Failure to Conduct Reasonable Reinvestigations,"Section 5(a) of the Federal Trade Commission Act, 15 U.S.C. § 45(a); Section 13(b) of the Federal Trade Commission Act, 15 U.S.C. § 53(b); and Section 621(a) of the Fair Credit Reporting Act, 15 U.S.C. § 1681s(a)",,https://www.ftc.gov/legal-library/browse/cases-proceedings/122-3221-instant-checkmate-inc,"10.23, TruthFinder.json",14,48,,"Instant Checkmate and TruthFinder falsely advertised report accuracy, implied searched individuals had criminal records when they often did not, and offered fake data correction tools.",FCRA,Financial Practices; Deceptive Design / Dark Patterns,Technology,Comprehensive Security Program; Prohibition; Compliance Monitoring; Monetary Penalty; Third-Party Assessment; Order Administration; Recordkeeping,"{""FCRA"": 14}"
01.24_cafepress,C-4768,"Residual Pumpkin Entity, LLC",2024-01-15,2024,Biden,Data Security; Privacy / Deceptive Privacy Practices,deceptive,Data Security Misrepresentations; Response to Data Security Incident Misrepresentations; Unfair Data Security Practices; Data Collection and Use Misrepresentation; Misrepresentation Relating to Privacy Shield Frameworks; Misrepresentation Relating to Deletion of Consumer Data; Unfair Withholding of Payable Commissions After Security Breach,"Section 5(a) of the Federal Trade Commission Act, 15 U.S.C. § 45","Lina M. Khan, Chair; Noah Joshua Phillips; Rebecca Kelly Slaughter; Christine S. Wilson; Alvaro M. Bedoya",https://www.ftc.gov/legal-library/browse/cases-proceedings/1923209-cafepress-matter,"01.24, CafePress.json",14,61,20.0,"CafePress failed to secure consumer data against well-known attack vectors, suffered a massive breach, misled consumers about the breach's scope, and withheld shopkeeper commissions as retaliation.",Section 5 Only,Data Security; Privacy,Retail; Technology,Prohibition; Comprehensive Security Program; Third-Party Assessment; Compliance Monitoring; Monetary Penalty; Consumer Redress; Order Administration; Recordkeeping,"{""Section 5 Only"": 14}"
01.24_epic_games,C-4790,"Epic Games, Inc.",2024-01-15,2024,Biden,Data Security,unfair,Unfair Billing Without Express Informed Consent; Unfair Denial of Account Access for Disputing Charges,Section 5 of the Federal Trade Commission Act,"Lina M. Khan, Chair; Rebecca Kelly Slaughter; Christine S. Wilson; Alvaro M. Bedoya",https://www.ftc.gov/legal-library/browse/cases-proceedings/1923203-epic-games-matter,"01.24, Epic Games.json",10,34,20.0,"Epic Games used dark patterns to charge consumers — including children — for Fortnite purchases without informed consent, and denied account access to those who disputed charges.",Section 5 Only,Deceptive Design / Dark Patterns,Technology,Prohibition; Monetary Penalty; Consumer Redress; Order Administration; Compliance Monitoring; Recordkeeping,"{""Section 5 Only"": 10}"
02.24_global_tel_link_corporation,C-4801,Global Tel*Link Corporation,2024-02-15,2024,Biden,Data Security; Privacy / Deceptive Privacy Practices; Health Data,both,Unfair Data Security Practices; Unfair Failure to Notify Affected Consumers of the Incident; Misrepresentations Regarding Data Security; Misrepresentations to Individual Users Regarding the Incident; Misrepresentations to Individual Users Regarding Notice; Deceptive Representations to Facilities Regarding the Incident,Section 5(a) of the Federal Trade Commission Act,"Lina M. Khan, Chair; Rebecca Kelly Slaughter; Alvaro M. Bedoya",https://www.ftc.gov/legal-library/browse/cases-proceedings/2123012-global-tel-link-corporation,"02.24, Global Tel Link Corporation.json",15,62,20.0,"Global Tel*Link copied 649,500 incarcerated individuals' personal data to an unprotected test environment, exposed it to the internet for days, and then misled consumers and facilities about the breach.",Section 5 Only,Data Security,Telecom,Comprehensive Security Program; Third-Party Assessment; Compliance Monitoring; Consumer Redress; Consumer Notification; Prohibition; Order Administration; Recordkeeping,"{""Section 5 Only"": 15}"
03.24_rite_aid_corporation,2:23-cv-05023,Rite Aid Corporation,2024-03-15,2024,Biden,Data Security; Privacy / Deceptive Privacy Practices; AI / Algorithmic / Facial Recognition,unfair,Unfair Facial Recognition Technology Practices; Unfair Failure to Implement or Maintain a Comprehensive Information Security Program in Violation of Section II of the 2010 Order,"Section 5(a) of the Federal Trade Commission Act, 15 U.S.C. § 45(a); Section 13(b) of the Federal Trade Commission Act, 15 U.S.C. § 53(b)",,https://www.ftc.gov/legal-library/browse/cases-proceedings/2023190-rite-aid-corporation-ftc-v,"03.24, Rite Aid Corporation.json",18,69,20.0,"Rite Aid deployed inaccurate facial recognition technology without adequate safeguards, causing wrongful surveillance of innocent consumers including disproportionate harms to minority shoppers.",Section 5 Only,AI / Automated Decision-Making; Data Security,Healthcare; Retail,Biometric Ban; Data Deletion; Comprehensive Security Program; Consumer Notification; Recordkeeping; Prohibition; Third-Party Assessment; Compliance Monitoring; Order Administration; Other,"{""Section 5 Only"": 18}"
04.24_ring,1:23-cv-01549,Ring LLC,2024-04-15,2024,Biden,Data Security,both,Deceptive Security Representations; Unfair Access to Customer Videos Without Consent; Failure to Provide Reasonable Security Against Unauthorized Access,"Section 13(b) of the Federal Trade Commission Act, 15 U.S.C. § 53(b), and Section 5(a) of the Federal Trade Commission Act, 15 U.S.C. § 45(a)",,https://www.ftc.gov/legal-library/browse/cases-proceedings/2023113-ring-llc,"04.24, Ring.json",16,57,20.0,Ring gave employees and contractors unrestricted access to all customers' private home camera footage and failed to protect accounts from credential-stuffing attacks.,Section 5 Only,Data Security; Surveillance,Technology,Prohibition; Data Deletion; Comprehensive Security Program; Third-Party Assessment; Compliance Monitoring; Consumer Notification; Monetary Penalty; Consumer Redress; Order Administration; Recordkeeping,"{""Section 5 Only"": 16}"
04.24_x-mode_social,C-4802,"X-Mode Social, Inc.",2024-04-15,2024,Biden,Privacy / Deceptive Privacy Practices; Health Data; Location / Geolocation Data,deceptive,Unfair Sale of Sensitive Location Data; Unfair Failure to Honor Consumer Privacy Choices; Unfair Collection and Use of Consumer Location Data Without Informed Consent; Unfair Collection and Use of Consumer Location Data Without Consent Verification; Unfair Categorization of Consumers Based on Sensitive Characteristics for Marketing; Deceptive Failure to Disclose Use of Location Data for Government/National Security Purposes; Means and Instrumentalities to Engage in Deception,Federal Trade Commission Act,"Lina M. Khan, Chair; Rebecca Kelly Slaughter; Alvaro M. Bedoya; Melissa Holyoak; Andrew Ferguson",https://www.ftc.gov/legal-library/browse/cases-proceedings/2123038-x-mode-social-inc,"04.24, X-Mode Social.json",19,71,20.0,X-Mode Social collected precise consumer location data through hundreds of apps and sold it—including sensitive locations like medical facilities—to government contractors without adequate disclosure or consumer consent.,Section 5 Only,Privacy; Surveillance,Technology,Prohibition; Comprehensive Security Program; Third-Party Assessment; Compliance Monitoring; Consumer Notification; Data Deletion; Recordkeeping; Order Administration,"{""Section 5 Only"": 19}"
05.24_betterhelp,C-4796,"BetterHelp, Inc.",2024-05-15,2024,Biden,Privacy / Deceptive Privacy Practices; Health Data,both,Unfairness – Unreasonable Privacy Practices; Unfairness – Failure to Obtain Affirmative Express Consent; Failure to Disclose – Disclosure of Health Information for Advertising and Third Parties' Own Uses; Failure to Disclose – Use of Health Information for Advertising; Privacy Misrepresentation – Disclosure of Health Information for Advertising and Third Parties' Own Uses; Privacy Misrepresentation – Use of Health Information for Advertising; Privacy Misrepresentation – Disclosure of Health Information; Privacy Misrepresentation – HIPAA Certification,Section 5 of the Federal Trade Commission Act,"Lina M. Khan, Chair; Rebecca Kelly Slaughter; Alvaro M. Bedoya",https://www.ftc.gov/legal-library/browse/cases-proceedings/2023169-betterhelp-inc-matter,"05.24, BetterHelp.json",18,74,20.0,"BetterHelp secretly shared consumers' sensitive mental health information with Facebook, Snapchat, and other advertising platforms for targeted advertising despite repeatedly promising strict privacy.",Health Breach Notification,Privacy,Healthcare; Technology,Prohibition; Consumer Notification; Data Deletion; Comprehensive Security Program; Third-Party Assessment; Compliance Monitoring; Monetary Penalty; Consumer Redress; Order Administration; Recordkeeping,"{""Health Breach Notification"": 18}"
05.24_blackbaud,C-4804,"Blackbaud, Inc.",2024-05-15,2024,Biden,Data Security; Privacy / Deceptive Privacy Practices; Health Data,both,Unfair Information Security Practices; Unfair Data Retention Practices; Unfair Inaccurate Breach Notification; Deceptive Security Statements; Deceptive Initial Breach Notification,"Section 5(a) of the Federal Trade Commission Act, 15 U.S.C. § 45","Lina M. Khan, Chair; Rebecca Kelly Slaughter; Alvaro M. Bedoya; Melissa Holyoak; Andrew Ferguson",https://www.ftc.gov/legal-library/browse/cases-proceedings/2023181-blackbaud-inc,"05.24, Blackbaud.json",13,48,20.0,"Blackbaud's deficient security practices allowed a cyberattacker to remain undetected for months and exfiltrate millions of consumers' personal data, which the company then misrepresented in its breach notification.",Section 5 Only,Data Security,Technology,Prohibition; Data Deletion; Recordkeeping; Comprehensive Security Program; Third-Party Assessment; Compliance Monitoring; Order Administration,"{""Section 5 Only"": 13}"
05.24_cerebral_and_kyle_robertson,24-cv-21376-JLK,"Cerebral, Inc.",2024-05-15,2024,Biden,Data Security; Privacy / Deceptive Privacy Practices; Health Data,both,"Deceptive Privacy Practices (Cerebral & Robertson); Deceptive Data Security Practices (Cerebral & Robertson); Unfair Privacy and Data Security Practices (Cerebral & Robertson); Deceptive Cancellation Practices (Cerebral & Robertson); Unfair and Deceptive Marketing and Consumer Review Practices (Robertson & Martelli); Violations of the Opioid Addiction Recovery Fraud Prevention Act (Cerebral, Robertson & Martelli); Violations of ROSCA (Cerebral & Robertson); Unfair and Deceptive Practices — Zealthy & Bruno Health (Robertson, Echeverry, Zealthy & Bruno Health); Violations of ROSCA — Zealthy & Bruno Health (Robertson, Echeverry, Zealthy & Bruno Health)","Section 5(a) of the Federal Trade Commission Act, 15 U.S.C. § 45(a); Section 5(m)(1)(A) of the FTC Act, 15 U.S.C. § 45(m)(1)(A); Section 13(b) of the FTC Act, 15 U.S.C. § 53(b); Section 8023 of the Opioid Addiction Recovery Fraud Prevention Act of 2018, 15 U.S.C. § 45d; Section 5 of the Restore Online Shoppers' Confidence Act (ROSCA), 15 U.S.C. § 8404",,https://www.ftc.gov/legal-library/browse/cases-proceedings/222-3067-cerebral-inc-kyle-robertson-us-v,"05.24, Cerebral and Kyle Robertson.json",23,74,20.0,"Cerebral secretly shared millions of patients' sensitive mental health and personal data with over twenty advertising platforms while falsely promising confidential, secure care and making it difficult to cancel subscriptions.",Health Breach Notification,Privacy; Data Security; Deceptive Design / Dark Patterns,Healthcare; Technology,Prohibition; Comprehensive Security Program; Third-Party Assessment; Compliance Monitoring; Consumer Notification; Data Deletion; Monetary Penalty; Consumer Redress; Order Administration; Recordkeeping,"{""Health Breach Notification"": 23}"
05.24_inmarket_media,C-4803,"InMarket Media, LLC",2024-05-15,2024,Biden,Health Data; Location / Geolocation Data,deceptive,Unfair Collection and Use of Consumer Location Data (Own Apps); Unfair Collection and Use of Consumer Location Data from Third-Party Apps; Unfair Retention of Consumer Location Data; Deceptive Failure to Disclose InMarket's Use of Consumer Location Data,Federal Trade Commission Act,"Lina M. Khan, Chair; Rebecca Kelly Slaughter; Alvaro M. Bedoya; Melissa Holyoak; Andrew Ferguson",https://www.ftc.gov/legal-library/browse/cases-proceedings/2023088-inmarket-media-llc,"05.24, InMarket Media.json",18,62,20.0,"InMarket Media misled consumers about location data use in its apps and SDK, collecting precise location data for advertising profiling while telling consumers it was only for app functionality.",Section 5 Only,Privacy; Surveillance,Technology,Prohibition; Comprehensive Security Program; Third-Party Assessment; Consumer Notification; Data Deletion; Recordkeeping; Order Administration; Compliance Monitoring,"{""Section 5 Only"": 18}"
06.24_monument,1:24-cv-01034,"Monument, Inc.",2024-06-15,2024,Biden,Data Security; Privacy / Deceptive Privacy Practices; Health Data,both,Unfair Privacy Practices; Unfair Disclosure of Consumers' Health Information Without Affirmative Express Consent; Privacy Misrepresentation – Disclosures of Health Information to Third Parties; Misrepresentation – Compliance with HIPAA; Deceptive Privacy Claim – OARFPA Violation,"Section 5(a) of the Federal Trade Commission Act, 15 U.S.C. § 45(a), and Section 8023 of the Opioid Addiction Recovery Fraud Prevention Act of 2018 (OARFPA), 15 U.S.C. § 45d",,https://www.ftc.gov/legal-library/browse/cases-proceedings/2323043-monument-inc-us-v,"06.24, Monument.json",17,58,20.0,Monument falsely claimed its alcohol addiction treatment platform was HIPAA compliant and 100% confidential while sharing users' sensitive health data with advertisers.,Health Breach Notification,Privacy,Healthcare,Prohibition; Data Deletion; Consumer Notification; Comprehensive Security Program; Third-Party Assessment; Compliance Monitoring; Monetary Penalty; Consumer Redress; Order Administration; Recordkeeping,"{""Health Breach Notification"": 17}"
08.24_verkada,3:24-cv-06153,Verkada Inc.,2024-08-15,2024,Biden,Data Security; Privacy / Deceptive Privacy Practices; Health Data,both,Unfair Information Security Practices (Business Customers); Unfair Information Security Practices (Consumers); Information Security Misrepresentations; Information Security Misrepresentations — Command Platform; HIPAA Misrepresentations; Privacy Shield Compliance Misrepresentations; False Claim of Impartial Ratings and Reviews; Deceptive Failure to Disclose Material Connections; Failure to Honor Opt-Out Requests (CAN-SPAM); Failure to Provide Notice of Opt-Out (CAN-SPAM); Failure to Provide Valid Physical Postal Address (CAN-SPAM),"Section 5(a) of the Federal Trade Commission Act, 15 U.S.C. § 45(a), and Section 7(a) of the Controlling the Assault of Non-Solicited Pornography and Marketing Act of 2003 (CAN-SPAM Act), 15 U.S.C. § 7706(a)",,https://www.ftc.gov/legal-library/browse/cases-proceedings/2123068-verkada-inc-us-v,"08.24, Verkada.json",14,53,20.0,"Verkada made false security claims for its building surveillance cameras, failed to implement basic security practices, and violated CAN-SPAM requirements in its marketing emails.",CAN-SPAM,Data Security,Technology,Prohibition; Comprehensive Security Program; Third-Party Assessment; Compliance Monitoring; Monetary Penalty; Consumer Redress; Order Administration; Recordkeeping,"{""CAN-SPAM"": 14}"
09.24_1health.iovitagene,C-4798,1Health.io Inc.,2024-09-15,2024,Biden,Data Security; Privacy / Deceptive Privacy Practices,deceptive,Security Misrepresentation – Exceeding Industry Standards; Security Misrepresentation – Storing DNA Results without Identifying Information; Privacy Misrepresentation – Data Deletion; Privacy Misrepresentation – Saliva Sample Destruction; Unfair Retroactive Privacy Policy Changes – Third-Party Sharing of Sensitive Data,Federal Trade Commission Act,"Lina M. Khan, Chair; Rebecca Kelly Slaughter; Alvaro M. Bedoya",https://www.ftc.gov/legal-library/browse/cases-proceedings/1923170-1healthiovitagene-matter,"09.24, 1Health.ioVitagene.json",16,61,20.0,"Vitagene falsely claimed industry-leading security for DNA health data while publicly exposing the genetic and health records of over 2,600 consumers through unsecured cloud storage.",Health Breach Notification,Privacy; Data Security,Healthcare; Technology,Prohibition; Data Deletion; Comprehensive Security Program; Third-Party Assessment; Compliance Monitoring; Monetary Penalty; Consumer Redress; Order Administration; Recordkeeping,"{""Health Breach Notification"": 16}"
10.24_marriott_international_and_starwood_hotels_resorts_worldwide,C-4807,"Marriott International, Inc.",2024-10-15,2024,Biden,Data Security; Privacy / Deceptive Privacy Practices,unfair,Deceptive Security Statements; Unfair Information Security Practices,"Section 5(a) of the Federal Trade Commission Act, 15 U.S.C. § 45(a)","Lina M. Khan, Chair; Rebecca Kelly Slaughter; Alvaro M. Bedoya; Melissa Holyoak; Andrew Ferguson",https://www.ftc.gov/legal-library/browse/cases-proceedings/192-3022-marriott-international-inc-starwood-hotels-resorts-worldwide-llc-matter,"10.24, Marriott International and Starwood Hotels & Resorts Worldwide.json",13,62,20.0,Marriott and Starwood Hotels suffered three major data breaches affecting hundreds of millions of consumers due to persistently inadequate security practices.,Section 5 Only,Data Security,Retail,Prohibition; Comprehensive Security Program; Third-Party Assessment; Compliance Monitoring; Consumer Redress; Data Deletion; Order Administration; Recordkeeping,"{""Section 5 Only"": 13}"
12.24_gravy_analytics,C-4810,"Gravy Analytics, Inc.",2024-12-15,2024,Biden,Health Data; Location / Geolocation Data,deceptive,Unfair Sale of Sensitive Location Data; Unfair Collection and Use of Consumer Location Data Without Consent Verification; Unfair Sale of Sensitive Inferences Derived from Consumers' Location Data,Section 5(a) of the Federal Trade Commission Act,"Lina M. Khan, Chair; Rebecca Kelly Slaughter; Alvaro M. Bedoya; Melissa Holyoak; Andrew Ferguson",https://www.ftc.gov/legal-library/browse/cases-proceedings/212-3035-gravy-analytics-inc-matter,"12.24, Gravy Analytics.json",19,66,20.0,Gravy Analytics collected and sold precise mobile location data revealing consumers' sensitive characteristics — including health decisions and religious practices — without verifying user consent.,Section 5 Only,Privacy; Surveillance,Technology,Prohibition; Comprehensive Security Program; Compliance Monitoring; Consumer Notification; Data Deletion; Recordkeeping; Order Administration,"{""Section 5 Only"": 19}"
12.24_vivint_smart_home,2:21-cv-00267-TS,"Vivint Smart Home, Inc.",2024-12-15,2024,Biden,Fair Credit Reporting (FCRA),deceptive,No Established Identity Theft Prevention Program; Obtaining Credit Reports Without a Permissible Purpose; Unfair Sale of False Debt to Debt Buyers or Collectors,"Section 5(a) of the Federal Trade Commission Act, 15 U.S.C. § 45(a); Section 13(b) of the Federal Trade Commission Act, 15 U.S.C. § 53(b); Section 16(a) of the Federal Trade Commission Act, 15 U.S.C. § 56(a); Section 621(a) of the Fair Credit Reporting Act, 15 U.S.C. § 1681s(a)",,https://www.ftc.gov/legal-library/browse/cases-proceedings/192-3060-vivint-smart-home-inc,"12.24, Vivint Smart Home.json",17,59,20.0,"Vivint's sales force fraudulently pulled third parties' credit reports without consent to qualify unqualified customers for financing, then passed those innocent parties' information to debt collectors.",FCRA,Financial Practices,Technology,Prohibition; Other; Compliance Monitoring; Third-Party Assessment; Monetary Penalty; Consumer Redress; Order Administration; Recordkeeping,"{""FCRA"": 17}"
01.25_cognosphere,2:25-cv-447,"COGNOSPHERE, LLC",2025-01-15,2025,Biden,COPPA / Children's Privacy; Privacy / Deceptive Privacy Practices,both,COPPA Rule Violations – Failure to Provide Notice and Obtain Parental Consent; Misrepresentations of Loot Box Odds; Misrepresentations of Cost of Loot Box Prizes; Unfair Selling and Offering a Multi-Tier Virtual Currency System to Children and Teenagers; Unfair Promotion and Sale of Loot Boxes to Children and Teenagers,"Section 5(a) of the Federal Trade Commission Act, 15 U.S.C. § 45(a); Sections 1303(c) and 1306(d) of the Children's Online Privacy Protection Act of 1998 (COPPA), 15 U.S.C. §§ 6502(c), 6505(d); and the Children's Online Privacy Protection Rule (COPPA Rule), 16 C.F.R. pt. 312",,https://www.ftc.gov/legal-library/browse/cases-proceedings/222-3152-cognosphere-llc-us-v,"01.25, Cognosphere.json",13,48,,"HoYoverse collected children's personal data without parental consent and misled players about their true odds of winning loot box prizes, obscuring the actual cost of rare items.",COPPA,Privacy; Deceptive Design / Dark Patterns,Technology,Prohibition; Data Deletion; Monetary Penalty; Consumer Redress; Order Administration; Compliance Monitoring; Recordkeeping,"{""COPPA"": 13}"
01.25_intellivision,C-4809,IntelliVision Technologies Corp.,2025-01-15,2025,Biden,AI / Algorithmic / Facial Recognition,deceptive,Misrepresentations – Facial Recognition Software Accuracy and Training; False or Unsubstantiated Claims – Facial Recognition Software Bias; False or Unsubstantiated Claims – Anti-Spoofing,Section 5 of the Federal Trade Commission Act,"Lina M. Khan, Chair; Rebecca Kelly Slaughter; Alvaro M. Bedoya; Melissa Holyoak; Andrew Ferguson",https://www.ftc.gov/legal-library/browse/cases-proceedings/232-3023-intellivision-matter,"01.25, Intellivision.json",7,26,20.0,IntelliVision marketed its facial recognition software as free of racial and gender bias and highly accurate when it had no testing to support those claims.,Section 5 Only,AI / Automated Decision-Making,Technology,Prohibition; Order Administration; Compliance Monitoring; Recordkeeping,"{""Section 5 Only"": 7}"
01.25_mobilewalla,C-4811,"Mobilewalla, Inc.",2025-01-15,2025,Biden,Privacy / Deceptive Privacy Practices; Health Data; Location / Geolocation Data,deceptive,Unfair Sale of Sensitive Location Information; Unfair Targeting Based on Sensitive Characteristics; Unfair Collection of Consumer Information from RTB Exchanges; Unfair Collection and Use of Consumer Location Information Without Consent Verification; Unfair Retention of Consumer Location Information,Federal Trade Commission Act,"Lina M. Khan, Chair; Rebecca Kelly Slaughter; Alvaro M. Bedoya; Melissa Holyoak; Andrew Ferguson",https://www.ftc.gov/legal-library/browse/cases-proceedings/202-3196-mobilewalla-inc-matter,"01.25, Mobilewalla.json",18,72,20.0,Mobilewalla collected and sold consumers' sensitive location data — including data revealing visits to medical facilities and places of worship — without meaningful consent and in violation of ad exchange terms.,Section 5 Only,Privacy; Surveillance,Technology,Prohibition; Consumer Notification; Third-Party Assessment; Data Deletion; Recordkeeping; Order Administration; Compliance Monitoring,"{""Section 5 Only"": 18}"
02.25_aqua_finance,3:24-cv-00288,"Aqua Finance, Inc.",2025-02-15,2025,Trump (2nd),Fair Credit Reporting (FCRA),both,Misrepresentations – Terms of Financing; Failing to Adequately Disclose UCC Fixture Filing and Its Implications; Unfairness – Funding Deceptively Marketed Credit Agreements; Unfairness – Contracts Failing to Disclose Repeat Purchase Restrictions and Credit Terms; Violations of TILA and Regulation Z; Lack of Reasonable Written Policies and Procedures (FCRA/Furnisher Rule); Failing to Investigate and Report Results of Direct Dispute Investigations; Failing to Notify CRAs of Disputed Information; Failing to Cease Furnishing Information After Receipt of Identity Theft Reports; Knowingly Furnishing Inaccurate Information to CRAs,"Section 5(a) of the Federal Trade Commission Act, 15 U.S.C. § 45(a); the Truth in Lending Act (TILA), 15 U.S.C. §§ 1601–1666j; section 621(a) of the Fair Credit Reporting Act (FCRA), 15 U.S.C. § 1681s(a); and the Duties of Furnishers of Information to Consumer Reporting Agencies Rule, 12 C.F.R. § 1022, subpart E",,https://www.ftc.gov/legal-library/browse/cases-proceedings/aqua-finance,"02.25, Aqua Finance.json",13,61,,Aqua Finance funded home water treatment financing arrangements whose terms were systematically misrepresented by dealers and structured deceptively as open-end credit in violation of federal lending law.,FCRA,Financial Practices,Financial Services,Prohibition; Compliance Monitoring; Consumer Notification; Monetary Penalty; Consumer Redress; Order Administration; Recordkeeping,"{""FCRA"": 13}"
02.25_avast,2023033,Avast Limited,2025-02-15,2025,Trump (2nd),Privacy / Deceptive Privacy Practices,deceptive,"Unfair Collection, Retention, and Sale of Consumers' Browsing Information; Deceptive Failure to Disclose Tracking of Consumers; Misrepresentations Regarding Aggregation and Anonymization","Section 5(a) of the Federal Trade Commission Act, 15 U.S.C. § 45(a)","Lina M. Khan, Chair; Rebecca Kelly Slaughter; Alvaro M. Bedoya",https://www.ftc.gov/legal-library/browse/cases-proceedings/2023033-avast,"02.25, Avast.json",15,63,20.0,Avast collected consumers' detailed browsing histories through its privacy-protection software and secretly sold that data to over 100 third parties without adequate disclosure or consent.,Section 5 Only,Privacy,Technology,Prohibition; Data Deletion; Algorithmic Destruction; Order Administration; Comprehensive Security Program; Third-Party Assessment; Compliance Monitoring; Monetary Penalty; Consumer Redress; Recordkeeping,"{""Section 5 Only"": 15}"
05.25_godaddy,C-202-3133,GoDaddy Inc.,2025-05-15,2025,Trump (2nd),Data Security; Privacy / Deceptive Privacy Practices,deceptive,Unfair Data Security Practices; Data Security Misrepresentations; EU-U.S. & Swiss-U.S. Privacy Shield Frameworks,Section 5 of the Federal Trade Commission Act,"Andrew N. Ferguson, Chairman; Melissa Holyoak; Mark R. Meador",https://www.ftc.gov/legal-library/browse/cases-proceedings/2023133-godaddy-inc-et-al-matter,"05.25, GoDaddy.json",11,58,20.0,"GoDaddy marketed itself as a secure hosting provider with award-winning security while failing to implement basic controls, resulting in multiple major data compromises.",Section 5 Only,Data Security,Technology,Prohibition; Comprehensive Security Program; Third-Party Assessment; Compliance Monitoring; Order Administration; Recordkeeping,"{""Section 5 Only"": 11}"
07.25_roca_labs,8:15-cv-02231-MSS-TBM,"Roca Labs, Inc.",2025-07-15,2025,Trump (2nd),Privacy / Deceptive Privacy Practices; Health Data,both,Deceptive Weight-Loss Claims; False Establishment Claim; Unfair Use of Non-Disparagement Provisions; Misrepresentations About GastricBypass.me; Failure to Disclose Material Connections; Deceptive Privacy Claim; Deceptive Discount Claim,"Section 13(b) of the Federal Trade Commission Act (15 U.S.C. § 53(b)), in connection with violations of Sections 5(a) and 12 of the FTC Act (15 U.S.C. §§ 45(a) and 52)",,https://www.ftc.gov/legal-library/browse/cases-proceedings/142-3255-x150061-roca-labs-inc,"07.25, Roca Labs.json",17,66,20.0,Roca Labs falsely claimed its dietary supplement had a scientifically proven 90% weight-loss success rate and silenced unhappy customers with non-disparagement clauses.,Section 5 Only,Other,Healthcare,Prohibition; Consumer Notification; Monetary Penalty; Consumer Redress; Recordkeeping; Order Administration; Compliance Monitoring,"{""Section 5 Only"": 17}"
09.25_pornhubmindgeekaylo,2:25-cv-00752,AYLO GROUP LTD.,2025-09-15,2025,Trump (2nd),Data Security; Privacy / Deceptive Privacy Practices,both,Unfairness – Distribution of CSAM and NCM to Consumers; Deception – Flagging of Content; Deception – Banning of CSAM Uploaders; Deception – Re-Upload of CSAM; Deception – Verification Paperwork (18 U.S.C. § 2257); Deception – Review of Content for CSAM and NCM; Deception – CSAM and NCM Present on Websites; Failure to Disclose – Collection of Personal Information; Security Misrepresentation – Data Security; Unconscionable Acts and Practices (UCSPA); Deceptive Acts and Practices (UCSPA),"Section 5(a) of the Federal Trade Commission Act, 15 U.S.C. § 45(a); Section 13(b) of the FTC Act, 15 U.S.C. § 53(b); Utah Consumer Sales Practices Act, Utah Code § 13-11-1 et seq.",,https://www.ftc.gov/legal-library/browse/cases-proceedings/152-3202-inbox-group-llc-matter,"09.25, PornhubMindgeekAylo.json",20,105,,Pornhub's operator actively distributed child sexual abuse material and non-consensual content for years while falsely claiming to promptly review and remove flagged material.,Section 5 Only,Privacy; Data Security,Technology,Prohibition; Comprehensive Security Program; Third-Party Assessment; Consumer Notification; Compliance Monitoring; Monetary Penalty; Consumer Redress; Order Administration; Recordkeeping,"{""Section 5 Only"": 20}"
10.25_apitor,3:25-cv-07363,"Apitor Technology Co., Ltd.",2025-10-15,2025,Trump (2nd),COPPA / Children's Privacy; Privacy / Deceptive Privacy Practices; Location / Geolocation Data,both,Failure to Provide Notice and Obtain Verifiable Parental Consent,"Section 5(a) of the Federal Trade Commission Act, 15 U.S.C. § 45(a), and the Children's Online Privacy Protection Rule (COPPA Rule), 16 C.F.R. part 312",,https://www.ftc.gov/legal-library/browse/cases-proceedings/apitor,"10.25, Apitor.json",8,34,,Apitor's robot toy app secretly collected precise geolocation data from child users via a third-party SDK without parental notice or consent.,COPPA,Privacy,Technology,Prohibition; Data Deletion; Monetary Penalty; Order Administration; Compliance Monitoring; Recordkeeping,"{""COPPA"": 8}"
12.25_disney,2:25-cv-08223,"Disney Worldwide Services, Inc. and Disney Entertainment Operations LLC",2025-12-15,2025,Trump (2nd),COPPA / Children's Privacy; Privacy / Deceptive Privacy Practices,both,Violations of the COPPA Rule,"Section 5(a) of the Federal Trade Commission Act, 15 U.S.C. § 45(a); Sections 1303(c) and 1306(d) of the Children's Online Privacy Protection Act of 1998 (COPPA), 15 U.S.C. §§ 6502(c) and 6505(d); Children's Online Privacy Protection Rule (COPPA Rule), 16 C.F.R. Part 312",,https://www.ftc.gov/legal-library/browse/cases-proceedings/disney,"12.25, Disney.json",8,31,,"Disney failed to accurately designate child-directed YouTube videos as 'Made for Kids,' allowing targeted advertising and personal data collection on content directed at children.",COPPA,Privacy,Social Media; Technology,Prohibition; Comprehensive Security Program; Monetary Penalty; Order Administration; Compliance Monitoring; Recordkeeping,"{""COPPA"": 8}"
12.25_illuminate_education,222-3105,"Illuminate Education, Inc.",2025-12-15,2025,Trump (2nd),Data Security; Privacy / Deceptive Privacy Practices,unfair,Unfair Information Security Practices; Data Security Misrepresentations; Misrepresentations to School Districts Regarding Notice,Section 5(a) of the Federal Trade Commission Act,"Andrew N. Ferguson, Chairman; Mark R. Meador",https://www.ftc.gov/legal-library/browse/cases-proceedings/222-3105-illuminate-education-inc-matter,"12.25, Illuminate Education.json",13,19,10.0,"Illuminate Education stored millions of students' personal data in plaintext with inadequate access controls, suffered a breach, and had made contractual security promises it did not keep.",Section 5 Only,Data Security,Education; Technology,Prohibition; Data Deletion; Recordkeeping; Comprehensive Security Program; Third-Party Assessment; Consumer Notification; Compliance Monitoring; Order Administration,"{""Section 5 Only"": 13}"
12.25_illusory_systemsnomad,C-2323016,"Illusory Systems, Inc.",2025-12-15,2025,Trump (2nd),Data Security,deceptive,Unfair Security Practices; Security Misrepresentations,Section 5(a) of the Federal Trade Commission Act,"Andrew N. Ferguson, Chairman; Mark R. Meador",https://www.ftc.gov/legal-library/browse/cases-proceedings/illusory-systemsnomad,"12.25, Illusory SystemsNomad.json",11,49,10.0,"Nomad marketed its cryptocurrency bridge as 'security-first' while deploying inadequately tested code with no incident response plan, leading to the near-total loss of user assets.",Section 5 Only,Data Security,Financial Services; Technology,Prohibition; Comprehensive Security Program; Third-Party Assessment; Compliance Monitoring; Monetary Penalty; Order Administration; Recordkeeping,"{""Section 5 Only"": 11}"
01.26_general_motors,C-4828,"General Motors LLC, General Motors Holdings LLC, and OnStar, LLC",2026-01-15,2026,Trump (2nd),Privacy / Deceptive Privacy Practices; Location / Geolocation Data; Fair Credit Reporting (FCRA),deceptive,Unfair Use and Sale of Sensitive Data Without Affirmative Express Consent; Deceptive Failure to Disclose Use and Disclosure of Consumer Location and Driver Behavior Data,Federal Trade Commission Act,"Andrew N. Ferguson, Chairman; Mark R. Meador",https://www.ftc.gov/legal-library/browse/cases-proceedings/2423052-general-motors-llc-et-al-matter,"01.26, General Motors.json",16,53,20.0,General Motors and OnStar collected detailed driving behavior data every three seconds and sold it to consumer reporting agencies without consumers' meaningful informed consent.,Section 5 Only,Privacy; Surveillance,Technology; Other,Prohibition; Recordkeeping; Data Deletion; Other; Consumer Notification; Order Administration; Compliance Monitoring,"{""Section 5 Only"": 16}"
