case_name,pdf_url
"Amazon.com, Inc., U.S. v.",https://www.ftc.gov/system/files/ftc_gov/pdf/Amazon-Complaint.pdf
"Amazon.com, Inc., U.S. v.",https://www.ftc.gov/system/files/ftc_gov/pdf/Amazon-ConsentMotionforOrder.pdf
"FTC v Kochava, Inc.",https://www.ftc.gov/system/files/ftc_gov/pdf/1.%20Complaint.pdf
"FTC v Kochava, Inc.",https://www.ftc.gov/system/files/ftc_gov/pdf/26AmendedComplaint%28unsealed%29.pdf
"FTC v Kochava, Inc.",https://www.ftc.gov/system/files/ftc_gov/pdf/71-OpiniononMTD.pdf
"FTC v Kochava, Inc.",https://www.ftc.gov/system/files/ftc_gov/pdf/86-SecondAmendedComplaint.pdf
"FTC v Kochava, Inc.",https://www.ftc.gov/system/files/ftc_gov/pdf/Kochava-Order.pdf
"FTC v Kochava, Inc.",https://www.ftc.gov/system/files/ftc_gov/pdf/ftc_v._kochava_-_proposed_stipulated_order.pdf
"Illuminate Education, Inc., In the Matter of",https://www.ftc.gov/system/files/ftc_gov/pdf/2223105c4833illuminatecommenterletters.pdf
"Illuminate Education, Inc., In the Matter of",https://www.ftc.gov/system/files/ftc_gov/pdf/2223105c4833illuminatefinalcomplaint.pdf
"Illuminate Education, Inc., In the Matter of",https://www.ftc.gov/system/files/ftc_gov/pdf/2223105c4833illuminatefinalorder.pdf
"Illuminate Education, Inc., In the Matter of",https://www.ftc.gov/system/files/ftc_gov/pdf/2223105illuminateaapc.pdf
"Illuminate Education, Inc., In the Matter of",https://www.ftc.gov/system/files/ftc_gov/pdf/2223105illuminateacco.pdf
"Illuminate Education, Inc., In the Matter of",https://www.ftc.gov/system/files/ftc_gov/pdf/2223105illuminatecomplaint.pdf
"Twitter, Inc., a corporation",https://www.ftc.gov/sites/default/files/documents/cases/2010/06/100624twitteragree.pdf
"Twitter, Inc., a corporation",https://www.ftc.gov/sites/default/files/documents/cases/2010/06/100624twitteranal.pdf
"Twitter, Inc., a corporation",https://www.ftc.gov/sites/default/files/documents/cases/2010/06/100624twittercmpt.pdf
"Twitter, Inc., a corporation",https://www.ftc.gov/sites/default/files/documents/cases/2010/06/100624twitterexhibits.pdf
"Twitter, Inc., a corporation",https://www.ftc.gov/sites/default/files/documents/cases/2011/03/100624twitterexhibits.pdf
"Twitter, Inc., a corporation",https://www.ftc.gov/sites/default/files/documents/cases/2011/03/110311letterborst.pdf
"Twitter, Inc., a corporation",https://www.ftc.gov/sites/default/files/documents/cases/2011/03/110311lettergosche.pdf
"Twitter, Inc., a corporation",https://www.ftc.gov/sites/default/files/documents/cases/2011/03/110311letterhale.pdf
"Twitter, Inc., a corporation",https://www.ftc.gov/sites/default/files/documents/cases/2011/03/110311letterpandey.pdf
"Twitter, Inc., a corporation",https://www.ftc.gov/sites/default/files/documents/cases/2011/03/110311letterradocea.pdf
"Twitter, Inc., a corporation",https://www.ftc.gov/sites/default/files/documents/cases/2011/03/110311lettersilverberg.pdf
"Twitter, Inc., a corporation",https://www.ftc.gov/sites/default/files/documents/cases/2011/03/110311lettersmith.pdf
"Twitter, Inc., a corporation",https://www.ftc.gov/sites/default/files/documents/cases/2011/03/110311letterthomason.pdf
"Twitter, Inc., a corporation",https://www.ftc.gov/sites/default/files/documents/cases/2011/03/110311twittercmpt.pdf
"Twitter, Inc., a corporation",https://www.ftc.gov/sites/default/files/documents/cases/2011/03/110311twitterdo.pdf
"Twitter, Inc., a corporation",https://www.ftc.gov/system/files/ftc_gov/pdf/c4316twitterpetitionto_reopenpublic.pdf
"CMG Media Corporation, In the Matter of",https://www.ftc.gov/system/files/ftc_gov/pdf/CMGAPCOwithoutsignatures.pdf
"CMG Media Corporation, In the Matter of",https://www.ftc.gov/system/files/ftc_gov/pdf/CMGComplaintwithoutsignatures.pdf
"CMG Media Corporation, In the Matter of",https://www.ftc.gov/system/files/ftc_gov/pdf/CMGDecisionandOrderwithoutsignatures.pdf
"CMG Media Corporation, In the Matter of",https://www.ftc.gov/system/files/ftc_gov/pdf/CMGconsentwithoutsignatures.pdf
OkCupid/Match,https://www.ftc.gov/system/files/ftc_gov/pdf/MatchGroupAmericasandHumorRainbowStipulatedOrder.pdf
OkCupid/Match,https://www.ftc.gov/system/files/ftc_gov/pdf/OkCupid-MatchComplaint.pdf
OkCupid/Match,https://www.ftc.gov/system/files/ftc_gov/pdf/OkCupidMatch-JointMotion.pdf
"General Motors LLC., et al., In the Matter of",https://www.ftc.gov/system/files/ftc_gov/pdf/2423052c4828gmlexiscommenterletters.pdf
"General Motors LLC., et al., In the Matter of",https://www.ftc.gov/system/files/ftc_gov/pdf/2423052c4828gmlexisfinalcomplaint.pdf
"General Motors LLC., et al., In the Matter of",https://www.ftc.gov/system/files/ftc_gov/pdf/2423052c4828gmlexisfinalorder.pdf
"General Motors LLC., et al., In the Matter of",https://www.ftc.gov/system/files/ftc_gov/pdf/242_3052_-_general_motors_analysis.pdf
"General Motors LLC., et al., In the Matter of",https://www.ftc.gov/system/files/ftc_gov/pdf/242_3052_-_general_motors_complaint.pdf
"General Motors LLC., et al., In the Matter of",https://www.ftc.gov/system/files/ftc_gov/pdf/242_3052_-_general_motors_consent.pdf
"General Motors LLC., et al., In the Matter of",https://www.ftc.gov/system/files/ftc_gov/pdf/242_3052_-_general_motors_decisionandorder.pdf
NGL,https://www.ftc.gov/system/files/ftc_gov/pdf/DN008StipulatedOrderforPermanentInjunction.pdf
NGL,https://www.ftc.gov/system/files/ftc_gov/pdf/NGL-Complaint.pdf
NGL,https://www.ftc.gov/system/files/ftc_gov/pdf/NGL-ProposedConsentOrder.pdf
NGL,https://www.ftc.gov/system/files/ftc_gov/pdf/NGL-StipulationastoEntryofProposedConsentOrder.pdf
Disney,https://www.ftc.gov/system/files/ftc_gov/pdf/Disney-AppendixA.pdf
Disney,https://www.ftc.gov/system/files/ftc_gov/pdf/Disney-Order.pdf
Disney,https://www.ftc.gov/system/files/ftc_gov/pdf/DisneyComplaint.pdf
Disney,https://www.ftc.gov/system/files/ftc_gov/pdf/DisneyStipulationandProposedOrder.pdf
Illusory Systems/Nomad,https://www.ftc.gov/system/files/ftc_gov/pdf/2323016NomadAAPC.pdf
Illusory Systems/Nomad,https://www.ftc.gov/system/files/ftc_gov/pdf/NomadComplaintclean.pdf
Illusory Systems/Nomad,https://www.ftc.gov/system/files/ftc_gov/pdf/NomadOrder.pdf
"Support King, LLC (SpyFone.com), In the Matter of",https://www.ftc.gov/system/files/documents/cases/1923003c4756spyfonecomplaint_0.pdf
"Support King, LLC (SpyFone.com), In the Matter of",https://www.ftc.gov/system/files/documents/cases/1923003c4756spyfonelettercommenterepic.pdf
"Support King, LLC (SpyFone.com), In the Matter of",https://www.ftc.gov/system/files/documents/cases/1923003c4756spyfonelettercommenterparentalvalues.pdf
"Support King, LLC (SpyFone.com), In the Matter of",https://www.ftc.gov/system/files/documents/cases/1923003c4756spyfoneorder.pdf
"Support King, LLC (SpyFone.com), In the Matter of",https://www.ftc.gov/system/files/documents/cases/192_3003_spyfone_agreement_and_order_without_signatures_0.pdf
"Support King, LLC (SpyFone.com), In the Matter of",https://www.ftc.gov/system/files/documents/cases/192_3003_spyfone_analysis.pdf
"Support King, LLC (SpyFone.com), In the Matter of",https://www.ftc.gov/system/files/documents/cases/192_3003_spyfone_complaint.pdf
"Support King, LLC (SpyFone.com), In the Matter of",https://www.ftc.gov/system/files/ftc_gov/pdf/1923003-PETITIONTOREOPENANDVACATEORMODIFYFTCCONSENTORDER_0.pdf
"Support King, LLC (SpyFone.com), In the Matter of",https://www.ftc.gov/system/files/ftc_gov/pdf/c4756spyfonecommorderdenypetvacateweb.pdf
"Support King, LLC (SpyFone.com), In the Matter of",https://www.ftc.gov/system/files/ftc_gov/pdf/c4756spyfoneletterscommenters_0.pdf
Apitor,https://www.ftc.gov/system/files/ftc_gov/pdf/Apitor-Complaint.pdf
Apitor,https://www.ftc.gov/system/files/ftc_gov/pdf/Apitor-JointMotion-StipOrder.pdf
Apitor,https://www.ftc.gov/system/files/ftc_gov/pdf/Apitor-Order.pdf
"Iconic Hearts Holdings, Inc., U.S. v.",https://www.ftc.gov/system/files/ftc_gov/pdf/IconicHeartsComplaint.pdf
Pornhub/Mindgeek/Aylo,https://www.ftc.gov/system/files/ftc_gov/pdf/AyloGroupLtd-et-al-Complaint.pdf
Pornhub/Mindgeek/Aylo,https://www.ftc.gov/system/files/ftc_gov/pdf/AyloGroupLtd-et-al-StipOrder.pdf
Pornhub/Mindgeek/Aylo,https://www.ftc.gov/system/files/ftc_gov/pdf/Pornhub-StipOrder.pdf
"Roca Labs, Inc.",https://www.ftc.gov/system/files/documents/cases/150924rocalabstro.pdf
"Roca Labs, Inc.",https://www.ftc.gov/system/files/documents/cases/150928rocalabscmpt.pdf
"Roca Labs, Inc.",https://www.ftc.gov/system/files/documents/cases/150928rocalabsexhibitsa-b.pdf
"Roca Labs, Inc.",https://www.ftc.gov/system/files/documents/cases/150928rocalabsexhibitsc-h.pdf
"Roca Labs, Inc.",https://www.ftc.gov/system/files/documents/cases/150929rocalabstro.pdf
"Roca Labs, Inc.",https://www.ftc.gov/system/files/documents/cases/151029rocoprelim.pdf
"Roca Labs, Inc.",https://www.ftc.gov/system/files/documents/cases/253_final_judgment_and_perm_inj.pdf
"Roca Labs, Inc.",https://www.ftc.gov/system/files/documents/cases/roca_labs_ftc_first_amended_complaint_2-19-16.pdf
"Roca Labs, Inc.",https://www.ftc.gov/system/files/documents/cases/roca_labs_opinion_grant_msj_deny_partial_msj_9-25-18.pdf
"GoDaddy Inc., et al., In the Matter of",https://www.ftc.gov/system/files/ftc_gov/pdf/2023133_godaddy_analysisofproposedconsent.pdf
"GoDaddy Inc., et al., In the Matter of",https://www.ftc.gov/system/files/ftc_gov/pdf/2023133_godaddy_complaint.pdf
"GoDaddy Inc., et al., In the Matter of",https://www.ftc.gov/system/files/ftc_gov/pdf/2023133_godaddy_consent.pdf
"GoDaddy Inc., et al., In the Matter of",https://www.ftc.gov/system/files/ftc_gov/pdf/2023133_godaddy_decisionandorder.pdf
"GoDaddy Inc., et al., In the Matter of",https://www.ftc.gov/system/files/ftc_gov/pdf/2023133_godaddy_exhibits.pdf
"GoDaddy Inc., et al., In the Matter of",https://www.ftc.gov/system/files/ftc_gov/pdf/GoDaddy-Complaint.pdf
"GoDaddy Inc., et al., In the Matter of",https://www.ftc.gov/system/files/ftc_gov/pdf/GoDaddy-D%26O.pdf
"Facebook, Inc., In the Matter of",https://www.ftc.gov/sites/default/files/documents/cases/2011/11/111129facebookagree.pdf
"Facebook, Inc., In the Matter of",https://www.ftc.gov/sites/default/files/documents/cases/2011/11/111129facebookanal.pdf
"Facebook, Inc., In the Matter of",https://www.ftc.gov/sites/default/files/documents/cases/2011/11/111129facebookcmpt.pdf
"Facebook, Inc., In the Matter of",https://www.ftc.gov/sites/default/files/documents/cases/2011/11/111129facebookexha-s.pdf
"Facebook, Inc., In the Matter of",https://www.ftc.gov/sites/default/files/documents/cases/2011/12/111205facebookfrn.pdf
"Facebook, Inc., In the Matter of",https://www.ftc.gov/sites/default/files/documents/cases/2012/08/111129facebookexha-s.pdf
"Facebook, Inc., In the Matter of",https://www.ftc.gov/sites/default/files/documents/cases/2012/08/120810facebookcmbltrs.pdf
"Facebook, Inc., In the Matter of",https://www.ftc.gov/sites/default/files/documents/cases/2012/08/120810facebookcmpt.pdf
"Facebook, Inc., In the Matter of",https://www.ftc.gov/sites/default/files/documents/cases/2012/08/120810facebookdo.pdf
"Facebook, Inc., In the Matter of",https://www.ftc.gov/system/files/documents/cases/182_3109_facebook_complaint_filed_7-24-19.pdf
"Facebook, Inc., In the Matter of",https://www.ftc.gov/system/files/documents/cases/182_3109_facebook_consent_motion_filed_7-24-19.pdf
"Facebook, Inc., In the Matter of",https://www.ftc.gov/system/files/documents/cases/182_3109_facebook_order_filed_7-24-19.pdf
"Facebook, Inc., In the Matter of",https://www.ftc.gov/system/files/documents/cases/c4365facebookmodifyingorder.pdf
"Facebook, Inc., In the Matter of",https://www.ftc.gov/system/files/ftc_gov/pdf/2024.01.10.c4365_otsc_order_public_redacted.pdf
"Facebook, Inc., In the Matter of",https://www.ftc.gov/system/files/ftc_gov/pdf/607665_-_efile0002395_-2023.05.10.motion.extension.pdf
"Facebook, Inc., In the Matter of",https://www.ftc.gov/system/files/ftc_gov/pdf/607694_-_noa0001712_-02023.05.10.notice.of_.appearance.and_.statements.iso_.noas_.pdf
"Facebook, Inc., In the Matter of",https://www.ftc.gov/system/files/ftc_gov/pdf/608067_-_efile0002503_-2023.06.27_motion_for_extension_of_time_to_respond_to_otsc_with_exhibits.pdf
"Facebook, Inc., In the Matter of",https://www.ftc.gov/system/files/ftc_gov/pdf/608997_-_efile0002658_-_2023.11.21_motion_for_extension_of_time_to_respond_to_otsc_with_exhibits.pdf
"Facebook, Inc., In the Matter of",https://www.ftc.gov/system/files/ftc_gov/pdf/610067_-_motion_for_extension_of_time_to_respond_to_otsc.pdf
"Facebook, Inc., In the Matter of",https://www.ftc.gov/system/files/ftc_gov/pdf/610261_-_cc_motion_for_order_requiring_parties_to_meet_and_confer.pdf
"Facebook, Inc., In the Matter of",https://www.ftc.gov/system/files/ftc_gov/pdf/610351_-_respondents_opposition_to_complaint_counsels_motion_for_order_requiring.pdf
"Facebook, Inc., In the Matter of",https://www.ftc.gov/system/files/ftc_gov/pdf/610910.2024-06-07_public_notice_of_filing_under_seal.pdf
"Facebook, Inc., In the Matter of",https://www.ftc.gov/system/files/ftc_gov/pdf/610911.2024-06-07_public-redacted_reply_to_metas_osc_resp_redacted.pdf
"Facebook, Inc., In the Matter of",https://www.ftc.gov/system/files/ftc_gov/pdf/611212.2024.07.15_-_compl_counsel_notice_of_unavailability.pdf
"Facebook, Inc., In the Matter of",https://www.ftc.gov/system/files/ftc_gov/pdf/611242.2024.07.18.further.reply_.public.pdf
"Facebook, Inc., In the Matter of",https://www.ftc.gov/system/files/ftc_gov/pdf/611256.2024.07.19.notice.of_.unavailability.pdf
"Facebook, Inc., In the Matter of",https://www.ftc.gov/system/files/ftc_gov/pdf/611509.2024.08.29.notice.of_.unavailability.pdf
"Facebook, Inc., In the Matter of",https://www.ftc.gov/system/files/ftc_gov/pdf/612123.2024.11.05_meta.oral_.argument.materials.public.pdf
"Facebook, Inc., In the Matter of",https://www.ftc.gov/system/files/ftc_gov/pdf/612142.2024.11.07_notice_of_appearance_-_l._koss.pdf
"Facebook, Inc., In the Matter of",https://www.ftc.gov/system/files/ftc_gov/pdf/613270.2025.05.02_notice_of_withdrawal_kim.pdf
"Facebook, Inc., In the Matter of",https://www.ftc.gov/system/files/ftc_gov/pdf/C4365-Commission-Order-to-Show-Cause-%28Redacted-Public%29.pdf
"Facebook, Inc., In the Matter of",https://www.ftc.gov/system/files/ftc_gov/pdf/bedoya_comm_combinedpdf.pdf
"Facebook, Inc., In the Matter of",https://www.ftc.gov/system/files/ftc_gov/pdf/c4365-motion_of_respondent_meta_platforms_inc_f_k_a_facebook_inc._for_confidential_or_in_camera_treatment_-_public.pdf
"Facebook, Inc., In the Matter of",https://www.ftc.gov/system/files/ftc_gov/pdf/c4365-response_of_meta_platforms_inc._f_k_a_facebook_inc._to_the_commission_s_preliminary_findings_of_fact_-_public.pdf
"Facebook, Inc., In the Matter of",https://www.ftc.gov/system/files/ftc_gov/pdf/c4365-response_of_meta_platforms_inc._f_k_a_facebook_inc._to_the_order_to_show_cause_why_the_commission_should_not_modify_the_order_and_enter_the_proposed_new_order_-_public.pdf
"Facebook, Inc., In the Matter of",https://www.ftc.gov/system/files/ftc_gov/pdf/c4365_2024.09.24_commission_order_setting_oral_argument_unsigned.pdf
"Facebook, Inc., In the Matter of",https://www.ftc.gov/system/files/ftc_gov/pdf/c4365_20240109_commission_order_unsigned.pdf
"Facebook, Inc., In the Matter of",https://www.ftc.gov/system/files/ftc_gov/pdf/c4365_20240321_commission_order_unsigned.pdf
"Facebook, Inc., In the Matter of",https://www.ftc.gov/system/files/ftc_gov/pdf/c4365_20240508_commission_order_directing_complaint_counsel_to_file_a_reply_unsigned.pdf
"Facebook, Inc., In the Matter of",https://www.ftc.gov/system/files/ftc_gov/pdf/c4365_2025.07.30_commission_order_staying_proceeding__0.pdf
"Facebook, Inc., In the Matter of",https://www.ftc.gov/system/files/ftc_gov/pdf/c4365_facebook_order_extending_time.pdf
"Facebook, Inc., In the Matter of",https://www.ftc.gov/system/files/ftc_gov/pdf/c4365_facebook_otsc_second_extension_unsigned.pdf
"Facebook, Inc., In the Matter of",https://www.ftc.gov/system/files/ftc_gov/pdf/c4365_facebook_otsc_third_extension_unsigned.pdf
"Facebook, Inc., In the Matter of",https://www.ftc.gov/system/files/ftc_gov/pdf/c4365commissionorderfurtherreply.pdf
"Facebook, Inc., In the Matter of",https://www.ftc.gov/system/files/ftc_gov/pdf/c4365facebookpreliminaryfofpublic.pdf
"Facebook, Inc., In the Matter of",https://www.ftc.gov/system/files/ftc_gov/pdf/c4365facebookproposedmodifieddecisionandorder.pdf
"Facebook, Inc., In the Matter of",https://www.ftc.gov/system/files/ftc_gov/pdf/facebookotsc.december2023.pdf
Avast,https://www.ftc.gov/system/files/ftc_gov/pdf/202_3033_-_avast_final_consent_package.pdf
Avast,https://www.ftc.gov/system/files/ftc_gov/pdf/ACCO-Avast.pdf
Avast,https://www.ftc.gov/system/files/ftc_gov/pdf/APCOAPC-Avast.pdf
Avast,https://www.ftc.gov/system/files/ftc_gov/pdf/Complaint-Avast.pdf
Avast,https://www.ftc.gov/system/files/ftc_gov/pdf/D%26O-Avast.pdf
Aqua Finance,https://www.ftc.gov/system/files/ftc_gov/pdf/AquaFinance-FiledComplaint.pdf
Aqua Finance,https://www.ftc.gov/system/files/ftc_gov/pdf/AquaFinance-FiledOrder.pdf
"Cognosphere, LLC, U.S. v.",https://www.ftc.gov/system/files/ftc_gov/pdf/Cognosphere-Attachment3-2.pdf
"Cognosphere, LLC, U.S. v.",https://www.ftc.gov/system/files/ftc_gov/pdf/Cognosphere-Attachment3-3.pdf
"Cognosphere, LLC, U.S. v.",https://www.ftc.gov/system/files/ftc_gov/pdf/Cognosphere-Attachment3-4.pdf
"Cognosphere, LLC, U.S. v.",https://www.ftc.gov/system/files/ftc_gov/pdf/cognosphere_complaint.pdf
"Cognosphere, LLC, U.S. v.",https://www.ftc.gov/system/files/ftc_gov/pdf/cognosphere_stiporder.pdf
"Cognosphere, LLC, U.S. v.",https://www.ftc.gov/system/files/ftc_gov/pdf/cognospherea.pdf
"Mobilewalla, Inc., In the Matter of",https://www.ftc.gov/system/files/ftc_gov/pdf/2023196mobilewallaaapc.pdf
"Mobilewalla, Inc., In the Matter of",https://www.ftc.gov/system/files/ftc_gov/pdf/2023196mobilewallaacco.pdf
"Mobilewalla, Inc., In the Matter of",https://www.ftc.gov/system/files/ftc_gov/pdf/2023196mobilewallacomplaint.pdf
"Mobilewalla, Inc., In the Matter of",https://www.ftc.gov/system/files/ftc_gov/pdf/2023196mobilewallaorder.pdf
"Mobilewalla, Inc., In the Matter of",https://www.ftc.gov/system/files/ftc_gov/pdf/Mobilewalla-Complaint.pdf
"Mobilewalla, Inc., In the Matter of",https://www.ftc.gov/system/files/ftc_gov/pdf/Mobilewalla-D%26O.pdf
"Intellivision, In the Matter of",https://www.ftc.gov/system/files/ftc_gov/pdf/2323023c4809intellivisionfinalconsent.pdf
"Intellivision, In the Matter of",https://www.ftc.gov/system/files/ftc_gov/pdf/2323023c4809intellivisionfinalorder.pdf
"Intellivision, In the Matter of",https://www.ftc.gov/system/files/ftc_gov/pdf/ACCO-IntellivisionTechCorp.pdf
"Intellivision, In the Matter of",https://www.ftc.gov/system/files/ftc_gov/pdf/APCOAPC-IntellivisionTechCorp.pdf
"Intellivision, In the Matter of",https://www.ftc.gov/system/files/ftc_gov/pdf/Complaint-IntellivisionTechCorp.pdf
"Intellivision, In the Matter of",https://www.ftc.gov/system/files/ftc_gov/pdf/D%26O-IntellivisionTechCorp.pdf
"Vivint Smart Home, Inc.",https://www.ftc.gov/system/files/documents/cases/de2_complaint_against_vivint_smart_home.pdf
"Vivint Smart Home, Inc.",https://www.ftc.gov/system/files/documents/cases/de3-1_stipulated_order_for_permanent_injuction_and_civil_penalty_judgment.pdf
"Gravy Analytics, Inc., In the Matter of",https://www.ftc.gov/system/files/ftc_gov/pdf/2123035gravyanalyticsaapc.pdf
"Gravy Analytics, Inc., In the Matter of",https://www.ftc.gov/system/files/ftc_gov/pdf/2123035gravyanalyticsacco.pdf
"Gravy Analytics, Inc., In the Matter of",https://www.ftc.gov/system/files/ftc_gov/pdf/2123035gravyanalyticscomplaint.pdf
"Gravy Analytics, Inc., In the Matter of",https://www.ftc.gov/system/files/ftc_gov/pdf/2123035gravyanalyticsorder.pdf
"Gravy Analytics, Inc., In the Matter of",https://www.ftc.gov/system/files/ftc_gov/pdf/212_3035_-_gravy_analytics_final_consent_package_without_signatures.pdf
"Marriott International, Inc. and Starwood Hotels & Resorts Worldwide, LLC, In the Matter of",https://www.ftc.gov/system/files/ftc_gov/pdf/1923022marriottaapc.pdf
"Marriott International, Inc. and Starwood Hotels & Resorts Worldwide, LLC, In the Matter of",https://www.ftc.gov/system/files/ftc_gov/pdf/1923022marriottacco.pdf
"Marriott International, Inc. and Starwood Hotels & Resorts Worldwide, LLC, In the Matter of",https://www.ftc.gov/system/files/ftc_gov/pdf/1923022marriottcomplaint.pdf
"Marriott International, Inc. and Starwood Hotels & Resorts Worldwide, LLC, In the Matter of",https://www.ftc.gov/system/files/ftc_gov/pdf/1923022marriottcomplaint_0.pdf
"Marriott International, Inc. and Starwood Hotels & Resorts Worldwide, LLC, In the Matter of",https://www.ftc.gov/system/files/ftc_gov/pdf/1923022marriottfinalorder.pdf
"Marriott International, Inc. and Starwood Hotels & Resorts Worldwide, LLC, In the Matter of",https://www.ftc.gov/system/files/ftc_gov/pdf/1923022marriottlettertocommenters.pdf
"1Health.io/Vitagene, In the Matter of",https://www.ftc.gov/system/files/ftc_gov/pdf/1Health-Complaint.pdf
"1Health.io/Vitagene, In the Matter of",https://www.ftc.gov/system/files/ftc_gov/pdf/1Health-DecisionandOrder.pdf
"1Health.io/Vitagene, In the Matter of",https://www.ftc.gov/system/files/ftc_gov/pdf/Letter%20to%20Commenters-1Health-Vitagene.pdf
"1Health.io/Vitagene, In the Matter of",https://www.ftc.gov/system/files/ftc_gov/pdf/complaint.pdf
"1Health.io/Vitagene, In the Matter of",https://www.ftc.gov/system/files/ftc_gov/pdf/decision_and_order.pdf
"Verkada Inc., U.S. v.",https://www.ftc.gov/system/files/ftc_gov/pdf/2123068verkadacomplaint.pdf
"Verkada Inc., U.S. v.",https://www.ftc.gov/system/files/ftc_gov/pdf/2123068verkadajtmtnstipulatedorder.pdf
"Verkada Inc., U.S. v.",https://www.ftc.gov/system/files/ftc_gov/pdf/2123068verkadasignedorder.pdf
"ByteDance, LTD., US v.",https://www.ftc.gov/system/files/ftc_gov/pdf/bytedance_complaint.pdf
"Monument, Inc., U.S. v.",https://www.ftc.gov/system/files/ftc_gov/pdf/MonumentComplaintFiled.pdf
"Monument, Inc., U.S. v.",https://www.ftc.gov/system/files/ftc_gov/pdf/MonumentEnteredFinalOrder.pdf
"Monument, Inc., U.S. v.",https://www.ftc.gov/system/files/ftc_gov/pdf/MonumentOrderFiled.pdf
"Cerebral, Inc. and Kyle Robertson, U.S. v.",https://www.ftc.gov/system/files/ftc_gov/pdf/2223087cerebralcomplaint.pdf
"Cerebral, Inc. and Kyle Robertson, U.S. v.",https://www.ftc.gov/system/files/ftc_gov/pdf/2223087cerebralfirstamendedcmplt.pdf
"Cerebral, Inc. and Kyle Robertson, U.S. v.",https://www.ftc.gov/system/files/ftc_gov/pdf/cerebral_joint_stipulation_order_permanent_injunction.pdf
"Blackbaud, Inc.",https://www.ftc.gov/system/files/ftc_gov/pdf/2023181_blackbaud_final_consent_package.pdf
"Blackbaud, Inc.",https://www.ftc.gov/system/files/ftc_gov/pdf/Blackbaud-ACCO.pdf
"Blackbaud, Inc.",https://www.ftc.gov/system/files/ftc_gov/pdf/Blackbaud-APCOAPC.pdf
"Blackbaud, Inc.",https://www.ftc.gov/system/files/ftc_gov/pdf/Blackbaud-Complaint.pdf
"Blackbaud, Inc.",https://www.ftc.gov/system/files/ftc_gov/pdf/Blackbaud-D%26O.pdf
"BetterHelp, Inc., In the Matter of",https://www.ftc.gov/system/files/ftc_gov/pdf/2023169-betterhelp-analysis-to-aid-public-comment.pdf
"BetterHelp, Inc., In the Matter of",https://www.ftc.gov/system/files/ftc_gov/pdf/2023169-betterhelp-complaint_.pdf
"BetterHelp, Inc., In the Matter of",https://www.ftc.gov/system/files/ftc_gov/pdf/2023169betterhelpcomplaintfinal.pdf
"BetterHelp, Inc., In the Matter of",https://www.ftc.gov/system/files/ftc_gov/pdf/2023169betterhelpfinalorder.pdf
"BetterHelp, Inc., In the Matter of",https://www.ftc.gov/system/files/ftc_gov/pdf/2023169betterhelpletterstocommenters.pdf
"BetterHelp, Inc., In the Matter of",https://www.ftc.gov/system/files/ftc_gov/pdf/202_3169-betterhelp-consent.pdf
"InMarket Media, LLC",https://www.ftc.gov/system/files/ftc_gov/pdf/ACCO-InMarketMedialLLC.pdf
"InMarket Media, LLC",https://www.ftc.gov/system/files/ftc_gov/pdf/APCOAPC-InMarketMediaLLC.pdf
"InMarket Media, LLC",https://www.ftc.gov/system/files/ftc_gov/pdf/AttachmentA-InMarketMediaLLC.pdf
"InMarket Media, LLC",https://www.ftc.gov/system/files/ftc_gov/pdf/Complaint-InMarketMediaLLC.pdf
"InMarket Media, LLC",https://www.ftc.gov/system/files/ftc_gov/pdf/D%26O-InMarketMediaLLC.pdf
"InMarket Media, LLC",https://www.ftc.gov/system/files/ftc_gov/pdf/InMarketMedia-AttachmentA-RespondentsEmailNotice.pdf
"InMarket Media, LLC",https://www.ftc.gov/system/files/ftc_gov/pdf/InMarketMedia-Complaint.pdf
"InMarket Media, LLC",https://www.ftc.gov/system/files/ftc_gov/pdf/InMarketMedia-DecisionandOrder.pdf
"Ring, LLC",https://www.ftc.gov/system/files/ftc_gov/pdf/Ring-OrderEntered-6.16.2023%28003%29.pdf
"Ring, LLC",https://www.ftc.gov/system/files/ftc_gov/pdf/complaint_ring.pdf
"Ring, LLC",https://www.ftc.gov/system/files/ftc_gov/pdf/proposed_stipulated_order_ring.pdf
"X-Mode Social, Inc.",https://www.ftc.gov/system/files/ftc_gov/pdf/X-Mode-APCOAPC.pdf
"X-Mode Social, Inc.",https://www.ftc.gov/system/files/ftc_gov/pdf/X-Mode-Complaint.pdf
"X-Mode Social, Inc.",https://www.ftc.gov/system/files/ftc_gov/pdf/X-Mode-D%26O.pdf
"X-Mode Social, Inc.",https://www.ftc.gov/system/files/ftc_gov/pdf/X-Mode-Social-ACCO.pdf
"X-Mode Social, Inc.",https://www.ftc.gov/system/files/ftc_gov/pdf/X-ModeSocialComplaint.pdf
"X-Mode Social, Inc.",https://www.ftc.gov/system/files/ftc_gov/pdf/X-ModeSocialDecisionandOrder.pdf
"X-Mode Social, Inc.",https://www.ftc.gov/system/files/ftc_gov/pdf/X-ModeSocialLetterstoCommenters.pdf
"Rite Aid Corporation, FTC v.",https://www.ftc.gov/system/files/ftc_gov/pdf/2023190_riteaid_complaint_filed.pdf
"Rite Aid Corporation, FTC v.",https://www.ftc.gov/system/files/ftc_gov/pdf/2023190_riteaid_stipulated_order_filed.pdf
"Rite Aid Corporation, FTC v.",https://www.ftc.gov/system/files/ftc_gov/pdf/DE019-StipulatedOrderforPermanentInjunctionandOtherRelief.pdf
Global Tel Link Corporation,https://www.ftc.gov/system/files/ftc_gov/pdf/AgreementContainingConsent%20Order-GlobalTelLinkCorp.pdf
Global Tel Link Corporation,https://www.ftc.gov/system/files/ftc_gov/pdf/AnalysisofProposedConsentOrdertoAidPublicComment-GlobalTelLinkCorp.pdf
Global Tel Link Corporation,https://www.ftc.gov/system/files/ftc_gov/pdf/AttachmentA-GlobalTelLink.pdf
Global Tel Link Corporation,https://www.ftc.gov/system/files/ftc_gov/pdf/AttachmentA-GlobalTelLinkCorp.pdf
Global Tel Link Corporation,https://www.ftc.gov/system/files/ftc_gov/pdf/AttachmentB-GlobalTelLink.pdf
Global Tel Link Corporation,https://www.ftc.gov/system/files/ftc_gov/pdf/AttachmentB-GlobalTelLinkCorp.pdf
Global Tel Link Corporation,https://www.ftc.gov/system/files/ftc_gov/pdf/AttachmentC-GlobalTelLink.pdf
Global Tel Link Corporation,https://www.ftc.gov/system/files/ftc_gov/pdf/AttachmentC-GlobalTelLinkCorp.pdf
Global Tel Link Corporation,https://www.ftc.gov/system/files/ftc_gov/pdf/Complaint-GlobalTelLink.pdf
Global Tel Link Corporation,https://www.ftc.gov/system/files/ftc_gov/pdf/Complaint-GlobalTelLinkCorp.pdf
Global Tel Link Corporation,https://www.ftc.gov/system/files/ftc_gov/pdf/D%26OGlobalTelLink.pdf
Global Tel Link Corporation,https://www.ftc.gov/system/files/ftc_gov/pdf/DecisionandOrder-GlobalTelLinkCorp.pdf
Global Tel Link Corporation,https://www.ftc.gov/system/files/ftc_gov/pdf/Letter-GlobalTellink.pdf
"CafePress, In the Matter of",https://www.ftc.gov/system/files/ftc_gov/pdf/192%203209%20-%20CafePress%20combined%20package%20without%20signatures.pdf
"CafePress, In the Matter of",https://www.ftc.gov/system/files/ftc_gov/pdf/1923209CafePressCommenterLetters.pdf
"CafePress, In the Matter of",https://www.ftc.gov/system/files/ftc_gov/pdf/1923209CafePressComplaint.pdf
"CafePress, In the Matter of",https://www.ftc.gov/system/files/ftc_gov/pdf/CafePress%20Analysis%20of%20Proposed%20Consent%20Orders.pdf
"CafePress, In the Matter of",https://www.ftc.gov/system/files/ftc_gov/pdf/CafePress-Complaint_0.pdf
"CafePress, In the Matter of",https://www.ftc.gov/system/files/ftc_gov/pdf/PlanetArt%20Agreement%20to%20Containing%20Consent%20Order_0.pdf
"CafePress, In the Matter of",https://www.ftc.gov/system/files/ftc_gov/pdf/Residual%20Pumpkin%20Agreement%20Containing%20Consent%20Order.pdf
"Epic Games, In the Matter of",https://www.ftc.gov/system/files/ftc_gov/pdf/1923203EpicGamesAAPC.pdf
"Epic Games, In the Matter of",https://www.ftc.gov/system/files/ftc_gov/pdf/1923203EpicGamesACCO.pdf
"Epic Games, In the Matter of",https://www.ftc.gov/system/files/ftc_gov/pdf/1923203EpicGamesComplaint.pdf
"Epic Games, In the Matter of",https://www.ftc.gov/system/files/ftc_gov/pdf/1923203epicgamescommenterletters.pdf
"Epic Games, In the Matter of",https://www.ftc.gov/system/files/ftc_gov/pdf/1923203epicgamesfinalconsent.pdf
"TransUnion Rental Screening Solutions, Inc. and Trans Union, LLC., FTC and CFPB v.",https://www.ftc.gov/system/files/ftc_gov/pdf/TransUnion-Complaint-Filed.pdf
"TransUnion Rental Screening Solutions, Inc. and Trans Union, LLC., FTC and CFPB v.",https://www.ftc.gov/system/files/ftc_gov/pdf/TransUnion-Proposed-Order-Filed.pdf
"TransUnion Rental Screening Solutions, Inc. and Trans Union, LLC., FTC and CFPB v.",https://www.ftc.gov/system/files/ftc_gov/pdf/turss_tu_final_order.pdf
"TruthFinder, LLC, FTC v.",https://www.ftc.gov/system/files/ftc_gov/pdf/truthfinder_attachment_a.pdf
"TruthFinder, LLC, FTC v.",https://www.ftc.gov/system/files/ftc_gov/pdf/truthfinder_attachment_b.pdf
"TruthFinder, LLC, FTC v.",https://www.ftc.gov/system/files/ftc_gov/pdf/truthfinder_complaint.pdf
"TruthFinder, LLC, FTC v.",https://www.ftc.gov/system/files/ftc_gov/pdf/truthfinder_proposed_order.pdf
"TruthFinder, LLC, FTC v.",https://www.ftc.gov/system/files/ftc_gov/pdf/truthfinder_stipulated_order.pdf
"TruthFinder, LLC, FTC v.",https://www.ftc.gov/system/files/ftc_gov/pdf/truthfinder_stipulated_order_signed_by_judge.pdf
"Edmodo, LLC, U.S. v.",https://www.ftc.gov/system/files/ftc_gov/pdf/2023129edmodojointmotionorder.pdf
"Edmodo, LLC, U.S. v.",https://www.ftc.gov/system/files/ftc_gov/pdf/Edmodo-Dkt15%28Order%20Signed%20by%20the%20Court%29.pdf
"Edmodo, LLC, U.S. v.",https://www.ftc.gov/system/files/ftc_gov/pdf/edmodocomplaintfiled.pdf
"Amazon.com (Alexa), U.S. v.",https://www.ftc.gov/system/files/ftc_gov/pdf/1923128amazonalexaorderfiled.pdf
"Amazon.com (Alexa), U.S. v.",https://www.ftc.gov/system/files/ftc_gov/pdf/Amazon-Complaint-%28Dkt.1%29.pdf
"Amazon.com (Alexa), U.S. v.",https://www.ftc.gov/system/files/ftc_gov/pdf/AmazonAlexaOrder-filed.pdf
"Easy Healthcare Corporation, U.S. v.",https://www.ftc.gov/system/files/ftc_gov/pdf/2023.06.22_easy_healthcare_signed_order_2023.pdf
"Easy Healthcare Corporation, U.S. v.",https://www.ftc.gov/system/files/ftc_gov/pdf/2023186easyhealthcarecomplaint.pdf
"Easy Healthcare Corporation, U.S. v.",https://www.ftc.gov/system/files/ftc_gov/pdf/2023186easyhealthcaremotionentryjudgment.pdf
"Easy Healthcare Corporation, U.S. v.",https://www.ftc.gov/system/files/ftc_gov/pdf/2023186easyhealthcarereasonforsettlement.pdf
"Easy Healthcare Corporation, U.S. v.",https://www.ftc.gov/system/files/ftc_gov/pdf/2023186easyhealthcarestipulatedorder.pdf
"Microsoft Corporation, U.S. v.",https://www.ftc.gov/system/files/ftc_gov/pdf/microsoftcomplaintcivilpenalties.pdf
"Microsoft Corporation, U.S. v.",https://www.ftc.gov/system/files/ftc_gov/pdf/microsoftconsentmotionentryjudgment.pdf
"Microsoft Corporation, U.S. v.",https://www.ftc.gov/system/files/ftc_gov/pdf/microsoftproposedstiporder.pdf
"Microsoft Corporation, U.S. v.",https://www.ftc.gov/system/files/ftc_gov/pdf/microsoftreasonsforsettlement.pdf
"Microsoft Corporation, U.S. v.",https://www.ftc.gov/system/files/ftc_gov/pdf/ordered_entered_6.09.2023.pdf
"Fashion Nova, LLC, In the Matter of",https://www.ftc.gov/system/files/documents/cases/192_3138_fashion_nova_agreement_and_order_unsigned.pdf
"Fashion Nova, LLC, In the Matter of",https://www.ftc.gov/system/files/documents/cases/192_3138_fashion_nova_analysis.pdf
"Fashion Nova, LLC, In the Matter of",https://www.ftc.gov/system/files/documents/cases/192_3138_fashion_nova_complaint.pdf
"Fashion Nova, LLC, In the Matter of",https://www.ftc.gov/system/files/ftc_gov/pdf/1923138C4759FashionNovaAnonymousLetter.pdf
"Fashion Nova, LLC, In the Matter of",https://www.ftc.gov/system/files/ftc_gov/pdf/1923138C4759FashionNovaComplaint.pdf
"Fashion Nova, LLC, In the Matter of",https://www.ftc.gov/system/files/ftc_gov/pdf/1923138C4759FashionNovaOrder_0.pdf
"GoodRx Holdings, Inc.",https://www.ftc.gov/system/files/ftc_gov/pdf/goodrx_complaint_for_permanent_injunction_civil_penalties_and_other_relief.pdf
"GoodRx Holdings, Inc.",https://www.ftc.gov/system/files/ftc_gov/pdf/goodrx_joint_motion_for_entry_of_proposed_stipulated_order.pdf
"GoodRx Holdings, Inc.",https://www.ftc.gov/system/files/ftc_gov/pdf/goodrx_stipulated_order_for_permanent_injunction_civil_penalty_judgment_and_other_relief.pdf
"GoodRx Holdings, Inc.",https://www.ftc.gov/system/files/ftc_gov/pdf/goodrxfinalstipulatedorder.pdf
"Epic Games, Inc., U.S. v.",https://www.ftc.gov/system/files/ftc_gov/pdf/1923203epicgamesfedctorder.pdf
"Epic Games, Inc., U.S. v.",https://www.ftc.gov/system/files/ftc_gov/pdf/2223087EpicGamesComplaint.pdf
"Epic Games, Inc., U.S. v.",https://www.ftc.gov/system/files/ftc_gov/pdf/2223087EpicGamesSettlement.pdf
Chegg,https://www.ftc.gov/system/files/ftc_gov/pdf/2023151-Chegg-Agreement-Containing-Consent-Order.pdf
Chegg,https://www.ftc.gov/system/files/ftc_gov/pdf/2023151-Chegg-Analysis-of-Proposed-Consent-Order-to-Aid-Public-Comment.pdf
Chegg,https://www.ftc.gov/system/files/ftc_gov/pdf/2023151-Chegg-Complaint.pdf
Chegg,https://www.ftc.gov/system/files/ftc_gov/pdf/2023151-Chegg-Decision-and-Order.pdf
Chegg,https://www.ftc.gov/system/files/ftc_gov/pdf/Chegg-Complaint.pdf
Chegg,https://www.ftc.gov/system/files/ftc_gov/pdf/Chegg-DecisionandOrder.pdf
"Drizly, LLC., In the Matter of",https://www.ftc.gov/system/files/ftc_gov/pdf/202-3185-Drizly-AAPC.pdf
"Drizly, LLC., In the Matter of",https://www.ftc.gov/system/files/ftc_gov/pdf/202-3185-Drizly-Agreement-Containing-Consent-Order.pdf
"Drizly, LLC., In the Matter of",https://www.ftc.gov/system/files/ftc_gov/pdf/202-3185-Drizly-Complaint.pdf
"Drizly, LLC., In the Matter of",https://www.ftc.gov/system/files/ftc_gov/pdf/202-3185-Drizly-Decision-and-Order.pdf
"Drizly, LLC., In the Matter of",https://www.ftc.gov/system/files/ftc_gov/pdf/Drizly-Order.pdf
"Twitter, Inc., U.S. v.",https://www.ftc.gov/system/files/ftc_gov/pdf/2023062C4316TwitterModifiedOrder.pdf
"Twitter, Inc., U.S. v.",https://www.ftc.gov/system/files/ftc_gov/pdf/2023062C4316TwitterOrderReopeningProceedings.pdf
"Twitter, Inc., U.S. v.",https://www.ftc.gov/system/files/ftc_gov/pdf/2023062TwitterFiledComplaint.pdf
"Twitter, Inc., U.S. v.",https://www.ftc.gov/system/files/ftc_gov/pdf/2023062TwitterFiledMtnEntryOrder.pdf
"Twitter, Inc., U.S. v.",https://www.ftc.gov/system/files/ftc_gov/pdf/ecf_11_stipulated_order.pdf
"Everalbum, Inc., In the Matter of",https://www.ftc.gov/system/files/documents/cases/1923172_-_everalbum_complaint_final.pdf
"Everalbum, Inc., In the Matter of",https://www.ftc.gov/system/files/documents/cases/1923172_-_everalbum_decision_final.pdf
"Everalbum, Inc., In the Matter of",https://www.ftc.gov/system/files/documents/cases/everalbum_analysis.pdf
"Everalbum, Inc., In the Matter of",https://www.ftc.gov/system/files/documents/cases/everalbum_complaint.pdf
"Everalbum, Inc., In the Matter of",https://www.ftc.gov/system/files/documents/cases/everalbum_order.pdf
"Everalbum, Inc., In the Matter of",https://www.ftc.gov/system/files/documents/cases/valentine_response_final.pdf
"Everalbum, Inc., In the Matter of",https://www.ftc.gov/system/files/documents/cases/wpf_response_final_0.pdf
"Everalbum, Inc., In the Matter of",https://www.ftc.gov/system/files/ftc_gov/pdf/paravision_compliance_report_redacted.pdf
"Credit Bureau Center, LLC (formerly known as MyScore LLC)",https://www.ftc.gov/system/files/documents/cases/170118myscore_complaint_filed.pdf
"Credit Bureau Center, LLC (formerly known as MyScore LLC)",https://www.ftc.gov/system/files/documents/cases/170118myscore_ex_parte_tro_signed.pdf
"Credit Bureau Center, LLC (formerly known as MyScore LLC)",https://www.ftc.gov/system/files/documents/cases/170118myscore_tro_memo_filed.pdf
"Credit Bureau Center, LLC (formerly known as MyScore LLC)",https://www.ftc.gov/system/files/documents/cases/credit_bureau_center-_dkt._238_-_order_granting_summary_judgment.pdf
"Credit Bureau Center, LLC (formerly known as MyScore LLC)",https://www.ftc.gov/system/files/documents/cases/credit_bureau_center_dkt._239_-_final_judgment.pdf
"Credit Bureau Center, LLC (formerly known as MyScore LLC)",https://www.ftc.gov/system/files/documents/cases/credit_bureau_centerv-_ftc_v._credit_bureau_center_petition_for_certiorari.pdf
"Credit Bureau Center, LLC (formerly known as MyScore LLC)",https://www.ftc.gov/system/files/documents/cases/credit_bureau_cntr_ca7_ftc_answering_brief_3-12-19.pdf
"Credit Bureau Center, LLC (formerly known as MyScore LLC)",https://www.ftc.gov/system/files/documents/cases/credit_bureau_cntr_ca7_ftc_opposition_to_motion_for_stay_2019-0102.pdf
"Credit Bureau Center, LLC (formerly known as MyScore LLC)",https://www.ftc.gov/system/files/documents/cases/docket_no_183_order_denying_motion_to_modify_pi_re_fees_1-14-18.pdf
"Credit Bureau Center, LLC (formerly known as MyScore LLC)",https://www.ftc.gov/system/files/documents/cases/my_score_stip_perm_inj_mon_jdmt_re_pierce_lloyd_redacted.pdf
"Credit Bureau Center, LLC (formerly known as MyScore LLC)",https://www.ftc.gov/system/files/documents/cases/petitionforawritofcertiorari_no._19.pdf
"Credit Bureau Center, LLC (formerly known as MyScore LLC)",https://www.ftc.gov/system/files/documents/cases/x170014_myscore_injunction_cbc_brown.pdf
"Credit Bureau Center, LLC (formerly known as MyScore LLC)",https://www.ftc.gov/system/files/documents/cases/x170014_myscore_injunction_pierce_lloyd.pdf
"Credit Bureau Center, LLC (formerly known as MyScore LLC)",https://www.ftc.gov/system/files/documents/cases/x170014_myscore_opinion.pdf
"Credit Bureau Center, LLC (formerly known as MyScore LLC)",https://www.ftc.gov/system/files/documents/cases/x170014myscoreordercontemptmbrown_7-18-17.pdf
"Credit Bureau Center, LLC (formerly known as MyScore LLC)",https://www.ftc.gov/system/files/ftc_gov/pdf/cbc_second_seventh_circuit_opinion.pdf
"Credit Bureau Center, LLC (formerly known as MyScore LLC)",https://www.ftc.gov/system/files/ftc_gov/pdf/crc_memorandum_opinion_and_order.pdf
"Credit Bureau Center, LLC (formerly known as MyScore LLC)",https://www.ftc.gov/system/files/ftc_gov/pdf/ftc_v._credit_bureau_center_ftc_brief_4.4.22.pdf
Weight Watchers/WW,https://www.ftc.gov/system/files/ftc_gov/pdf/filed_complaint.pdf
Weight Watchers/WW,https://www.ftc.gov/system/files/ftc_gov/pdf/filed_motion_for_entry_of_order_with_exhibit_proposed_order.pdf
Weight Watchers/WW,https://www.ftc.gov/system/files/ftc_gov/pdf/wwkurbostipulatedorder.pdf
ITMedia Solutions LLC,https://www.ftc.gov/system/files/documents/cases/ftcvitmedia_doc840561_stipulated_order_for_permanent_injunction.pdf
ITMedia Solutions LLC,https://www.ftc.gov/system/files/documents/cases/it_media_2016-01-10_order_to_show_cause.pdf
ITMedia Solutions LLC,https://www.ftc.gov/system/files/documents/cases/it_media_2016-12-22_enforcement_petition.pdf
ITMedia Solutions LLC,https://www.ftc.gov/system/files/documents/cases/it_media_2017-02-02_order_compelling_compliance.pdf
ITMedia Solutions LLC,https://www.ftc.gov/system/files/documents/cases/it_media_2017-02-03_stipulation_for_entry_of_consent_order.pdf
ITMedia Solutions LLC,https://www.ftc.gov/system/files/documents/cases/itmedia_cacd_2_22cv73_1_complaint.pdf
"Ascension Data & Analytics, LLC, In the Matter of",https://www.ftc.gov/system/files/documents/cases/1923126ascension_complaint.pdf
"Ascension Data & Analytics, LLC, In the Matter of",https://www.ftc.gov/system/files/documents/cases/1923126ascensionaapc.pdf
"Ascension Data & Analytics, LLC, In the Matter of",https://www.ftc.gov/system/files/documents/cases/1923126ascensionacco.pdf
"Ascension Data & Analytics, LLC, In the Matter of",https://www.ftc.gov/system/files/documents/cases/1923126ascensioncomplaint.pdf
"Ascension Data & Analytics, LLC, In the Matter of",https://www.ftc.gov/system/files/documents/cases/1923126ascensionorder_exha.pdf
"Ascension Data & Analytics, LLC, In the Matter of",https://www.ftc.gov/system/files/documents/cases/1923126c4758ascensioncommenterbrumfeld.pdf
"Ascension Data & Analytics, LLC, In the Matter of",https://www.ftc.gov/system/files/documents/cases/1923126c4758ascensionorder.pdf
"Ascension Data & Analytics, LLC, In the Matter of",https://www.ftc.gov/system/files/documents/cases/order_exhibit_a_16.cfr_.part314.pdf
"MyLife.com, Inc.",https://www.ftc.gov/system/files/documents/cases/1823022mylifestipulatedorder.pdf
"MyLife.com, Inc.",https://www.ftc.gov/system/files/documents/cases/us_v._mylife.com_inc_and_jeffrey_tinsley_2_20-cv-06692_0.pdf
"OpenX Technologies, Inc.",https://www.ftc.gov/system/files/documents/cases/ecf_1-_complaint.pdf
"OpenX Technologies, Inc.",https://www.ftc.gov/system/files/documents/cases/ecf_2_-_civil_cover_sheet.pdf
"OpenX Technologies, Inc.",https://www.ftc.gov/system/files/documents/cases/ecf_3-1_-_stipulated_order.pdf
"OpenX Technologies, Inc.",https://www.ftc.gov/system/files/documents/cases/ecf_3_-_notice_of_settlement_and_proposed_order.pdf
"Kuuhuub, Inc., et al., U.S. v. (Recolor Oy)",https://www.ftc.gov/system/files/documents/cases/1823184recolorcomplaint.pdf
"Kuuhuub, Inc., et al., U.S. v. (Recolor Oy)",https://www.ftc.gov/system/files/documents/cases/1823184recolororder.pdf
"Kuuhuub, Inc., et al., U.S. v. (Recolor Oy)",https://www.ftc.gov/system/files/documents/cases/1823184recolorstipulatedorder.pdf
"Flo Health, Inc.",https://www.ftc.gov/system/files/documents/cases/192_3133_-_flo_health_inc._-_comment_response_letters.pdf
"Flo Health, Inc.",https://www.ftc.gov/system/files/documents/cases/192_3133_flo_health_complaint.pdf
"Flo Health, Inc.",https://www.ftc.gov/system/files/documents/cases/192_3133_flo_health_decision_and_order.pdf
"Flo Health, Inc.",https://www.ftc.gov/system/files/documents/cases/flo_health_analysis.pdf
"Flo Health, Inc.",https://www.ftc.gov/system/files/documents/cases/flo_health_complaint.pdf
"Flo Health, Inc.",https://www.ftc.gov/system/files/documents/cases/flo_health_order.pdf
"SkyMed International, Inc., In the Matter of",https://www.ftc.gov/system/files/documents/cases/c-4732_skymed_final_complaint.pdf
"SkyMed International, Inc., In the Matter of",https://www.ftc.gov/system/files/documents/cases/c-4732_skymed_final_order.pdf
"SkyMed International, Inc., In the Matter of",https://www.ftc.gov/system/files/documents/cases/skymed_-_complaint.pdf
"SkyMed International, Inc., In the Matter of",https://www.ftc.gov/system/files/documents/cases/skymed_-_consent_order_ftc_signed.pdf
"SkyMed International, Inc., In the Matter of",https://www.ftc.gov/system/files/documents/cases/skymed_-_exhibit_a_-_notice.pdf
"SkyMed International, Inc., In the Matter of",https://www.ftc.gov/system/files/documents/cases/skymed_aapc.pdf
"Zoom Video Communications, Inc., In the Matter of",https://www.ftc.gov/system/files/documents/cases/1923167_c-4731_zoom_final_order.pdf
"Zoom Video Communications, Inc., In the Matter of",https://www.ftc.gov/system/files/documents/cases/1923167c4731zoomletterscommenters.pdf
"Zoom Video Communications, Inc., In the Matter of",https://www.ftc.gov/system/files/documents/cases/1923167zoomacco2.pdf
"Zoom Video Communications, Inc., In the Matter of",https://www.ftc.gov/system/files/documents/cases/1923167zoomanalysis.pdf
"Zoom Video Communications, Inc., In the Matter of",https://www.ftc.gov/system/files/documents/cases/1923167zoomcomplaint.pdf
"Zoom Video Communications, Inc., In the Matter of",https://www.ftc.gov/system/files/documents/cases/1923167zoomcomplaint_0.pdf
"AppFolio, Inc.",https://www.ftc.gov/system/files/documents/cases/ecf_1_-_us_v_appfolio_complaint.pdf
"AppFolio, Inc.",https://www.ftc.gov/system/files/documents/cases/ecf_2_-_us_v_appfolio_stipulated_order.pdf
"Midwest Recovery Systems, LLC",https://www.ftc.gov/system/files/documents/cases/01_-_complaint.pdf
"Midwest Recovery Systems, LLC",https://www.ftc.gov/system/files/documents/cases/02_-_stipulation_for_permanent_injunction_and_monetary_judgment.pdf
"NTT Global Data Centers Americas, Inc., In the Matter of",https://www.ftc.gov/system/files/documents/cases/03132020ordergrantingjointmoeot597927.pdf
"NTT Global Data Centers Americas, Inc., In the Matter of",https://www.ftc.gov/system/files/documents/cases/1823189d09386ragingwireorder2.pdf
"NTT Global Data Centers Americas, Inc., In the Matter of",https://www.ftc.gov/system/files/documents/cases/191112noafiledbycomplaintcounsel596632.pdf
"NTT Global Data Centers Americas, Inc., In the Matter of",https://www.ftc.gov/system/files/documents/cases/d09386_alj_order_denying_ccs_mtn_for_reconsiderationpublic.pdf
"NTT Global Data Centers Americas, Inc., In the Matter of",https://www.ftc.gov/system/files/documents/cases/d09386_alj_order_granting_respondents_motion_for_extension_of_time_to_respond_to_discovery_requestspublic.pdf
"NTT Global Data Centers Americas, Inc., In the Matter of",https://www.ftc.gov/system/files/documents/cases/d09386_alj_order_on_cc_mtn_to_compelpublic597521.pdf
"NTT Global Data Centers Americas, Inc., In the Matter of",https://www.ftc.gov/system/files/documents/cases/d09386_alj_protective_order.pdf
"NTT Global Data Centers Americas, Inc., In the Matter of",https://www.ftc.gov/system/files/documents/cases/d09386_cc_mtn_for_reconsiderationpublic597590.pdf
"NTT Global Data Centers Americas, Inc., In the Matter of",https://www.ftc.gov/system/files/documents/cases/d09386_cc_mtn_to_compel_responses_to_cc_1st_set_of_rog_and_prodpublic597465.pdf
"NTT Global Data Centers Americas, Inc., In the Matter of",https://www.ftc.gov/system/files/documents/cases/d09386_cc_mtn_to_lift_stay_and_amend_the_complaint_to_substitute_the_name_of_rpublic_598108.pdf
"NTT Global Data Centers Americas, Inc., In the Matter of",https://www.ftc.gov/system/files/documents/cases/d09386_chief_alj_order_designating_administrative_law_judgepublic.pdf
"NTT Global Data Centers Americas, Inc., In the Matter of",https://www.ftc.gov/system/files/documents/cases/d09386_comm_order_second_stay_public.pdf
"NTT Global Data Centers Americas, Inc., In the Matter of",https://www.ftc.gov/system/files/documents/cases/d09386_commission_order_denying_r_mtn_to_dismisspublic597509.pdf
"NTT Global Data Centers Americas, Inc., In the Matter of",https://www.ftc.gov/system/files/documents/cases/d09386_commission_order_denying_stay_and_referral_and_granting_continuance-in-partpublic.pdf
"NTT Global Data Centers Americas, Inc., In the Matter of",https://www.ftc.gov/system/files/documents/cases/d09386_commission_order_granting_motion_to_lift_stay_002.pdf
"NTT Global Data Centers Americas, Inc., In the Matter of",https://www.ftc.gov/system/files/documents/cases/d09386_commission_order_staying_evidentiary_hearing.pdf
"NTT Global Data Centers Americas, Inc., In the Matter of",https://www.ftc.gov/system/files/documents/cases/d09386_dec_12-cc_response_to_r_mtn_to_dismiss_administrative_complaint_and_request_for_staypublic596939.pdf
"NTT Global Data Centers Americas, Inc., In the Matter of",https://www.ftc.gov/system/files/documents/cases/d09386_dec_2-r_mtn_to_dismiss_administrative_complaint_and_request_for_staypublic596783.pdf
"NTT Global Data Centers Americas, Inc., In the Matter of",https://www.ftc.gov/system/files/documents/cases/d09386_dec_4-r_mtn_to_for_continuance_of_hearing_datepublic596833.pdf
"NTT Global Data Centers Americas, Inc., In the Matter of",https://www.ftc.gov/system/files/documents/cases/d09386_dec_5-alj_scheduling_orderpublic596862.pdf
"NTT Global Data Centers Americas, Inc., In the Matter of",https://www.ftc.gov/system/files/documents/cases/d09386_jt_mtn_to_withdrawn_from_adjudication.pdf
"NTT Global Data Centers Americas, Inc., In the Matter of",https://www.ftc.gov/system/files/documents/cases/d09386_nov_25-alj_conferenence_scheduling_order.pdf
"NTT Global Data Centers Americas, Inc., In the Matter of",https://www.ftc.gov/system/files/documents/cases/d09386_nov_25-r_answer_and_affirmative_defensepublic596761.pdf
"NTT Global Data Centers Americas, Inc., In the Matter of",https://www.ftc.gov/system/files/documents/cases/d09386_ntt_global_data_center_comm-sec_ord_withdrawn_adjud_public.pdf
"NTT Global Data Centers Americas, Inc., In the Matter of",https://www.ftc.gov/system/files/documents/cases/d09386_r_opp_to_cc_mtn_to_compel_responses_to_cc_1st_set_of_rog_and_prodpublic597470.pdf
"NTT Global Data Centers Americas, Inc., In the Matter of",https://www.ftc.gov/system/files/documents/cases/d09386_ragingwire_administrative_complaint_public.pdf
"NTT Global Data Centers Americas, Inc., In the Matter of",https://www.ftc.gov/system/files/documents/cases/d09386nttragingwireaapc.pdf
"NTT Global Data Centers Americas, Inc., In the Matter of",https://www.ftc.gov/system/files/documents/cases/d09386nttragingwireacco.pdf
"NTT Global Data Centers Americas, Inc., In the Matter of",https://www.ftc.gov/system/files/documents/cases/d09386nttragingwireorder.pdf
"NTT Global Data Centers Americas, Inc., In the Matter of",https://www.ftc.gov/system/files/documents/cases/d09386orderextendwithdrawal2.pdf
"NTT Global Data Centers Americas, Inc., In the Matter of",https://www.ftc.gov/system/files/documents/cases/d9386_rs_opp_to_cc_mtn_for_reconsiderationpublic597628.pdf
Emp Media Inc. (MyEx.com),https://www.ftc.gov/system/files/documents/cases/1623052_myex_complaint_1-9-18.pdf
Emp Media Inc. (MyEx.com),https://www.ftc.gov/system/files/documents/cases/1623052_myex_judgment_aniello_infante_1-9-18.pdf
Emp Media Inc. (MyEx.com),https://www.ftc.gov/system/files/documents/cases/1623052myexinfanteorder.pdf
Emp Media Inc. (MyEx.com),https://www.ftc.gov/system/files/documents/cases/emp_order_granting_default_judgment_6-22-18.pdf
Emp Media Inc. (MyEx.com),https://www.ftc.gov/system/files/documents/cases/federal_trade_commission_and_state_of_nevada_v._shad_cottelli_fka_shad_applegate_9th_cir._brief_of_the_ftc_and_the_state_of_nevada.pdf
"Ortho-Clinical Diagnostics, Inc., In the Matter of",https://www.ftc.gov/system/files/documents/cases/1923050c4723orthoclinicalcomplaint.pdf
"Ortho-Clinical Diagnostics, Inc., In the Matter of",https://www.ftc.gov/system/files/documents/cases/1923050c4723orthoclinicalorder.pdf
"Ortho-Clinical Diagnostics, Inc., In the Matter of",https://www.ftc.gov/system/files/documents/cases/192_3050_-_ortho-clinical_diagnostics_agreement_0.pdf
"Ortho-Clinical Diagnostics, Inc., In the Matter of",https://www.ftc.gov/system/files/documents/cases/192_3050_-_ortho-clinical_diagnostics_consent_complaint_0.pdf
"Ortho-Clinical Diagnostics, Inc., In the Matter of",https://www.ftc.gov/system/files/documents/cases/192_3050_-_ortho_analysis_to_aid_public_comment.pdf
"Ortho-Clinical Diagnostics, Inc., In the Matter of",https://www.ftc.gov/system/files/documents/cases/192_3050_ortho-clinical_diagnostics_consent_order_0.pdf
"Miniclip, In the Matter of",https://www.ftc.gov/system/files/documents/cases/1923129c4722miniclipcomplaint.pdf
"Miniclip, In the Matter of",https://www.ftc.gov/system/files/documents/cases/1923129c4722minicliporder.pdf
"Miniclip, In the Matter of",https://www.ftc.gov/system/files/documents/cases/192_3129_miniclip_aapc.pdf
"Miniclip, In the Matter of",https://www.ftc.gov/system/files/documents/cases/192_3129_miniclip_acco.pdf
"Miniclip, In the Matter of",https://www.ftc.gov/system/files/documents/cases/192_3129_miniclip_complaint.pdf
"Miniclip, In the Matter of",https://www.ftc.gov/system/files/documents/cases/192_3129_miniclip_do.pdf
"Kohl's Department Stores, Inc.",https://www.ftc.gov/system/files/documents/cases/kohls_-_final_order.pdf
"Kohl's Department Stores, Inc.",https://www.ftc.gov/system/files/documents/cases/kohls_complaint_filed_6.10.2020_1.pdf
"HyperBeard, Inc.",https://www.ftc.gov/system/files/documents/cases/192_3109_hyperbeard_-_complaint.pdf
"HyperBeard, Inc.",https://www.ftc.gov/system/files/documents/cases/192_3109_hyperbeard_-_proposed_stipulated_order.pdf
"Tapplock, Inc., In the Matter of",https://www.ftc.gov/system/files/documents/cases/1923011c4718tapplockcomplaint.pdf
"Tapplock, Inc., In the Matter of",https://www.ftc.gov/system/files/documents/cases/1923011c4718tapplockorder.pdf
"Tapplock, Inc., In the Matter of",https://www.ftc.gov/system/files/documents/cases/192_3011_tapplock_aapc.pdf
"Tapplock, Inc., In the Matter of",https://www.ftc.gov/system/files/documents/cases/192_3011_tapplock_agreement_containing_consent_order.pdf
"Tapplock, Inc., In the Matter of",https://www.ftc.gov/system/files/documents/cases/192_3011_tapplock_complaint.pdf
Jasjit Gotra (Alliance Security),https://www.ftc.gov/system/files/documents/cases/alliance_-_complaint.pdf
Jasjit Gotra (Alliance Security),https://www.ftc.gov/system/files/documents/cases/alliance_-_memo_in_support_of_pi.pdf
Jasjit Gotra (Alliance Security),https://www.ftc.gov/system/files/documents/cases/alliance_proposed_order_re_klink.pdf
Jasjit Gotra (Alliance Security),https://www.ftc.gov/system/files/documents/cases/alliance_proposed_order_re_merrick.pdf
Jasjit Gotra (Alliance Security),https://www.ftc.gov/system/files/documents/cases/alliance_security_jasjit_gotra_-_pi_order.pdf
Jasjit Gotra (Alliance Security),https://www.ftc.gov/system/files/documents/cases/alliance_security_stipulated_final_order_as_to_alliance.pdf
Jasjit Gotra (Alliance Security),https://www.ftc.gov/system/files/documents/cases/x140022alliancesecurityorder.pdf
"Retina-X Studios, LLC, In the Matter of",https://www.ftc.gov/system/files/documents/cases/1723118retinaxcommenterletter.pdf
"Retina-X Studios, LLC, In the Matter of",https://www.ftc.gov/system/files/documents/cases/1723118retinaxorder_0.pdf
"Retina-X Studios, LLC, In the Matter of",https://www.ftc.gov/system/files/documents/cases/172_3118_-_retina-x_attachment_a.pdf
"Retina-X Studios, LLC, In the Matter of",https://www.ftc.gov/system/files/documents/cases/172_3118_-_retina-x_exhibit_a.pdf
"Retina-X Studios, LLC, In the Matter of",https://www.ftc.gov/system/files/documents/cases/172_3118_-_retina-x_exhibit_b.pdf
"Retina-X Studios, LLC, In the Matter of",https://www.ftc.gov/system/files/documents/cases/172_3118_-_retina-x_exhibit_c.pdf
"Retina-X Studios, LLC, In the Matter of",https://www.ftc.gov/system/files/documents/cases/172_3118_-_retina-x_studios_agreement_containing_consent_order.pdf
"Retina-X Studios, LLC, In the Matter of",https://www.ftc.gov/system/files/documents/cases/172_3118_-_retina-x_studios_analysis_of_proposed_consent_order_to_aid_public_comment.pdf
"Retina-X Studios, LLC, In the Matter of",https://www.ftc.gov/system/files/documents/cases/172_3118_-_retina-x_studios_complaint_updated.pdf
"Retina-X Studios, LLC, In the Matter of",https://www.ftc.gov/system/files/documents/cases/172_3118_retina-x_studios_complaint_0.pdf
"T&M Protection Resources, LLC, In the Matter of",https://www.ftc.gov/system/files/documents/cases/192_3092_tm_analysis_to_aid_public_comment.pdf
"T&M Protection Resources, LLC, In the Matter of",https://www.ftc.gov/system/files/documents/cases/192_3092_tm_consent_agreement.pdf
"T&M Protection Resources, LLC, In the Matter of",https://www.ftc.gov/system/files/documents/cases/192_3092_tm_order_for_settlement.pdf
"T&M Protection Resources, LLC, In the Matter of",https://www.ftc.gov/system/files/documents/cases/192_3092_tm_protection_complaint_for_settlement.pdf
"T&M Protection Resources, LLC, In the Matter of",https://www.ftc.gov/system/files/documents/cases/c-4709_192_3092_tm_protection_complaint.pdf
"T&M Protection Resources, LLC, In the Matter of",https://www.ftc.gov/system/files/documents/cases/c-4709_192_3092_tm_protection_order.pdf
BoostMyScore LLC,https://www.ftc.gov/system/files/documents/cases/192_3059_boost_my_score_complaint_filed_0.pdf
BoostMyScore LLC,https://www.ftc.gov/system/files/documents/cases/192_3059_boost_my_score_stipulation_filed_1.pdf
"Office Depot, Inc.",https://www.ftc.gov/system/files/documents/cases/office_depot_-_support.com_stipulated_order_3-29-19.pdf
"Office Depot, Inc.",https://www.ftc.gov/system/files/documents/cases/office_depot_complaint_3-27-19.pdf
"Office Depot, Inc.",https://www.ftc.gov/system/files/documents/cases/office_depot_complaint_exhibit_a_3-27-19.pdf
"Office Depot, Inc.",https://www.ftc.gov/system/files/documents/cases/office_depot_stipulated_order_3-29-19.pdf
"Click Labs, Inc., In the Matter of",https://www.ftc.gov/system/files/documents/cases/1923090c4705click_labsorder.pdf
"Click Labs, Inc., In the Matter of",https://www.ftc.gov/system/files/documents/cases/1923090c4705clicklabscomplaint.pdf
"Click Labs, Inc., In the Matter of",https://www.ftc.gov/system/files/documents/cases/192_3090_click_labs_aapc.pdf
"Click Labs, Inc., In the Matter of",https://www.ftc.gov/system/files/documents/cases/192_3090_click_labs_complaint.pdf
"Click Labs, Inc., In the Matter of",https://www.ftc.gov/system/files/documents/cases/192_3090_click_labs_order.pdf
"Click Labs, Inc., In the Matter of",https://www.ftc.gov/system/files/documents/cases/2019.09.26_clicklabs.consent_agreement.pdf
"Global Data Vault, LLC, In the Matter of",https://www.ftc.gov/system/files/documents/cases/1923093c4706globaldatavaultcomplaint.pdf
"Global Data Vault, LLC, In the Matter of",https://www.ftc.gov/system/files/documents/cases/1923093c4706globaldatavaultorder.pdf
"Global Data Vault, LLC, In the Matter of",https://www.ftc.gov/system/files/documents/cases/192_3093_global_data_vault_aapc.pdf
"Global Data Vault, LLC, In the Matter of",https://www.ftc.gov/system/files/documents/cases/192_3093_global_data_vault_agreement.pdf
"Global Data Vault, LLC, In the Matter of",https://www.ftc.gov/system/files/documents/cases/192_3093_global_data_vault_complaint.pdf
"Global Data Vault, LLC, In the Matter of",https://www.ftc.gov/system/files/documents/cases/192_3093_global_data_vault_order.pdf
"Incentive Services, Inc., In the Matter of",https://www.ftc.gov/system/files/documents/cases/192_3078_incentive_services_complaint_c-4703.pdf
"Incentive Services, Inc., In the Matter of",https://www.ftc.gov/system/files/documents/cases/192_3078_incentive_services_order_c-4703.pdf
"Incentive Services, Inc., In the Matter of",https://www.ftc.gov/system/files/documents/cases/incentive_services_inc._analysis_of_proposed_consent_order_to_aid_public_comment_11-15-19.pdf
"Incentive Services, Inc., In the Matter of",https://www.ftc.gov/system/files/documents/cases/incentive_services_inc._complaint_07-26-19.pdf
"Incentive Services, Inc., In the Matter of",https://www.ftc.gov/system/files/documents/cases/incentive_services_inc._consent_agreement_07-26-19.pdf
"Incentive Services, Inc., In the Matter of",https://www.ftc.gov/system/files/documents/cases/incentive_services_inc._order_07-26-19.pdf
"TDARX, Inc., In the Matter of",https://www.ftc.gov/system/files/documents/cases/192_3084_tdarx_complaint_c-4704_0.pdf
"TDARX, Inc., In the Matter of",https://www.ftc.gov/system/files/documents/cases/192_3084_tdarx_order_c-4704.pdf
"TDARX, Inc., In the Matter of",https://www.ftc.gov/system/files/documents/cases/tdarx_analysis_to_aid_public_comment_11-15-2019.pdf
"TDARX, Inc., In the Matter of",https://www.ftc.gov/system/files/documents/cases/tdarx_complaint_9-30-2019.pdf
"TDARX, Inc., In the Matter of",https://www.ftc.gov/system/files/documents/cases/tdarx_consent_agreement_07-30-19.pdf
"TDARX, Inc., In the Matter of",https://www.ftc.gov/system/files/documents/cases/tdarx_inc_order_9-30-2019.pdf
"DCR Workforce, Inc., In the Matter of",https://www.ftc.gov/system/files/documents/cases/182_3188_-_dcr_complaint_final.pdf
"DCR Workforce, Inc., In the Matter of",https://www.ftc.gov/system/files/documents/cases/182_3188_-_dcr_workforce_order_final.pdf
"DCR Workforce, Inc., In the Matter of",https://www.ftc.gov/system/files/documents/cases/182_3188_dcr_workforce_acco.pdf
"DCR Workforce, Inc., In the Matter of",https://www.ftc.gov/system/files/documents/cases/182_3188_dcr_workforce_analysis.pdf
"DCR Workforce, Inc., In the Matter of",https://www.ftc.gov/system/files/documents/cases/182_3188_dcr_workforce_complaint.pdf
"DCR Workforce, Inc., In the Matter of",https://www.ftc.gov/system/files/documents/cases/182_3188_dcr_workforce_do.pdf
"LotaData, Inc., In the Matter of",https://www.ftc.gov/system/files/documents/cases/182_3194_-_lotadata_complaint_final.pdf
"LotaData, Inc., In the Matter of",https://www.ftc.gov/system/files/documents/cases/182_3194_-_lotadata_order_final.pdf
"LotaData, Inc., In the Matter of",https://www.ftc.gov/system/files/documents/cases/182_3194_lotadata_analysis.pdf
"LotaData, Inc., In the Matter of",https://www.ftc.gov/system/files/documents/cases/182_3194_lotadata_complaint_final.pdf
"LotaData, Inc., In the Matter of",https://www.ftc.gov/system/files/documents/cases/182_3194_lotadata_consent_agreement.pdf
"LotaData, Inc., In the Matter of",https://www.ftc.gov/system/files/documents/cases/182_3194_lotadata_decision_and_order.pdf
"EmpiriStat, In the Matter of",https://www.ftc.gov/system/files/documents/cases/182_3195_-_empiristat_consent_complaint-final.pdf
"EmpiriStat, In the Matter of",https://www.ftc.gov/system/files/documents/cases/182_3195_-_empiristat_settlement_order-final.pdf
"EmpiriStat, In the Matter of",https://www.ftc.gov/system/files/documents/cases/182_3195_empiristat_analysis.pdf
"EmpiriStat, In the Matter of",https://www.ftc.gov/system/files/documents/cases/182_3195_empiristat_complaint.pdf
"EmpiriStat, In the Matter of",https://www.ftc.gov/system/files/documents/cases/182_3195_empiristat_consent_agreement.pdf
"EmpiriStat, In the Matter of",https://www.ftc.gov/system/files/documents/cases/182_3195_empiristat_decision_and_order.pdf
"Trueface.ai, In the Matter of",https://www.ftc.gov/system/files/documents/cases/182_3193_-_trueface_complaint_final.pdf
"Trueface.ai, In the Matter of",https://www.ftc.gov/system/files/documents/cases/182_3193_-_trueface_order_final.pdf
"Trueface.ai, In the Matter of",https://www.ftc.gov/system/files/documents/cases/182_3193_trueface_analysis.pdf
"Trueface.ai, In the Matter of",https://www.ftc.gov/system/files/documents/cases/182_3193_trueface_complaint.pdf
"Trueface.ai, In the Matter of",https://www.ftc.gov/system/files/documents/cases/182_3193_trueface_consent_agreement.pdf
"Trueface.ai, In the Matter of",https://www.ftc.gov/system/files/documents/cases/182_3193_trueface_order.pdf
"Thru, Inc., In the Matter of",https://www.ftc.gov/system/files/documents/cases/182_3196_-_thru_consent_complaint-final.pdf
"Thru, Inc., In the Matter of",https://www.ftc.gov/system/files/documents/cases/182_3196_-_thru_consent_order-final.pdf
"Thru, Inc., In the Matter of",https://www.ftc.gov/system/files/documents/cases/182_3196_thru_acco.pdf
"Thru, Inc., In the Matter of",https://www.ftc.gov/system/files/documents/cases/182_3196_thru_analysis.pdf
"Thru, Inc., In the Matter of",https://www.ftc.gov/system/files/documents/cases/182_3196_thru_complaint.pdf
"Thru, Inc., In the Matter of",https://www.ftc.gov/system/files/documents/cases/182_3196_thru_do.pdf
"Mortgage Solutions FCS, Inc.",https://www.ftc.gov/system/files/documents/cases/mortgage_solutions_complaint.pdf
"Mortgage Solutions FCS, Inc.",https://www.ftc.gov/system/files/documents/cases/mortgage_solutions_proposed_settlement.pdf
"Mortgage Solutions FCS, Inc.",https://www.ftc.gov/system/files/ftc_gov/pdf/1823199mortgagesolutionsfcsfinalorder.pdf
"Medable, Inc., In the Matter of",https://www.ftc.gov/system/files/documents/cases/182_3192_medable_aapc.pdf
"Medable, Inc., In the Matter of",https://www.ftc.gov/system/files/documents/cases/182_3192_medable_agreement.pdf
"Medable, Inc., In the Matter of",https://www.ftc.gov/system/files/documents/cases/182_3192_medable_complaint.pdf
"Medable, Inc., In the Matter of",https://www.ftc.gov/system/files/documents/cases/182_3192_medable_do.pdf
"Medable, Inc., In the Matter of",https://www.ftc.gov/system/files/documents/cases/c-4697_182_3192_-_medable_complaint.pdf
"Medable, Inc., In the Matter of",https://www.ftc.gov/system/files/documents/cases/c-4697_182_3192_-_medable_order_and_decision_9.20.2019.pdf
"InfoTrax Systems, L.C.",https://www.ftc.gov/system/files/documents/cases/162_3130_infotrax_aapc_clean.pdf
"InfoTrax Systems, L.C.",https://www.ftc.gov/system/files/documents/cases/162_3130_infotrax_agreement_containing_consent_order_clean.pdf
"InfoTrax Systems, L.C.",https://www.ftc.gov/system/files/documents/cases/162_3130_infotrax_complaint_clean.pdf
"InfoTrax Systems, L.C.",https://www.ftc.gov/system/files/documents/cases/162_3130_infotrax_order_clean.pdf
"InfoTrax Systems, L.C.",https://www.ftc.gov/system/files/documents/cases/c-4696_162_3130_infotrax_complaint_clean.pdf
"InfoTrax Systems, L.C.",https://www.ftc.gov/system/files/documents/cases/c-4696_162_3130_infotrax_order_clean.pdf
"Cambridge Analytica, LLC, In the Matter of",https://www.ftc.gov/system/files/documents/cases/08162019ccmottionfsummarydecision595650.pdf
"Cambridge Analytica, LLC, In the Matter of",https://www.ftc.gov/system/files/documents/cases/09032019ccreplysupportmosummarydecision595857.pdf
"Cambridge Analytica, LLC, In the Matter of",https://www.ftc.gov/system/files/documents/cases/182_3107_cambridge_analytica_administrative_complaint_7-24-19.pdf
"Cambridge Analytica, LLC, In the Matter of",https://www.ftc.gov/system/files/documents/cases/cambridge_analytica_notice_of_appearance_filed_by_complaint_counsel_8-7-19.pdf
"Cambridge Analytica, LLC, In the Matter of",https://www.ftc.gov/system/files/documents/cases/cambridge_analytica_order_designating_administrative_law_judge_8-9-19.pdf
"Cambridge Analytica, LLC, In the Matter of",https://www.ftc.gov/system/files/documents/cases/cambridge_analytica_protective_order_governing_confidential_material_8-9-19.pdf
"Cambridge Analytica, LLC, In the Matter of",https://www.ftc.gov/system/files/documents/cases/d09383_commission_order_extending_time_period_to_rule_on_mtn_for_sdpublic.pdf
"Cambridge Analytica, LLC, In the Matter of",https://www.ftc.gov/system/files/documents/cases/d09383_commission_order_further_extending_time_period_to_rule_on_mtn_for_sdpublic.pdf
"Cambridge Analytica, LLC, In the Matter of",https://www.ftc.gov/system/files/documents/cases/d09389_comm_final_opinionpublic.pdf
"Cambridge Analytica, LLC, In the Matter of",https://www.ftc.gov/system/files/documents/cases/d09389_comm_final_orderpublic.pdf
"Aleksandr Kogan and Alexander Nix, In the Matter of",https://www.ftc.gov/system/files/documents/cases/182_3106_acco_kogan.pdf
"Aleksandr Kogan and Alexander Nix, In the Matter of",https://www.ftc.gov/system/files/documents/cases/182_3106_and_182_3107_complaint.pdf
"Aleksandr Kogan and Alexander Nix, In the Matter of",https://www.ftc.gov/system/files/documents/cases/182_3106_and_182_3107_response_to_epic_letter.pdf
"Aleksandr Kogan and Alexander Nix, In the Matter of",https://www.ftc.gov/system/files/documents/cases/182_3106_kogan-nix_complaint.pdf
"Aleksandr Kogan and Alexander Nix, In the Matter of",https://www.ftc.gov/system/files/documents/cases/182_3106_kogan_do.pdf
"Aleksandr Kogan and Alexander Nix, In the Matter of",https://www.ftc.gov/system/files/documents/cases/182_3107_acco_nix.pdf
"Aleksandr Kogan and Alexander Nix, In the Matter of",https://www.ftc.gov/system/files/documents/cases/182_3107_kogan_nix_analysis.pdf
"Aleksandr Kogan and Alexander Nix, In the Matter of",https://www.ftc.gov/system/files/documents/cases/182_3107_nix_do.pdf
"Unrollme Inc., In the Matter of",https://www.ftc.gov/system/files/documents/cases/172_3139_epic_response_letter_final.pdf
"Unrollme Inc., In the Matter of",https://www.ftc.gov/system/files/documents/cases/172_3139_unrollme_analysis_8-8-19.pdf
"Unrollme Inc., In the Matter of",https://www.ftc.gov/system/files/documents/cases/172_3139_unrollme_complaint_8-8-19.pdf
"Unrollme Inc., In the Matter of",https://www.ftc.gov/system/files/documents/cases/172_3139_unrollme_order_8-8-19.pdf
"Unrollme Inc., In the Matter of",https://www.ftc.gov/system/files/documents/cases/c-4692_172_3139_-_unrollme_complaint.pdf
"Unrollme Inc., In the Matter of",https://www.ftc.gov/system/files/documents/cases/c-4692_172_3139_-_unrollme_order.pdf
"LifeLock, Inc., a corporation",https://www.ftc.gov/sites/default/files/documents/cases/2010/03/100309lifelockcmpt.pdf
"LifeLock, Inc., a corporation",https://www.ftc.gov/sites/default/files/documents/cases/2010/03/100309lifelockexhibits.pdf
"LifeLock, Inc., a corporation",https://www.ftc.gov/sites/default/files/documents/cases/2010/03/100309lifelockstip.pdf
"LifeLock, Inc., a corporation",https://www.ftc.gov/sites/default/files/documents/cases/2010/03/100309maynardstip.pdf
"LifeLock, Inc., a corporation",https://www.ftc.gov/system/files/documents/cases/150721lifelocknotice.pdf
"LifeLock, Inc., a corporation",https://www.ftc.gov/system/files/documents/cases/151217lifelockprelim.pdf
"LifeLock, Inc., a corporation",https://www.ftc.gov/system/files/documents/cases/151217lifelockstip.pdf
"LifeLock, Inc., a corporation",https://www.ftc.gov/system/files/documents/cases/160105lifelockorder.pdf
"Google LLC and YouTube, LLC",https://www.ftc.gov/system/files/documents/cases/172_3083_youtube_coppa_consent_order.pdf
"Google LLC and YouTube, LLC",https://www.ftc.gov/system/files/documents/cases/172_3083_youtube_coppa_consent_order_signed.pdf
"Google LLC and YouTube, LLC",https://www.ftc.gov/system/files/documents/cases/172_3083_youtube_revised_complaint.pdf
"Google LLC and YouTube, LLC",https://www.ftc.gov/system/files/documents/cases/172_3083_youtube_revised_exhibits_a-c.pdf
"Google LLC and YouTube, LLC",https://www.ftc.gov/system/files/documents/cases/youtube_complaint.pdf
"Google LLC and YouTube, LLC",https://www.ftc.gov/system/files/documents/cases/youtube_complaint_exhibits.pdf
"LightYear Dealer Technologies, LLC, In the Matter of",https://www.ftc.gov/system/files/documents/cases/1723051c4687dealerbuiltcommenternada.pdf
"LightYear Dealer Technologies, LLC, In the Matter of",https://www.ftc.gov/system/files/documents/cases/172_3051_c-4687_dealerbuilt_decision_order.pdf
"LightYear Dealer Technologies, LLC, In the Matter of",https://www.ftc.gov/system/files/documents/cases/172_3051_c-4687_dealerbuilt_final_complaint.pdf
"LightYear Dealer Technologies, LLC, In the Matter of",https://www.ftc.gov/system/files/documents/cases/172_3051_dealerbuilt_decision_order.pdf
"LightYear Dealer Technologies, LLC, In the Matter of",https://www.ftc.gov/system/files/documents/cases/172_3051_dealerbuilt_final_aapc_6-12-19.pdf
"LightYear Dealer Technologies, LLC, In the Matter of",https://www.ftc.gov/system/files/documents/cases/172_3051_dealerbuilt_final_complaint_6-12-19.pdf
"LightYear Dealer Technologies, LLC, In the Matter of",https://www.ftc.gov/system/files/documents/cases/172_3051_dealerbuilt_final_consent_agreement_6-12-19.pdf
"LabMD, Inc. v. Federal Trade Commission",https://www.ftc.gov/system/files/documents/cases/577523.pdf
"LabMD, Inc. v. Federal Trade Commission",https://www.ftc.gov/system/files/documents/cases/d09351labmdappealorder_0.pdf
"LabMD, Inc. v. Federal Trade Commission",https://www.ftc.gov/system/files/documents/cases/labmd_ca11_ftc_opposition_to_fee_request_2018-1119.pdf
"LabMD, Inc. v. Federal Trade Commission",https://www.ftc.gov/system/files/documents/cases/labmd_ca11_ftc_response_brief_2017-0209.pdf
"LabMD, Inc. v. Federal Trade Commission",https://www.ftc.gov/system/files/documents/cases/labmd_nd_ga_ftc_supplemental_resp_brief_08-30-19.pdf
"SecurTest, Inc., In the Matter of",https://www.ftc.gov/system/files/documents/cases/182_3152_c4685_securtest_complaint.pdf
"SecurTest, Inc., In the Matter of",https://www.ftc.gov/system/files/documents/cases/182_3152_c4685_securtest_order.pdf
"SecurTest, Inc., In the Matter of",https://www.ftc.gov/system/files/documents/cases/182_3152_securtest_aapc.pdf
"SecurTest, Inc., In the Matter of",https://www.ftc.gov/system/files/documents/cases/182_3152_securtest_acco.pdf
"SecurTest, Inc., In the Matter of",https://www.ftc.gov/system/files/documents/cases/182_3152_securtest_complaint.pdf
"SecurTest, Inc., In the Matter of",https://www.ftc.gov/system/files/documents/cases/182_3152_securtest_do.pdf
"SecurTest, Inc., In the Matter of",https://www.ftc.gov/system/files/documents/cases/182_3152_securtest_letter_to_commenter_crouse.pdf
"Equifax, Inc.",https://www.ftc.gov/system/files/documents/cases/172_3203_equifax_complaint_7-22-19.pdf
"Equifax, Inc.",https://www.ftc.gov/system/files/documents/cases/172_3203_equifax_order_signed_7-23-19.pdf
"Equifax, Inc.",https://www.ftc.gov/system/files/documents/cases/172_3203_equifax_proposed_order_7-22-19.pdf
"Equifax, Inc.",https://www.ftc.gov/system/files/documents/cases/172_3203_equifax_proposed_order_exhibit_a_7-22-19.pdf
"Equifax, Inc.",https://www.ftc.gov/system/files/documents/cases/172_3203_equifax_proposed_order_exhibit_b_7-22-19.pdf
D-Link,https://www.ftc.gov/system/files/documents/cases/170105_d-link_complaint_and_exhibits.pdf
D-Link,https://www.ftc.gov/system/files/documents/cases/2017.05.15_d.e._75_order_dismissing_dlc_wo_prej._and_req_disc.pdf
D-Link,https://www.ftc.gov/system/files/documents/cases/d-link_complaint_for_permanent_injunction_and_other_equitable_relief_unredacted_version_seal_lifted_-_3-20-17.pdf
D-Link,https://www.ftc.gov/system/files/documents/cases/dlink_proposed_order_and_judgment_7-2-19.pdf
"James V. Grago, Jr. doing business as ClixSense.com, In the Matter of",https://www.ftc.gov/system/files/documents/cases/172_3003_-_clixsense_aapc.pdf
"James V. Grago, Jr. doing business as ClixSense.com, In the Matter of",https://www.ftc.gov/system/files/documents/cases/172_3003_-_clixsense_complaint_administrative.pdf
"James V. Grago, Jr. doing business as ClixSense.com, In the Matter of",https://www.ftc.gov/system/files/documents/cases/172_3003_-_clixsense_consent_agreement.pdf
"James V. Grago, Jr. doing business as ClixSense.com, In the Matter of",https://www.ftc.gov/system/files/documents/cases/172_3003_-_clixsense_order_final.pdf
"James V. Grago, Jr. doing business as ClixSense.com, In the Matter of",https://www.ftc.gov/system/files/documents/cases/172_3003_c4678_clixsense_complaint_7-2-19.pdf
"James V. Grago, Jr. doing business as ClixSense.com, In the Matter of",https://www.ftc.gov/system/files/documents/cases/172_3003_clixsense_decision_and_order_7-2-19.pdf
"James V. Grago, Jr. doing business as ClixSense.com, In the Matter of",https://www.ftc.gov/system/files/documents/cases/2019-03-19_idressupclixsense_statement_final.pdf
"James V. Grago, Jr. doing business as ClixSense.com, In the Matter of",https://www.ftc.gov/system/files/documents/cases/clixsense_complaint_exhibit_a.pdf
"Unixiz, Inc. doing business as i-Dressup.com",https://www.ftc.gov/system/files/documents/cases/2019-03-19_idressupclixsense_statement_final.pdf
"Unixiz, Inc. doing business as i-Dressup.com",https://www.ftc.gov/system/files/documents/cases/i-dressup_complaint_ecf_4-24-19.pdf
"Unixiz, Inc. doing business as i-Dressup.com",https://www.ftc.gov/system/files/documents/cases/i-dressup_stipulated_order_ecf_4-24-19.pdf
"Musical.ly, Inc.",https://www.ftc.gov/system/files/documents/cases/musical.ly_complaint_ecf_2-27-19.pdf
"Musical.ly, Inc.",https://www.ftc.gov/system/files/documents/cases/musical.ly_proposed_order_ecf_2-27-19.pdf
"VenPath, Inc., In the Matter of",https://www.ftc.gov/system/files/documents/cases/182_3144_c4664_venpath_complaint.pdf
"VenPath, Inc., In the Matter of",https://www.ftc.gov/system/files/documents/cases/182_3144_c4664_venpath_do.pdf
"VenPath, Inc., In the Matter of",https://www.ftc.gov/system/files/documents/cases/182_3144_venpath_analysistoaidpc.pdf
"VenPath, Inc., In the Matter of",https://www.ftc.gov/system/files/documents/cases/182_3144_venpath_complaint.pdf
"VenPath, Inc., In the Matter of",https://www.ftc.gov/system/files/documents/cases/182_3144_venpath_order.pdf
"VenPath, Inc., In the Matter of",https://www.ftc.gov/system/files/documents/cases/182_3144_venpathcons_agreement.pdf
"SmartStart Employment Screening, Inc., In the Matter of",https://www.ftc.gov/system/files/documents/cases/182_3154_c4666_smartstart_complaint.pdf
"SmartStart Employment Screening, Inc., In the Matter of",https://www.ftc.gov/system/files/documents/cases/182_3154_c4666_smartstart_do.pdf
"SmartStart Employment Screening, Inc., In the Matter of",https://www.ftc.gov/system/files/documents/cases/182_3154_smartstart_analysistoaidpc.pdf
"SmartStart Employment Screening, Inc., In the Matter of",https://www.ftc.gov/system/files/documents/cases/182_3154_smartstart_complaint.pdf
"SmartStart Employment Screening, Inc., In the Matter of",https://www.ftc.gov/system/files/documents/cases/182_3154_smartstart_order.pdf
"SmartStart Employment Screening, Inc., In the Matter of",https://www.ftc.gov/system/files/documents/cases/182_3154_smartstartcons_agreement.pdf
"mResource LLC (Loop Works LLC), In the Matter of",https://www.ftc.gov/system/files/documents/cases/182_3143_c4663_mresource_complaint_11-19-18.pdf
"mResource LLC (Loop Works LLC), In the Matter of",https://www.ftc.gov/system/files/documents/cases/182_3143_c4663_mresource_do_11-19-18.pdf
"mResource LLC (Loop Works LLC), In the Matter of",https://www.ftc.gov/system/files/documents/cases/182_3143_mresourcecorrectionca8.30.pdf
"mResource LLC (Loop Works LLC), In the Matter of",https://www.ftc.gov/system/files/documents/cases/182_3143_mresourcecorrectioncomplaint9.12red.pdf
"mResource LLC (Loop Works LLC), In the Matter of",https://www.ftc.gov/system/files/documents/cases/182_3143_mresourceloopworksanalysistoaidpc.pdf
"mResource LLC (Loop Works LLC), In the Matter of",https://www.ftc.gov/system/files/documents/cases/182_3143_mresourceloopworksorder8.29.pdf
"ReadyTech Corporation, In the Matter of",https://www.ftc.gov/system/files/documents/cases/1823100_readytech_complaint_7-2-18.pdf
"ReadyTech Corporation, In the Matter of",https://www.ftc.gov/system/files/documents/cases/1823100_readytech_consent_7-2-18.pdf
"ReadyTech Corporation, In the Matter of",https://www.ftc.gov/system/files/documents/cases/1823100_readytech_corp_decision_and_order_7-2-18.pdf
"ReadyTech Corporation, In the Matter of",https://www.ftc.gov/system/files/documents/cases/182_3100_c-4659_readytech_letters_to_commenters.pdf
"ReadyTech Corporation, In the Matter of",https://www.ftc.gov/system/files/documents/cases/182_3100_readytech_complaint.pdf
"ReadyTech Corporation, In the Matter of",https://www.ftc.gov/system/files/documents/cases/182_3100_readytech_decision_and_order.pdf
"ReadyTech Corporation, In the Matter of",https://www.ftc.gov/system/files/documents/cases/readytech_analysis_7-2-18.pdf
"Uber Technologies, Inc., In the Matter of",https://www.ftc.gov/system/files/documents/cases/1523054_uber_technologies_agreement.pdf
"Uber Technologies, Inc., In the Matter of",https://www.ftc.gov/system/files/documents/cases/1523054_uber_technologies_analysis.pdf
"Uber Technologies, Inc., In the Matter of",https://www.ftc.gov/system/files/documents/cases/1523054_uber_technologies_complaint.pdf
"Uber Technologies, Inc., In the Matter of",https://www.ftc.gov/system/files/documents/cases/1523054_uber_technologies_complaint_exhibits_a-b.pdf
"Uber Technologies, Inc., In the Matter of",https://www.ftc.gov/system/files/documents/cases/1523054_uber_technologies_decision_and_order.pdf
"Uber Technologies, Inc., In the Matter of",https://www.ftc.gov/system/files/documents/cases/1523054_uber_technologies_letters_to_commenters_0.pdf
"Uber Technologies, Inc., In the Matter of",https://www.ftc.gov/system/files/documents/cases/1523054_uber_technologies_revised_agreement.pdf
"Uber Technologies, Inc., In the Matter of",https://www.ftc.gov/system/files/documents/cases/1523054_uber_technologies_revised_analysis.pdf
"Uber Technologies, Inc., In the Matter of",https://www.ftc.gov/system/files/documents/cases/1523054_uber_technologies_revised_complaint_0.pdf
"Uber Technologies, Inc., In the Matter of",https://www.ftc.gov/system/files/documents/cases/1523054_uber_technologies_revised_complaint_exhibits.pdf
"Uber Technologies, Inc., In the Matter of",https://www.ftc.gov/system/files/documents/cases/1523054_uber_technologies_revised_complaint_exhibits_0.pdf
"Uber Technologies, Inc., In the Matter of",https://www.ftc.gov/system/files/documents/cases/1523054_uber_technologies_revised_decision_and_order.pdf
"Uber Technologies, Inc., In the Matter of",https://www.ftc.gov/system/files/documents/cases/152_3054_c-4662_uber_technologies_letters_to_commenters.pdf
"Uber Technologies, Inc., In the Matter of",https://www.ftc.gov/system/files/documents/cases/152_3054_c-4662_uber_technologies_revised_complaint.pdf
"Uber Technologies, Inc., In the Matter of",https://www.ftc.gov/system/files/documents/cases/152_3054_c-4662_uber_technologies_revised_decision_and_order.pdf
"Uber Technologies, Inc., In the Matter of",https://www.ftc.gov/system/files/documents/federal_register_notices/2017/08/uber_published_analysis_8-21-17.pdf
"Uber Technologies, Inc., In the Matter of",https://www.ftc.gov/system/files/documents/federal_register_notices/2018/04/152_3054_uber_revised_consent_analysis_pub_frn.pdf
"RealPage, Inc.",https://www.ftc.gov/system/files/documents/cases/152_3059_realpage_inc_complaint_10-16-18.pdf
"RealPage, Inc.",https://www.ftc.gov/system/files/documents/cases/152_3059_realpage_inc_stipulated_order_10-16-18.pdf
"IDmission LLC, In the Matter of",https://www.ftc.gov/system/files/documents/cases/182_3150_c4665_idmission_complaint.pdf
"IDmission LLC, In the Matter of",https://www.ftc.gov/system/files/documents/cases/182_3150_c4665_idmission_do.pdf
"IDmission LLC, In the Matter of",https://www.ftc.gov/system/files/documents/cases/182_3150_idmission_analysis_to_aid_public_comment_9-27-18.pdf
"IDmission LLC, In the Matter of",https://www.ftc.gov/system/files/documents/cases/182_3150_idmission_complaint_9-27-18.pdf
"IDmission LLC, In the Matter of",https://www.ftc.gov/system/files/documents/cases/182_3150_idmission_consent_agreement_9-27-18.pdf
"IDmission LLC, In the Matter of",https://www.ftc.gov/system/files/documents/cases/182_3150_idmission_order_9-27-18.pdf
Katrina Moore,https://www.ftc.gov/system/files/documents/cases/172-3111-katrina_moore_doc_8_-_stip_final_judgment.pdf
Katrina Moore,https://www.ftc.gov/system/files/documents/cases/katrina_moore-_complaint.pdf
"Integrated Flight Solutions, et al.",https://www.ftc.gov/system/files/documents/cases/1723151_complaint_pulled_from_courtlink_with_exhibit.pdf
"Integrated Flight Solutions, et al.",https://www.ftc.gov/system/files/documents/cases/1723151_filed_stipulated_order-9-13-18.pdf
"Apartment Hunters, Inc. et al. (Wetakesection8.com)",https://www.ftc.gov/system/files/documents/cases/172-3007_wetakesection8housing_tro_9-17-18.pdf
"Apartment Hunters, Inc. et al. (Wetakesection8.com)",https://www.ftc.gov/system/files/documents/cases/172_3007_wetakesection8_contempt_order.pdf
"Apartment Hunters, Inc. et al. (Wetakesection8.com)",https://www.ftc.gov/system/files/documents/cases/172_3007_wetakesection8_pi.pdf
"Apartment Hunters, Inc. et al. (Wetakesection8.com)",https://www.ftc.gov/system/files/documents/cases/wetakesec8-filed-complaint.pdf
"Apartment Hunters, Inc. et al. (Wetakesection8.com)",https://www.ftc.gov/system/files/documents/cases/wetakesection8_final_order.pdf
"BLU Products and Samuel Ohev-Zion, In the Matter of",https://www.ftc.gov/system/files/documents/cases/1723025_blu_agreement_4-30-18.pdf
"BLU Products and Samuel Ohev-Zion, In the Matter of",https://www.ftc.gov/system/files/documents/cases/1723025_blu_analysis_4-30-18.pdf
"BLU Products and Samuel Ohev-Zion, In the Matter of",https://www.ftc.gov/system/files/documents/cases/1723025_blu_complaint_4-30-18.pdf
"BLU Products and Samuel Ohev-Zion, In the Matter of",https://www.ftc.gov/system/files/documents/cases/1723025_blu_decision_and_order_4-30-18.pdf
"BLU Products and Samuel Ohev-Zion, In the Matter of",https://www.ftc.gov/system/files/documents/cases/172_3025_c4657_blu_complaint_9-10-18.pdf
"BLU Products and Samuel Ohev-Zion, In the Matter of",https://www.ftc.gov/system/files/documents/cases/172_3025_c4657_blu_decision_and_order_9-10-18.pdf
"BLU Products and Samuel Ohev-Zion, In the Matter of",https://www.ftc.gov/system/files/documents/cases/172_3025_c4657_blu_letters_to_commenters_9-10-18.pdf
"BLU Products and Samuel Ohev-Zion, In the Matter of",https://www.ftc.gov/system/files/documents/federal_register_notices/2018/05/blu_published_frn.pdf
"PayPal, Inc., In the Matter of",https://www.ftc.gov/system/files/documents/cases/1623102-c4651_paypal_venmo_decision_and_order_final_5-24-18.pdf
"PayPal, Inc., In the Matter of",https://www.ftc.gov/system/files/documents/cases/1623102_c-4651_paypal_venmo_complaint_final.pdf
"PayPal, Inc., In the Matter of",https://www.ftc.gov/system/files/documents/cases/venmo_aapc.pdf
"PayPal, Inc., In the Matter of",https://www.ftc.gov/system/files/documents/cases/venmo_agreement_with_decision.pdf
"PayPal, Inc., In the Matter of",https://www.ftc.gov/system/files/documents/cases/venmo_complaint.pdf
"PayPal, Inc., In the Matter of",https://www.ftc.gov/system/files/documents/cases/venmo_letters_to_commenters_5-24-18.pdf
"Sears Holdings Management Corporation, a corporation, in the Matter of",https://www.ftc.gov/sites/default/files/documents/cases/2009/06/090604searsagreement.pdf
"Sears Holdings Management Corporation, a corporation, in the Matter of",https://www.ftc.gov/sites/default/files/documents/cases/2009/06/090604searscomplaint.pdf
"Sears Holdings Management Corporation, a corporation, in the Matter of",https://www.ftc.gov/sites/default/files/documents/cases/2009/06/090604searscomplaintaf.pdf
"Sears Holdings Management Corporation, a corporation, in the Matter of",https://www.ftc.gov/sites/default/files/documents/cases/2009/06/090604searspcomment.pdf
"Sears Holdings Management Corporation, a corporation, in the Matter of",https://www.ftc.gov/sites/default/files/documents/cases/2009/09/090604searscmpt.pdf
"Sears Holdings Management Corporation, a corporation, in the Matter of",https://www.ftc.gov/sites/default/files/documents/cases/2009/09/090604searscomplaintaf.pdf
"Sears Holdings Management Corporation, a corporation, in the Matter of",https://www.ftc.gov/sites/default/files/documents/cases/2009/09/090604searsdo.pdf
"Sears Holdings Management Corporation, a corporation, in the Matter of",https://www.ftc.gov/sites/default/files/documents/cases/2009/09/090909searsletteraia.pdf
"Sears Holdings Management Corporation, a corporation, in the Matter of",https://www.ftc.gov/sites/default/files/documents/cases/2009/09/090909searsletteraustin.pdf
"Sears Holdings Management Corporation, a corporation, in the Matter of",https://www.ftc.gov/sites/default/files/documents/cases/2009/09/090909searsletterbutlre.pdf
"Sears Holdings Management Corporation, a corporation, in the Matter of",https://www.ftc.gov/sites/default/files/documents/cases/2009/09/090909searsletternycpb.pdf
"Sears Holdings Management Corporation, a corporation, in the Matter of",https://www.ftc.gov/system/files/documents/cases/c4264searsordergrantingpetition.pdf
"Sears Holdings Management Corporation, a corporation, in the Matter of",https://www.ftc.gov/system/files/documents/cases/c4264searspetitiontomodifyorder.pdf
"Prime Sites, Inc. (Explore Talent)",https://www.ftc.gov/system/files/documents/cases/1623218exploretalentcomplaint.pdf
"Prime Sites, Inc. (Explore Talent)",https://www.ftc.gov/system/files/documents/cases/1623218exploretalentorder.pdf
"Prime Sites, Inc. (Explore Talent)",https://www.ftc.gov/system/files/documents/cases/1623218exploretalentproposedorder.pdf
VTech Electronics Limited,https://www.ftc.gov/system/files/documents/cases/vtech_file_stamped_complaint_w_exs_1-8-18.pdf
VTech Electronics Limited,https://www.ftc.gov/system/files/documents/cases/vtech_file_stamped_stip_order_1-8-18.pdf
"Jerk, LLC, d/b/a Jerk.com, In the Matter of",https://www.ftc.gov/system/files/569639.pdf
"Jerk, LLC, d/b/a Jerk.com, In the Matter of",https://www.ftc.gov/system/files/documents/cases/051816jerkerrataopinion.pdf
"Jerk, LLC, d/b/a Jerk.com, In the Matter of",https://www.ftc.gov/system/files/documents/cases/051816jerkopinion.pdf
"Jerk, LLC, d/b/a Jerk.com, In the Matter of",https://www.ftc.gov/system/files/documents/cases/051816jerkorder.pdf
"Jerk, LLC, d/b/a Jerk.com, In the Matter of",https://www.ftc.gov/system/files/documents/cases/140407jerkcmptexhibits.pdf
"Jerk, LLC, d/b/a Jerk.com, In the Matter of",https://www.ftc.gov/system/files/documents/cases/140407jerkpart3cmpt.pdf
"Jerk, LLC, d/b/a Jerk.com, In the Matter of",https://www.ftc.gov/system/files/documents/cases/140408orderdesignatealj.pdf
"Jerk, LLC, d/b/a Jerk.com, In the Matter of",https://www.ftc.gov/system/files/documents/cases/140408protorder.pdf
"Jerk, LLC, d/b/a Jerk.com, In the Matter of",https://www.ftc.gov/system/files/documents/cases/140415jerkccnoa.pdf
"Jerk, LLC, d/b/a Jerk.com, In the Matter of",https://www.ftc.gov/system/files/documents/cases/140424fanningnoa.pdf
"Jerk, LLC, d/b/a Jerk.com, In the Matter of",https://www.ftc.gov/system/files/documents/cases/140424mtnfileanswer.pdf
"Jerk, LLC, d/b/a Jerk.com, In the Matter of",https://www.ftc.gov/system/files/documents/cases/140425jerkmtnfileanswer.pdf
"Jerk, LLC, d/b/a Jerk.com, In the Matter of",https://www.ftc.gov/system/files/documents/cases/140425jerknoa.pdf
"Jerk, LLC, d/b/a Jerk.com, In the Matter of",https://www.ftc.gov/system/files/documents/cases/140730jerknotice.pdf
"Jerk, LLC, d/b/a Jerk.com, In the Matter of",https://www.ftc.gov/system/files/documents/cases/140731jerkanswers.pdf
"Jerk, LLC, d/b/a Jerk.com, In the Matter of",https://www.ftc.gov/system/files/documents/cases/140929jerkmotion.pdf
"Jerk, LLC, d/b/a Jerk.com, In the Matter of",https://www.ftc.gov/system/files/documents/cases/140929jerkstatement.pdf
"Jerk, LLC, d/b/a Jerk.com, In the Matter of",https://www.ftc.gov/system/files/documents/cases/141009jerkorder.pdf
"Jerk, LLC, d/b/a Jerk.com, In the Matter of",https://www.ftc.gov/system/files/documents/cases/141103jerkordercmpt.pdf
"Jerk, LLC, d/b/a Jerk.com, In the Matter of",https://www.ftc.gov/system/files/documents/cases/141104jerkcmpt.pdf
"Jerk, LLC, d/b/a Jerk.com, In the Matter of",https://www.ftc.gov/system/files/documents/cases/141112jerkcmpt.pdf
"Jerk, LLC, d/b/a Jerk.com, In the Matter of",https://www.ftc.gov/system/files/documents/cases/141205jerkmotion.pdf
"Jerk, LLC, d/b/a Jerk.com, In the Matter of",https://www.ftc.gov/system/files/documents/cases/141215jerkcmpt575572.pdf
"Jerk, LLC, d/b/a Jerk.com, In the Matter of",https://www.ftc.gov/system/files/documents/cases/141222jerkcmpt575677.pdf
"Jerk, LLC, d/b/a Jerk.com, In the Matter of",https://www.ftc.gov/system/files/documents/cases/141222jerkcmpt575710.pdf
"Jerk, LLC, d/b/a Jerk.com, In the Matter of",https://www.ftc.gov/system/files/documents/cases/141222jerkorder.pdf
"Jerk, LLC, d/b/a Jerk.com, In the Matter of",https://www.ftc.gov/system/files/documents/cases/141223jerkcmpt575695.pdf
"Jerk, LLC, d/b/a Jerk.com, In the Matter of",https://www.ftc.gov/system/files/documents/cases/141223jerkcmpt575726.pdf
"Jerk, LLC, d/b/a Jerk.com, In the Matter of",https://www.ftc.gov/system/files/documents/cases/141229jerkcmpt575745.pdf
"Jerk, LLC, d/b/a Jerk.com, In the Matter of",https://www.ftc.gov/system/files/documents/cases/141230jerkcmpt575749.pdf
"Jerk, LLC, d/b/a Jerk.com, In the Matter of",https://www.ftc.gov/system/files/documents/cases/141230jerkcmpt575750.pdf
"Jerk, LLC, d/b/a Jerk.com, In the Matter of",https://www.ftc.gov/system/files/documents/cases/141230jerkcmpt575756.pdf
"Jerk, LLC, d/b/a Jerk.com, In the Matter of",https://www.ftc.gov/system/files/documents/cases/141230jerkcmpt575758.pdf
"Jerk, LLC, d/b/a Jerk.com, In the Matter of",https://www.ftc.gov/system/files/documents/cases/150105jerkcmpt575777.pdf
"Jerk, LLC, d/b/a Jerk.com, In the Matter of",https://www.ftc.gov/system/files/documents/cases/150106jerkcmpt575778.pdf
"Jerk, LLC, d/b/a Jerk.com, In the Matter of",https://www.ftc.gov/system/files/documents/cases/150106jerkcmpt575780.pdf
"Jerk, LLC, d/b/a Jerk.com, In the Matter of",https://www.ftc.gov/system/files/documents/cases/150112jerkordercmpt.pdf
"Jerk, LLC, d/b/a Jerk.com, In the Matter of",https://www.ftc.gov/system/files/documents/cases/150220jerkccrespsanctions.pdf
"Jerk, LLC, d/b/a Jerk.com, In the Matter of",https://www.ftc.gov/system/files/documents/cases/150220jerkrespccadmit.pdf
"Jerk, LLC, d/b/a Jerk.com, In the Matter of",https://www.ftc.gov/system/files/documents/cases/150220jerkrespccinterrog.pdf
"Jerk, LLC, d/b/a Jerk.com, In the Matter of",https://www.ftc.gov/system/files/documents/cases/150223jerkincameraorder.pdf
"Jerk, LLC, d/b/a Jerk.com, In the Matter of",https://www.ftc.gov/system/files/documents/cases/150325jerkopinion_0.pdf
"Jerk, LLC, d/b/a Jerk.com, In the Matter of",https://www.ftc.gov/system/files/documents/cases/150325jerkorder.pdf
"Jerk, LLC, d/b/a Jerk.com, In the Matter of",https://www.ftc.gov/system/files/documents/cases/150429fanningapplntostay.pdf
"Jerk, LLC, d/b/a Jerk.com, In the Matter of",https://www.ftc.gov/system/files/documents/cases/150506ccopptomtnstay.pdf
"Jerk, LLC, d/b/a Jerk.com, In the Matter of",https://www.ftc.gov/system/files/documents/cases/150528jerkdenystayorder.pdf
"Jerk, LLC, d/b/a Jerk.com, In the Matter of",https://www.ftc.gov/system/files/documents/cases/151019fanningbrief.pdf
"Jerk, LLC, d/b/a Jerk.com, In the Matter of",https://www.ftc.gov/system/files/documents/cases/160116jerkccreply.pdf
"Jerk, LLC, d/b/a Jerk.com, In the Matter of",https://www.ftc.gov/system/files/documents/cases/160823jerkorder.pdf
"Jerk, LLC, d/b/a Jerk.com, In the Matter of",https://www.ftc.gov/system/files/documents/cases/160914jerkorder.pdf
"Jerk, LLC, d/b/a Jerk.com, In the Matter of",https://www.ftc.gov/system/files/documents/cases/170321mojohnfanningstayclarification.pdf
"Jerk, LLC, d/b/a Jerk.com, In the Matter of",https://www.ftc.gov/system/files/documents/cases/170322motionrespjohnfanning.pdf
"Jerk, LLC, d/b/a Jerk.com, In the Matter of",https://www.ftc.gov/system/files/documents/cases/170518_d09361ccbriefonremand.pdf
"Jerk, LLC, d/b/a Jerk.com, In the Matter of",https://www.ftc.gov/system/files/documents/cases/180108notice_of_withdrawal_filed_by_peter_carr.pdf
"Jerk, LLC, d/b/a Jerk.com, In the Matter of",https://www.ftc.gov/system/files/documents/cases/20141216jerkcmpt575656.pdf
"Jerk, LLC, d/b/a Jerk.com, In the Matter of",https://www.ftc.gov/system/files/documents/cases/20150105jerkcmpt575776.pdf
"Jerk, LLC, d/b/a Jerk.com, In the Matter of",https://www.ftc.gov/system/files/documents/cases/20150107jerkcmpt575799.pdf
"Jerk, LLC, d/b/a Jerk.com, In the Matter of",https://www.ftc.gov/system/files/documents/cases/20150108jerkcmpt575813.pdf
"Jerk, LLC, d/b/a Jerk.com, In the Matter of",https://www.ftc.gov/system/files/documents/cases/20150108jerkcmpt575828.pdf
"Jerk, LLC, d/b/a Jerk.com, In the Matter of",https://www.ftc.gov/system/files/documents/cases/20150109jerkcmpt575818.pdf
"Jerk, LLC, d/b/a Jerk.com, In the Matter of",https://www.ftc.gov/system/files/documents/cases/20150109jerkcmpt575830.pdf
"Jerk, LLC, d/b/a Jerk.com, In the Matter of",https://www.ftc.gov/system/files/documents/cases/569792.pdf
"Jerk, LLC, d/b/a Jerk.com, In the Matter of",https://www.ftc.gov/system/files/documents/cases/569935.pdf
"Jerk, LLC, d/b/a Jerk.com, In the Matter of",https://www.ftc.gov/system/files/documents/cases/570030_1.pdf
"Jerk, LLC, d/b/a Jerk.com, In the Matter of",https://www.ftc.gov/system/files/documents/cases/570063.pdf
"Jerk, LLC, d/b/a Jerk.com, In the Matter of",https://www.ftc.gov/system/files/documents/cases/570161.pdf
"Jerk, LLC, d/b/a Jerk.com, In the Matter of",https://www.ftc.gov/system/files/documents/cases/570197.pdf
"Jerk, LLC, d/b/a Jerk.com, In the Matter of",https://www.ftc.gov/system/files/documents/cases/570203.pdf
"Jerk, LLC, d/b/a Jerk.com, In the Matter of",https://www.ftc.gov/system/files/documents/cases/570245.pdf
"Jerk, LLC, d/b/a Jerk.com, In the Matter of",https://www.ftc.gov/system/files/documents/cases/570246.pdf
"Jerk, LLC, d/b/a Jerk.com, In the Matter of",https://www.ftc.gov/system/files/documents/cases/570536.pdf
"Jerk, LLC, d/b/a Jerk.com, In the Matter of",https://www.ftc.gov/system/files/documents/cases/570537.pdf
"Jerk, LLC, d/b/a Jerk.com, In the Matter of",https://www.ftc.gov/system/files/documents/cases/570609.pdf
"Jerk, LLC, d/b/a Jerk.com, In the Matter of",https://www.ftc.gov/system/files/documents/cases/571031.pdf
"Jerk, LLC, d/b/a Jerk.com, In the Matter of",https://www.ftc.gov/system/files/documents/cases/571032.pdf
"Jerk, LLC, d/b/a Jerk.com, In the Matter of",https://www.ftc.gov/system/files/documents/cases/571277.pdf
"Jerk, LLC, d/b/a Jerk.com, In the Matter of",https://www.ftc.gov/system/files/documents/cases/571400.pdf
"Jerk, LLC, d/b/a Jerk.com, In the Matter of",https://www.ftc.gov/system/files/documents/cases/571482.pdf
"Jerk, LLC, d/b/a Jerk.com, In the Matter of",https://www.ftc.gov/system/files/documents/cases/572245.pdf
"Jerk, LLC, d/b/a Jerk.com, In the Matter of",https://www.ftc.gov/system/files/documents/cases/572259.pdf
"Jerk, LLC, d/b/a Jerk.com, In the Matter of",https://www.ftc.gov/system/files/documents/cases/572340.pdf
"Jerk, LLC, d/b/a Jerk.com, In the Matter of",https://www.ftc.gov/system/files/documents/cases/572463.pdf
"Jerk, LLC, d/b/a Jerk.com, In the Matter of",https://www.ftc.gov/system/files/documents/cases/575097.pdf
"Jerk, LLC, d/b/a Jerk.com, In the Matter of",https://www.ftc.gov/system/files/documents/cases/575125.pdf
"Jerk, LLC, d/b/a Jerk.com, In the Matter of",https://www.ftc.gov/system/files/documents/cases/575180.pdf
"Jerk, LLC, d/b/a Jerk.com, In the Matter of",https://www.ftc.gov/system/files/documents/cases/575208.pdf
"Jerk, LLC, d/b/a Jerk.com, In the Matter of",https://www.ftc.gov/system/files/documents/cases/575229.pdf
"Jerk, LLC, d/b/a Jerk.com, In the Matter of",https://www.ftc.gov/system/files/documents/cases/575232.pdf
"Jerk, LLC, d/b/a Jerk.com, In the Matter of",https://www.ftc.gov/system/files/documents/cases/575255.pdf
"Jerk, LLC, d/b/a Jerk.com, In the Matter of",https://www.ftc.gov/system/files/documents/cases/575445.pdf
"Jerk, LLC, d/b/a Jerk.com, In the Matter of",https://www.ftc.gov/system/files/documents/cases/575457.pdf
"Jerk, LLC, d/b/a Jerk.com, In the Matter of",https://www.ftc.gov/system/files/documents/cases/575494.pdf
"Jerk, LLC, d/b/a Jerk.com, In the Matter of",https://www.ftc.gov/system/files/documents/cases/575499.pdf
"Jerk, LLC, d/b/a Jerk.com, In the Matter of",https://www.ftc.gov/system/files/documents/cases/575510_1.pdf
"Jerk, LLC, d/b/a Jerk.com, In the Matter of",https://www.ftc.gov/system/files/documents/cases/575528.pdf
"Jerk, LLC, d/b/a Jerk.com, In the Matter of",https://www.ftc.gov/system/files/documents/cases/576216.pdf
"Jerk, LLC, d/b/a Jerk.com, In the Matter of",https://www.ftc.gov/system/files/documents/cases/576278.pdf
"Jerk, LLC, d/b/a Jerk.com, In the Matter of",https://www.ftc.gov/system/files/documents/cases/576349_2.pdf
"Jerk, LLC, d/b/a Jerk.com, In the Matter of",https://www.ftc.gov/system/files/documents/cases/576393.pdf
"Jerk, LLC, d/b/a Jerk.com, In the Matter of",https://www.ftc.gov/system/files/documents/cases/576394.pdf
"Jerk, LLC, d/b/a Jerk.com, In the Matter of",https://www.ftc.gov/system/files/documents/cases/576395.pdf
"Jerk, LLC, d/b/a Jerk.com, In the Matter of",https://www.ftc.gov/system/files/documents/cases/576473.pdf
"Jerk, LLC, d/b/a Jerk.com, In the Matter of",https://www.ftc.gov/system/files/documents/cases/576474.pdf
"Jerk, LLC, d/b/a Jerk.com, In the Matter of",https://www.ftc.gov/system/files/documents/cases/576475.pdf
"Jerk, LLC, d/b/a Jerk.com, In the Matter of",https://www.ftc.gov/system/files/documents/cases/576476.pdf
"Jerk, LLC, d/b/a Jerk.com, In the Matter of",https://www.ftc.gov/system/files/documents/cases/576556.pdf
"Jerk, LLC, d/b/a Jerk.com, In the Matter of",https://www.ftc.gov/system/files/documents/cases/576558.pdf
"Jerk, LLC, d/b/a Jerk.com, In the Matter of",https://www.ftc.gov/system/files/documents/cases/576567.pdf
"Jerk, LLC, d/b/a Jerk.com, In the Matter of",https://www.ftc.gov/system/files/documents/cases/576569.pdf
"Jerk, LLC, d/b/a Jerk.com, In the Matter of",https://www.ftc.gov/system/files/documents/cases/576570.pdf
"Jerk, LLC, d/b/a Jerk.com, In the Matter of",https://www.ftc.gov/system/files/documents/cases/576580.pdf
"Jerk, LLC, d/b/a Jerk.com, In the Matter of",https://www.ftc.gov/system/files/documents/cases/576607.pdf
"Jerk, LLC, d/b/a Jerk.com, In the Matter of",https://www.ftc.gov/system/files/documents/cases/576608.pdf
"Jerk, LLC, d/b/a Jerk.com, In the Matter of",https://www.ftc.gov/system/files/documents/cases/576632.pdf
"Jerk, LLC, d/b/a Jerk.com, In the Matter of",https://www.ftc.gov/system/files/documents/cases/576634.pdf
"Jerk, LLC, d/b/a Jerk.com, In the Matter of",https://www.ftc.gov/system/files/documents/cases/576640.pdf
"Jerk, LLC, d/b/a Jerk.com, In the Matter of",https://www.ftc.gov/system/files/documents/cases/576641.pdf
"Jerk, LLC, d/b/a Jerk.com, In the Matter of",https://www.ftc.gov/system/files/documents/cases/576642.pdf
"Jerk, LLC, d/b/a Jerk.com, In the Matter of",https://www.ftc.gov/system/files/documents/cases/576643.pdf
"Jerk, LLC, d/b/a Jerk.com, In the Matter of",https://www.ftc.gov/system/files/documents/cases/576659.pdf
"Jerk, LLC, d/b/a Jerk.com, In the Matter of",https://www.ftc.gov/system/files/documents/cases/576660.pdf
"Jerk, LLC, d/b/a Jerk.com, In the Matter of",https://www.ftc.gov/system/files/documents/cases/576661.pdf
"Jerk, LLC, d/b/a Jerk.com, In the Matter of",https://www.ftc.gov/system/files/documents/cases/576664.pdf
"Jerk, LLC, d/b/a Jerk.com, In the Matter of",https://www.ftc.gov/system/files/documents/cases/576685.pdf
"Jerk, LLC, d/b/a Jerk.com, In the Matter of",https://www.ftc.gov/system/files/documents/cases/577260.pdf
"Jerk, LLC, d/b/a Jerk.com, In the Matter of",https://www.ftc.gov/system/files/documents/cases/d09361_cc_opp_to_r_jerk_mtn_extend_time_and_resch_hearing_575567.pdf
"Jerk, LLC, d/b/a Jerk.com, In the Matter of",https://www.ftc.gov/system/files/documents/cases/d09361_jerk_john_fanning_order_revising_briefing_schedule_on_remand_04142017.pdf
"Jerk, LLC, d/b/a Jerk.com, In the Matter of",https://www.ftc.gov/system/files/documents/cases/d09361_jerk_john_fanning_order_scheduling_briefing_on_remand_03032017.pdf
"Jerk, LLC, d/b/a Jerk.com, In the Matter of",https://www.ftc.gov/system/files/documents/cases/d09361fanningbriefonremand.pdf
"Jerk, LLC, d/b/a Jerk.com, In the Matter of",https://www.ftc.gov/system/files/documents/cases/d09361order_remand_compliance_monitoring_11-2-17.pdf
"Jerk, LLC, d/b/a Jerk.com, In the Matter of",https://www.ftc.gov/system/files/documents/cases/jerk_-_respondent_john_fannings_amended_and_supplemental_reply_brief_to_complaint.pdf
"Jerk, LLC, d/b/a Jerk.com, In the Matter of",https://www.ftc.gov/system/files/documents/cases/jerk_-_respondent_john_fannings_reply_brief_to_complaint_counsels_response_.pdf
"Jerk, LLC, d/b/a Jerk.com, In the Matter of",https://www.ftc.gov/system/files/documents/cases/respondent_john_fannings_response_and_opposition_to_order_scheduling_briefing_following_remand_-_september_6_2016.pdf
"Jerk, LLC, d/b/a Jerk.com, In the Matter of",https://www.ftc.gov/system/files/documents/cases/volume1.pdf
"Jerk, LLC, d/b/a Jerk.com, In the Matter of",https://www.ftc.gov/system/files/documents/cases/volume10.pdf
"Jerk, LLC, d/b/a Jerk.com, In the Matter of",https://www.ftc.gov/system/files/documents/cases/volume11.pdf
"Jerk, LLC, d/b/a Jerk.com, In the Matter of",https://www.ftc.gov/system/files/documents/cases/volume2.pdf
"Jerk, LLC, d/b/a Jerk.com, In the Matter of",https://www.ftc.gov/system/files/documents/cases/volume3.pdf
"Jerk, LLC, d/b/a Jerk.com, In the Matter of",https://www.ftc.gov/system/files/documents/cases/volume4.pdf
"Jerk, LLC, d/b/a Jerk.com, In the Matter of",https://www.ftc.gov/system/files/documents/cases/volume5.pdf
"Jerk, LLC, d/b/a Jerk.com, In the Matter of",https://www.ftc.gov/system/files/documents/cases/volume6.pdf
"Jerk, LLC, d/b/a Jerk.com, In the Matter of",https://www.ftc.gov/system/files/documents/cases/volume7.pdf
"Jerk, LLC, d/b/a Jerk.com, In the Matter of",https://www.ftc.gov/system/files/documents/cases/volume8.pdf
"Jerk, LLC, d/b/a Jerk.com, In the Matter of",https://www.ftc.gov/system/files/documents/cases/volume9.pdf
"Lenovo, Inc.",https://www.ftc.gov/system/files/documents/cases/1523134_c4636_lenovo_united_states_complaint.pdf
"Lenovo, Inc.",https://www.ftc.gov/system/files/documents/cases/1523134_lenovo_united_states_agreement_and_do.pdf
"Lenovo, Inc.",https://www.ftc.gov/system/files/documents/cases/1523134_lenovo_united_states_analysis.pdf
"Lenovo, Inc.",https://www.ftc.gov/system/files/documents/cases/1523134_lenovo_united_states_complaint.pdf
"Lenovo, Inc.",https://www.ftc.gov/system/files/documents/cases/1523134lenovocomplaintexhibita.pdf
"Lenovo, Inc.",https://www.ftc.gov/system/files/documents/cases/152_3134_c4636_lenovo_united_states_decision_and_order.pdf
"Lenovo, Inc.",https://www.ftc.gov/system/files/documents/cases/152_3134_c4636_lenovo_united_states_letters_to_commenters_0.pdf
"Lenovo, Inc.",https://www.ftc.gov/system/files/documents/cases/152_3134_c4636_lenovocomplaintexhibita.pdf
"Lenovo, Inc.",https://www.ftc.gov/system/files/documents/federal_register_notices/2017/09/lenovo_frn_9-13-17.pdf
"Decusoft, LLC, In the Matter of",https://www.ftc.gov/system/files/documents/cases/1723173_c4630_decusoft_complaint_11-29-17.pdf
"Decusoft, LLC, In the Matter of",https://www.ftc.gov/system/files/documents/cases/1723173_c4630_decusoft_decision_and_order_11-29-17.pdf
"Decusoft, LLC, In the Matter of",https://www.ftc.gov/system/files/documents/cases/1723173_c4630_decusoft_letters_to_commenters_11-29-17.pdf
"Decusoft, LLC, In the Matter of",https://www.ftc.gov/system/files/documents/cases/1723173_decusoft_agreement.pdf
"Decusoft, LLC, In the Matter of",https://www.ftc.gov/system/files/documents/cases/1723173_decusoft_analysis.pdf
"Decusoft, LLC, In the Matter of",https://www.ftc.gov/system/files/documents/cases/1723173_decusoft_complaint.pdf
"Decusoft, LLC, In the Matter of",https://www.ftc.gov/system/files/documents/cases/1723173_decusoft_decision_and_order.pdf
"Decusoft, LLC, In the Matter of",https://www.ftc.gov/system/files/documents/federal_register_notices/2017/09/decusoft_frn_9-15-17.pdf
"Tru Communication, Inc., In the Matter of",https://www.ftc.gov/system/files/documents/cases/1723171_c4628_tru_communication_complaint_11-29-17.pdf
"Tru Communication, Inc., In the Matter of",https://www.ftc.gov/system/files/documents/cases/1723171_c4628_tru_communication_decision_and_order_11-29-17.pdf
"Tru Communication, Inc., In the Matter of",https://www.ftc.gov/system/files/documents/cases/1723171_c4628_tru_communication_letters_to_commenters_11-29-17.pdf
"Tru Communication, Inc., In the Matter of",https://www.ftc.gov/system/files/documents/cases/1723171_tru_communication_agreement.pdf
"Tru Communication, Inc., In the Matter of",https://www.ftc.gov/system/files/documents/cases/1723171_tru_communication_analysis.pdf
"Tru Communication, Inc., In the Matter of",https://www.ftc.gov/system/files/documents/cases/1723171_tru_communication_complaint.pdf
"Tru Communication, Inc., In the Matter of",https://www.ftc.gov/system/files/documents/cases/1723171_tru_communication_decision_and_order.pdf
"Tru Communication, Inc., In the Matter of",https://www.ftc.gov/system/files/documents/federal_register_notices/2017/09/tru_communication_frn_9-15-17.pdf
"Md7, LLC, In the Matter of",https://www.ftc.gov/system/files/documents/cases/1723172_c4629_md7_complaint_11-29-17.pdf
"Md7, LLC, In the Matter of",https://www.ftc.gov/system/files/documents/cases/1723172_c4629_md7_decision_and_order_11-29-17.pdf
"Md7, LLC, In the Matter of",https://www.ftc.gov/system/files/documents/cases/1723172_c4629_md7_letters_to_commenters_11-29-17.pdf
"Md7, LLC, In the Matter of",https://www.ftc.gov/system/files/documents/cases/1723172_md7_agreement.pdf
"Md7, LLC, In the Matter of",https://www.ftc.gov/system/files/documents/cases/1723172_md7_analysis.pdf
"Md7, LLC, In the Matter of",https://www.ftc.gov/system/files/documents/cases/1723172_md7_complaint.pdf
"Md7, LLC, In the Matter of",https://www.ftc.gov/system/files/documents/cases/1723172_md7_decision_and_order.pdf
"Md7, LLC, In the Matter of",https://www.ftc.gov/system/files/documents/federal_register_notices/2017/09/md7_frn_9-15-17.pdf
"TaxSlayer, In the Matter of",https://www.ftc.gov/system/files/documents/cases/1623063_c4626_taxslayer_complaint.pdf
"TaxSlayer, In the Matter of",https://www.ftc.gov/system/files/documents/cases/1623063_c4626_taxslayer_decision_and_order.pdf
"TaxSlayer, In the Matter of",https://www.ftc.gov/system/files/documents/cases/1623063_taxslayer_agreement.pdf
"TaxSlayer, In the Matter of",https://www.ftc.gov/system/files/documents/cases/1623063_taxslayer_analysis.pdf
"TaxSlayer, In the Matter of",https://www.ftc.gov/system/files/documents/cases/1623063_taxslayer_complaint.pdf
"TaxSlayer, In the Matter of",https://www.ftc.gov/system/files/documents/cases/1623063_taxslayer_decision_and_order.pdf
"TaxSlayer, In the Matter of",https://www.ftc.gov/system/files/documents/federal_register_notices/2017/09/taxslayer_llc_frn.pdf
Ashley Madison,https://www.ftc.gov/system/files/documents/cases/161214ashleymadisoncmplt1.pdf
Ashley Madison,https://www.ftc.gov/system/files/documents/cases/161214ashleymadisoncmpltexhs.pdf
Ashley Madison,https://www.ftc.gov/system/files/documents/cases/161214ashleymadisonorder1.pdf
"Infante, Aniello",https://www.ftc.gov/system/files/documents/cases/infante_2017-02-07_enforcement_petition.pdf
"Infante, Aniello",https://www.ftc.gov/system/files/documents/cases/infante_2017-06-17_notice_of_voluntary_dismissal.pdf
"Infante, Aniello",https://www.ftc.gov/system/files/documents/cases/infante_2017-06-22_voluntary_dismissal_granted.pdf
"Turn Inc., In the Matter of",https://www.ftc.gov/system/files/documents/cases/152_3099_c4612_turn_combined_letters_to_commenters.pdf
"Turn Inc., In the Matter of",https://www.ftc.gov/system/files/documents/cases/152_3099_c4612_turn_complaint.pdf
"Turn Inc., In the Matter of",https://www.ftc.gov/system/files/documents/cases/152_3099_c4612_turn_complaint_exhibit_a.pdf
"Turn Inc., In the Matter of",https://www.ftc.gov/system/files/documents/cases/152_3099_c4612_turn_decision_and_order.pdf
"Turn Inc., In the Matter of",https://www.ftc.gov/system/files/documents/cases/161214_turn_agreement.pdf
"Turn Inc., In the Matter of",https://www.ftc.gov/system/files/documents/cases/161214_turn_analysis_of_proposed_consent_order_to_aid_public_comment.pdf
"Turn Inc., In the Matter of",https://www.ftc.gov/system/files/documents/cases/161214_turn_complaint_exhibit_a.pdf
"Turn Inc., In the Matter of",https://www.ftc.gov/system/files/documents/cases/turn_decision_and_order.pdf
"Turn Inc., In the Matter of",https://www.ftc.gov/system/files/documents/cases/turn_inc_final_complaint.pdf
"Upromise, Inc.",https://www.ftc.gov/system/files/documents/cases/upromise_complaint_stamped.pdf
"Upromise, Inc.",https://www.ftc.gov/system/files/documents/cases/upromise_motion_for_entry_of_order_stamped.pdf
"Upromise, Inc.",https://www.ftc.gov/system/files/documents/cases/upromise_order_-_3-23-17.pdf
"VIZIO, INC. and VIZIO Inscape Services, LLC",https://www.ftc.gov/system/files/documents/cases/170206_vizio_2017.02.06_complaint.pdf
"VIZIO, INC. and VIZIO Inscape Services, LLC",https://www.ftc.gov/system/files/documents/cases/170206_vizio_exhibit_a.pdf
"VIZIO, INC. and VIZIO Inscape Services, LLC",https://www.ftc.gov/system/files/documents/cases/170206_vizio_exhibit_b.pdf
"VIZIO, INC. and VIZIO Inscape Services, LLC",https://www.ftc.gov/system/files/documents/cases/170206_vizio_stipulated_proposed_order.pdf
"LabMD, Inc., In the Matter of",https://www.ftc.gov/sites/default/files/documents/cases/131022aljrevisedschedulingorder.pdf
"LabMD, Inc., In the Matter of",https://www.ftc.gov/sites/default/files/documents/cases/131029noaresplabmd.pdf
"LabMD, Inc., In the Matter of",https://www.ftc.gov/sites/default/files/documents/cases/131031noacomplaintcounsel.pdf
"LabMD, Inc., In the Matter of",https://www.ftc.gov/sites/default/files/documents/cases/131105labmdmtn.pdf
"LabMD, Inc., In the Matter of",https://www.ftc.gov/sites/default/files/documents/cases/131112amedcertservicerespondlabmdmoprotector.pdf
"LabMD, Inc., In the Matter of",https://www.ftc.gov/sites/default/files/documents/cases/131112respondlabmdmodiscomplaintdatyadminproceed.pdf
"LabMD, Inc., In the Matter of",https://www.ftc.gov/sites/default/files/documents/cases/131115ccopprespondlabmdmoprotector.pdf
"LabMD, Inc., In the Matter of",https://www.ftc.gov/sites/default/files/documents/cases/131122adminlawjudgeorder.pdf
"LabMD, Inc., In the Matter of",https://www.ftc.gov/sites/default/files/documents/cases/131122ccoppositiontormotiontodismiss.pdf
"LabMD, Inc., In the Matter of",https://www.ftc.gov/sites/default/files/documents/cases/131213labmdnotice.pdf
"LabMD, Inc., In the Matter of",https://www.ftc.gov/sites/default/files/documents/cases/131213labmdorder.pdf
"LabMD, Inc., In the Matter of",https://www.ftc.gov/sites/default/files/documents/cases/131220labmdnoticecmpt.pdf
"LabMD, Inc., In the Matter of",https://www.ftc.gov/sites/default/files/documents/cases/131223labmdmotion.pdf
"LabMD, Inc., In the Matter of",https://www.ftc.gov/sites/default/files/documents/cases/131224labmdcmpt.pdf
"LabMD, Inc., In the Matter of",https://www.ftc.gov/sites/default/files/documents/cases/131227labmdaljorder.pdf
"LabMD, Inc., In the Matter of",https://www.ftc.gov/sites/default/files/documents/cases/131231labmdaljorder.pdf
"LabMD, Inc., In the Matter of",https://www.ftc.gov/sites/default/files/documents/cases/140106labmdmtntoquash.pdf
"LabMD, Inc., In the Matter of",https://www.ftc.gov/sites/default/files/documents/cases/140107labmdoppositionmtn.pdf
"LabMD, Inc., In the Matter of",https://www.ftc.gov/sites/default/files/documents/cases/140108labmdnotice.pdf
"LabMD, Inc., In the Matter of",https://www.ftc.gov/sites/default/files/documents/cases/140109labmdnotice.pdf
"LabMD, Inc., In the Matter of",https://www.ftc.gov/sites/default/files/documents/cases/140110labmdmotioncmpt.pdf
"LabMD, Inc., In the Matter of",https://www.ftc.gov/sites/default/files/documents/cases/140114labmdnotice.pdf
"LabMD, Inc., In the Matter of",https://www.ftc.gov/sites/default/files/documents/cases/140117labmdorder.pdf
"LabMD, Inc., In the Matter of",https://www.ftc.gov/sites/default/files/documents/cases/2013/08/130829labmdlaworder.pdf
"LabMD, Inc., In the Matter of",https://www.ftc.gov/sites/default/files/documents/cases/2013/08/130829labmdpart3.pdf
"LabMD, Inc., In the Matter of",https://www.ftc.gov/sites/default/files/documents/cases/2013/08/130829labmdprotectiveorder.pdf
"LabMD, Inc., In the Matter of",https://www.ftc.gov/sites/default/files/documents/cases/2013/09/110917labmdanswer.pdf
"LabMD, Inc., In the Matter of",https://www.ftc.gov/sites/default/files/documents/cases/2013/09/130909labmdmtn.pdf
"LabMD, Inc., In the Matter of",https://www.ftc.gov/sites/default/files/documents/cases/2013/09/130909labmdnotice.pdf
"LabMD, Inc., In the Matter of",https://www.ftc.gov/sites/default/files/documents/cases/2013/09/130909labmdnoticecmpt.pdf
"LabMD, Inc., In the Matter of",https://www.ftc.gov/sites/default/files/documents/cases/2013/09/130911labmdaljorder.pdf
"LabMD, Inc., In the Matter of",https://www.ftc.gov/sites/default/files/documents/cases/2013/09/130919aljordersetscheduconfer.pdf
"LabMD, Inc., In the Matter of",https://www.ftc.gov/sites/default/files/documents/cases/2013/09/130924aljreschedulingschedulconfer.pdf
"LabMD, Inc., In the Matter of",https://www.ftc.gov/sites/default/files/documents/cases/2013/09/130930labmdorder.pdf
"LabMD, Inc., In the Matter of",https://www.ftc.gov/sites/default/files/documents/cases/567884.pdf
"LabMD, Inc., In the Matter of",https://www.ftc.gov/sites/default/files/documents/cases/d09357_cc_opposition_to_motion_to_disqualify_commissioner_brill_567918.pdf
"LabMD, Inc., In the Matter of",https://www.ftc.gov/sites/default/files/documents/cases/d09357_cc_opposition_to_r_motion_to_stay_proceedings_567607.pdf
"LabMD, Inc., In the Matter of",https://www.ftc.gov/sites/default/files/documents/cases/d09357_forensic_strategy_services_motion_for_protective_order_public_.pdf
"LabMD, Inc., In the Matter of",https://www.ftc.gov/sites/default/files/documents/cases/d09357_forensic_strategy_services_notice_of_appearance_12-09-13_56776.pdf
"LabMD, Inc., In the Matter of",https://www.ftc.gov/sites/default/files/documents/cases/d09357_r_motion_to_disqualify_commissioner_brill_567784.pdf
"LabMD, Inc., In the Matter of",https://www.ftc.gov/sites/default/files/documents/cases/d09357_r_motion_to_quash_and_motion_for_protective_order_regarding_subpo.pdf
"LabMD, Inc., In the Matter of",https://www.ftc.gov/sites/default/files/documents/cases/d09357_r_motion_to_stay_proceedings_pending_review_567522.pdf
"LabMD, Inc., In the Matter of",https://www.ftc.gov/sites/default/files/documents/cases/d09357_r_reply_to_cc_response_in_opposition_to_r_motion_to_dismiss_567574.pdf
"LabMD, Inc., In the Matter of",https://www.ftc.gov/system/files/documents/cases/050416ccmtncorrecttrnscrpt.pdf
"LabMD, Inc., In the Matter of",https://www.ftc.gov/system/files/documents/cases/051314ccoppmtnlimitev.pdf
"LabMD, Inc., In the Matter of",https://www.ftc.gov/system/files/documents/cases/051314ntcappfeldmanboback.pdf
"LabMD, Inc., In the Matter of",https://www.ftc.gov/system/files/documents/cases/051616correcttranscript.pdf
"LabMD, Inc., In the Matter of",https://www.ftc.gov/system/files/documents/cases/051616suppauthority.pdf
"LabMD, Inc., In the Matter of",https://www.ftc.gov/system/files/documents/cases/130925labmdschedorder.pdf
"LabMD, Inc., In the Matter of",https://www.ftc.gov/system/files/documents/cases/140130labmdmotion.pdf
"LabMD, Inc., In the Matter of",https://www.ftc.gov/system/files/documents/cases/140130labmdorder.pdf
"LabMD, Inc., In the Matter of",https://www.ftc.gov/system/files/documents/cases/140210labmdcmptquash.pdf
"LabMD, Inc., In the Matter of",https://www.ftc.gov/system/files/documents/cases/140210labmdmtn.pdf
"LabMD, Inc., In the Matter of",https://www.ftc.gov/system/files/documents/cases/140210labmdopp.pdf
"LabMD, Inc., In the Matter of",https://www.ftc.gov/system/files/documents/cases/140214labmdccmtn.pdf
"LabMD, Inc., In the Matter of",https://www.ftc.gov/system/files/documents/cases/140214labmdnoa.pdf
"LabMD, Inc., In the Matter of",https://www.ftc.gov/system/files/documents/cases/140220labmdorder.pdf
"LabMD, Inc., In the Matter of",https://www.ftc.gov/system/files/documents/cases/140221labmdmotion.pdf
"LabMD, Inc., In the Matter of",https://www.ftc.gov/system/files/documents/cases/140225labmdmotion.pdf
"LabMD, Inc., In the Matter of",https://www.ftc.gov/system/files/documents/cases/140225labmdquashmotion.pdf
"LabMD, Inc., In the Matter of",https://www.ftc.gov/system/files/documents/cases/140226labmdmotion.pdf
"LabMD, Inc., In the Matter of",https://www.ftc.gov/system/files/documents/cases/140227labmdcmpt.pdf
"LabMD, Inc., In the Matter of",https://www.ftc.gov/system/files/documents/cases/140303labmdadmissioncmpt.pdf
"LabMD, Inc., In the Matter of",https://www.ftc.gov/system/files/documents/cases/140303labmdjestescmpt.pdf
"LabMD, Inc., In the Matter of",https://www.ftc.gov/system/files/documents/cases/140304labmdcmpt.pdf
"LabMD, Inc., In the Matter of",https://www.ftc.gov/system/files/documents/cases/140310labmddiscoveryorder.pdf
"LabMD, Inc., In the Matter of",https://www.ftc.gov/system/files/documents/cases/140310labmdprotectiveorder.pdf
"LabMD, Inc., In the Matter of",https://www.ftc.gov/system/files/documents/cases/140312labmdkarinaorder.pdf
"LabMD, Inc., In the Matter of",https://www.ftc.gov/system/files/documents/cases/140325orderexpeditresp.pdf
"LabMD, Inc., In the Matter of",https://www.ftc.gov/system/files/documents/cases/140325respcompelprivlog.pdf
"LabMD, Inc., In the Matter of",https://www.ftc.gov/system/files/documents/cases/140325respdesignwitness.pdf
"LabMD, Inc., In the Matter of",https://www.ftc.gov/system/files/documents/cases/140325respmtnadmitrfa.pdf
"LabMD, Inc., In the Matter of",https://www.ftc.gov/system/files/documents/cases/140325respmtnjestes.pdf
"LabMD, Inc., In the Matter of",https://www.ftc.gov/system/files/documents/cases/140326orderdesign333witness.pdf
"LabMD, Inc., In the Matter of",https://www.ftc.gov/system/files/documents/cases/140326orderexpeditresp.pdf
"LabMD, Inc., In the Matter of",https://www.ftc.gov/system/files/documents/cases/140327ccnoa.pdf
"LabMD, Inc., In the Matter of",https://www.ftc.gov/system/files/documents/cases/140327ccoppdesign333witness.pdf
"LabMD, Inc., In the Matter of",https://www.ftc.gov/system/files/documents/cases/140327ccoppredeposejestes.pdf
"LabMD, Inc., In the Matter of",https://www.ftc.gov/system/files/documents/cases/140328orderjestes.pdf
"LabMD, Inc., In the Matter of",https://www.ftc.gov/system/files/documents/cases/140401ccmtnamendrfa.pdf
"LabMD, Inc., In the Matter of",https://www.ftc.gov/system/files/documents/cases/140401respnoa.pdf
"LabMD, Inc., In the Matter of",https://www.ftc.gov/system/files/documents/cases/140404ccnoa.pdf
"LabMD, Inc., In the Matter of",https://www.ftc.gov/system/files/documents/cases/140404ccoppadmitrfas.pdf
"LabMD, Inc., In the Matter of",https://www.ftc.gov/system/files/documents/cases/140407ccoppcompelprivlog.pdf
"LabMD, Inc., In the Matter of",https://www.ftc.gov/system/files/documents/cases/140410jtmtnexpertdepos.pdf
"LabMD, Inc., In the Matter of",https://www.ftc.gov/system/files/documents/cases/140410labmdprivlogorder.pdf
"LabMD, Inc., In the Matter of",https://www.ftc.gov/system/files/documents/cases/140411labmdoppamendrfas.pdf
"LabMD, Inc., In the Matter of",https://www.ftc.gov/system/files/documents/cases/140411orderextendingexptdepos.pdf
"LabMD, Inc., In the Matter of",https://www.ftc.gov/system/files/documents/cases/140415orderamenddiscoresp.pdf
"LabMD, Inc., In the Matter of",https://www.ftc.gov/system/files/documents/cases/140422labmdccmtn.pdf
"LabMD, Inc., In the Matter of",https://www.ftc.gov/system/files/documents/cases/140422labmdcompel.pdf
"LabMD, Inc., In the Matter of",https://www.ftc.gov/system/files/documents/cases/140423labmdmtnemplexhibits.pdf
"LabMD, Inc., In the Matter of",https://www.ftc.gov/system/files/documents/cases/140423labmdmtnericjohnson.pdf
"LabMD, Inc., In the Matter of",https://www.ftc.gov/system/files/documents/cases/140423labmdmtnsensitivepii.pdf
"LabMD, Inc., In the Matter of",https://www.ftc.gov/system/files/documents/cases/140423labmdmtnvandyke.pdf
"LabMD, Inc., In the Matter of",https://www.ftc.gov/system/files/documents/cases/140423labmdsummarymtn.pdf
"LabMD, Inc., In the Matter of",https://www.ftc.gov/system/files/documents/cases/140429labmdccoppcompel.pdf
"LabMD, Inc., In the Matter of",https://www.ftc.gov/system/files/documents/cases/140429labmdoppdepdir.pdf
"LabMD, Inc., In the Matter of",https://www.ftc.gov/system/files/documents/cases/140429labmdrickkam.pdf
"LabMD, Inc., In the Matter of",https://www.ftc.gov/system/files/documents/cases/140501labmdordercompel.pdf
"LabMD, Inc., In the Matter of",https://www.ftc.gov/system/files/documents/cases/140502mtnlimitexpertrpt.pdf
"LabMD, Inc., In the Matter of",https://www.ftc.gov/system/files/documents/cases/140505labmdcmpt.pdf
"LabMD, Inc., In the Matter of",https://www.ftc.gov/system/files/documents/cases/140505labmdorder.pdf
"LabMD, Inc., In the Matter of",https://www.ftc.gov/system/files/documents/cases/140516orderbenchruling.pdf
"LabMD, Inc., In the Matter of",https://www.ftc.gov/system/files/documents/cases/140516orderdenyingmtnquash.pdf
"LabMD, Inc., In the Matter of",https://www.ftc.gov/system/files/documents/cases/140520jtstipadmitexhibits.pdf
"LabMD, Inc., In the Matter of",https://www.ftc.gov/system/files/documents/cases/140520labmdmotion.pdf
"LabMD, Inc., In the Matter of",https://www.ftc.gov/system/files/documents/cases/140521mtnwdrawingjtstip.pdf
"LabMD, Inc., In the Matter of",https://www.ftc.gov/system/files/documents/cases/140523orderrx529.pdf
"LabMD, Inc., In the Matter of",https://www.ftc.gov/system/files/documents/cases/140527orderictreatmtlabmdemployee.pdf
"LabMD, Inc., In the Matter of",https://www.ftc.gov/system/files/documents/cases/140527respmtndismiss.pdf
"LabMD, Inc., In the Matter of",https://www.ftc.gov/system/files/documents/cases/1407labmd11cirbrief.pdf
"LabMD, Inc., In the Matter of",https://www.ftc.gov/system/files/documents/cases/141001labmdmotion.pdf
"LabMD, Inc., In the Matter of",https://www.ftc.gov/system/files/documents/cases/141009labmdaljorder.pdf
"LabMD, Inc., In the Matter of",https://www.ftc.gov/system/files/documents/cases/141104labmdrespondentmtn.pdf
"LabMD, Inc., In the Matter of",https://www.ftc.gov/system/files/documents/cases/141212labmdmtn.pdf
"LabMD, Inc., In the Matter of",https://www.ftc.gov/system/files/documents/cases/141215labmdccresponse.pdf
"LabMD, Inc., In the Matter of",https://www.ftc.gov/system/files/documents/cases/141223labmdmtn.pdf
"LabMD, Inc., In the Matter of",https://www.ftc.gov/system/files/documents/cases/141229labmdorder.pdf
"LabMD, Inc., In the Matter of",https://www.ftc.gov/system/files/documents/cases/150102labmdcmpt575767.pdf
"LabMD, Inc., In the Matter of",https://www.ftc.gov/system/files/documents/cases/150212orderexhibits_0.pdf
"LabMD, Inc., In the Matter of",https://www.ftc.gov/system/files/documents/cases/150223labmdwallmtncontinue.pdf
"LabMD, Inc., In the Matter of",https://www.ftc.gov/system/files/documents/cases/150227labmdccmtnincamera.pdf
"LabMD, Inc., In the Matter of",https://www.ftc.gov/system/files/documents/cases/150304labmdwallacecontinue.pdf
"LabMD, Inc., In the Matter of",https://www.ftc.gov/system/files/documents/cases/150430labmdccopp.pdf
"LabMD, Inc., In the Matter of",https://www.ftc.gov/system/files/documents/cases/150506labmdccoppmtndismiss.pdf
"LabMD, Inc., In the Matter of",https://www.ftc.gov/system/files/documents/cases/150506labmdmtnstrikedisqualifyopp.pdf
"LabMD, Inc., In the Matter of",https://www.ftc.gov/system/files/documents/cases/150512ccntcrebuttal.pdf
"LabMD, Inc., In the Matter of",https://www.ftc.gov/system/files/documents/cases/150512ccoppstrikedisqual.pdf
"LabMD, Inc., In the Matter of",https://www.ftc.gov/system/files/documents/cases/150512respreplydismiss.pdf
"LabMD, Inc., In the Matter of",https://www.ftc.gov/system/files/documents/cases/150514labmdjointstip.pdf
"LabMD, Inc., In the Matter of",https://www.ftc.gov/system/files/documents/cases/150514labmdwdrawnotice.pdf
"LabMD, Inc., In the Matter of",https://www.ftc.gov/system/files/documents/cases/150515orderbenchrulings.pdf
"LabMD, Inc., In the Matter of",https://www.ftc.gov/system/files/documents/cases/150601reconveneorder.pdf
"LabMD, Inc., In the Matter of",https://www.ftc.gov/system/files/documents/cases/150608mtnadmitrx645.pdf
"LabMD, Inc., In the Matter of",https://www.ftc.gov/system/files/documents/cases/150608mtnadmitrx646.pdf
"LabMD, Inc., In the Matter of",https://www.ftc.gov/system/files/documents/cases/150609orderexpediteresp.pdf
"LabMD, Inc., In the Matter of",https://www.ftc.gov/system/files/documents/cases/150611ccoppmtnadmitrxs.pdf
"LabMD, Inc., In the Matter of",https://www.ftc.gov/system/files/documents/cases/150612labmdmtn.pdf
"LabMD, Inc., In the Matter of",https://www.ftc.gov/system/files/documents/cases/150615labmdramirezorder1.pdf
"LabMD, Inc., In the Matter of",https://www.ftc.gov/system/files/documents/cases/150623orderbenchrulings.pdf
"LabMD, Inc., In the Matter of",https://www.ftc.gov/system/files/documents/cases/150624ccoppadmitexhs2.pdf
"LabMD, Inc., In the Matter of",https://www.ftc.gov/system/files/documents/cases/150715orderadmitexh.pdf
"LabMD, Inc., In the Matter of",https://www.ftc.gov/system/files/documents/cases/150715orderincameraexh.pdf
"LabMD, Inc., In the Matter of",https://www.ftc.gov/system/files/documents/cases/150715orderreferral.pdf
"LabMD, Inc., In the Matter of",https://www.ftc.gov/system/files/documents/cases/150715secondmtndisqualer.pdf
"LabMD, Inc., In the Matter of",https://www.ftc.gov/system/files/documents/cases/150717noticerx660.pdf
"LabMD, Inc., In the Matter of",https://www.ftc.gov/system/files/documents/cases/150723oppmtndisqual2.pdf
"LabMD, Inc., In the Matter of",https://www.ftc.gov/system/files/documents/cases/150724ccoppmtnamend.pdf
"LabMD, Inc., In the Matter of",https://www.ftc.gov/system/files/documents/cases/150814commopinionseconddisqualify.pdf
"LabMD, Inc., In the Matter of",https://www.ftc.gov/system/files/documents/cases/150914labmdmotion.pdf
"LabMD, Inc., In the Matter of",https://www.ftc.gov/system/files/documents/cases/151113labmd_decision.pdf
"LabMD, Inc., In the Matter of",https://www.ftc.gov/system/files/documents/cases/151203mabmdorder.pdf
"LabMD, Inc., In the Matter of",https://www.ftc.gov/system/files/documents/cases/151218labmdorder.pdf
"LabMD, Inc., In the Matter of",https://www.ftc.gov/system/files/documents/cases/160114ccappbrief.pdf
"LabMD, Inc., In the Matter of",https://www.ftc.gov/system/files/documents/cases/160119labmdorder.pdf
"LabMD, Inc., In the Matter of",https://www.ftc.gov/system/files/documents/cases/160204respnoa_0.pdf
"LabMD, Inc., In the Matter of",https://www.ftc.gov/system/files/documents/cases/160204techfreedomnoa_0.pdf
"LabMD, Inc., In the Matter of",https://www.ftc.gov/system/files/documents/cases/160205techfreedomamicus_0.pdf
"LabMD, Inc., In the Matter of",https://www.ftc.gov/system/files/documents/cases/160301oralargslides.pdf
"LabMD, Inc., In the Matter of",https://www.ftc.gov/system/files/documents/cases/160616labmdorder.pdf
"LabMD, Inc., In the Matter of",https://www.ftc.gov/system/files/documents/cases/160729labmd-opinion.pdf
"LabMD, Inc., In the Matter of",https://www.ftc.gov/system/files/documents/cases/160729labmdorder.pdf
"LabMD, Inc., In the Matter of",https://www.ftc.gov/system/files/documents/cases/160806labmdwithdrawmtn_0.pdf
"LabMD, Inc., In the Matter of",https://www.ftc.gov/system/files/documents/cases/160812labmdorderextendtime.pdf
"LabMD, Inc., In the Matter of",https://www.ftc.gov/system/files/documents/cases/160830labmdstayapplication.pdf
"LabMD, Inc., In the Matter of",https://www.ftc.gov/system/files/documents/cases/160909labmd-cmpt.pdf
"LabMD, Inc., In the Matter of",https://www.ftc.gov/system/files/documents/cases/160914labmdorder.pdf
"LabMD, Inc., In the Matter of",https://www.ftc.gov/system/files/documents/cases/160915replyccoppstay.pdf
"LabMD, Inc., In the Matter of",https://www.ftc.gov/system/files/documents/cases/160919ccmtnsurreply_0.pdf
"LabMD, Inc., In the Matter of",https://www.ftc.gov/system/files/documents/cases/160921labmdoppsurreply.pdf
"LabMD, Inc., In the Matter of",https://www.ftc.gov/system/files/documents/cases/160929labmdorder.pdf
"LabMD, Inc., In the Matter of",https://www.ftc.gov/system/files/documents/cases/160929labmdwithdraworder.pdf
"LabMD, Inc., In the Matter of",https://www.ftc.gov/system/files/documents/cases/568701.pdf
"LabMD, Inc., In the Matter of",https://www.ftc.gov/system/files/documents/cases/568702.pdf
"LabMD, Inc., In the Matter of",https://www.ftc.gov/system/files/documents/cases/569672.pdf
"LabMD, Inc., In the Matter of",https://www.ftc.gov/system/files/documents/cases/569720.pdf
"LabMD, Inc., In the Matter of",https://www.ftc.gov/system/files/documents/cases/569721.pdf
"LabMD, Inc., In the Matter of",https://www.ftc.gov/system/files/documents/cases/569723.pdf
"LabMD, Inc., In the Matter of",https://www.ftc.gov/system/files/documents/cases/569773.pdf
"LabMD, Inc., In the Matter of",https://www.ftc.gov/system/files/documents/cases/569775.pdf
"LabMD, Inc., In the Matter of",https://www.ftc.gov/system/files/documents/cases/569776.pdf
"LabMD, Inc., In the Matter of",https://www.ftc.gov/system/files/documents/cases/569816.pdf
"LabMD, Inc., In the Matter of",https://www.ftc.gov/system/files/documents/cases/569900.pdf
"LabMD, Inc., In the Matter of",https://www.ftc.gov/system/files/documents/cases/569902.pdf
"LabMD, Inc., In the Matter of",https://www.ftc.gov/system/files/documents/cases/569903.pdf
"LabMD, Inc., In the Matter of",https://www.ftc.gov/system/files/documents/cases/569904.pdf
"LabMD, Inc., In the Matter of",https://www.ftc.gov/system/files/documents/cases/569930.pdf
"LabMD, Inc., In the Matter of",https://www.ftc.gov/system/files/documents/cases/569969.pdf
"LabMD, Inc., In the Matter of",https://www.ftc.gov/system/files/documents/cases/569971.pdf
"LabMD, Inc., In the Matter of",https://www.ftc.gov/system/files/documents/cases/569972.pdf
"LabMD, Inc., In the Matter of",https://www.ftc.gov/system/files/documents/cases/569989.pdf
"LabMD, Inc., In the Matter of",https://www.ftc.gov/system/files/documents/cases/569991.pdf
"LabMD, Inc., In the Matter of",https://www.ftc.gov/system/files/documents/cases/569997.pdf
"LabMD, Inc., In the Matter of",https://www.ftc.gov/system/files/documents/cases/570280.pdf
"LabMD, Inc., In the Matter of",https://www.ftc.gov/system/files/documents/cases/570399.pdf
"LabMD, Inc., In the Matter of",https://www.ftc.gov/system/files/documents/cases/570498.pdf
"LabMD, Inc., In the Matter of",https://www.ftc.gov/system/files/documents/cases/570524.pdf
"LabMD, Inc., In the Matter of",https://www.ftc.gov/system/files/documents/cases/570732.pdf
"LabMD, Inc., In the Matter of",https://www.ftc.gov/system/files/documents/cases/570736.pdf
"LabMD, Inc., In the Matter of",https://www.ftc.gov/system/files/documents/cases/570807.pdf
"LabMD, Inc., In the Matter of",https://www.ftc.gov/system/files/documents/cases/571111.pdf
"LabMD, Inc., In the Matter of",https://www.ftc.gov/system/files/documents/cases/571114.pdf
"LabMD, Inc., In the Matter of",https://www.ftc.gov/system/files/documents/cases/571276.pdf
"LabMD, Inc., In the Matter of",https://www.ftc.gov/system/files/documents/cases/571373.pdf
"LabMD, Inc., In the Matter of",https://www.ftc.gov/system/files/documents/cases/571451_0.pdf
"LabMD, Inc., In the Matter of",https://www.ftc.gov/system/files/documents/cases/571480.pdf
"LabMD, Inc., In the Matter of",https://www.ftc.gov/system/files/documents/cases/571589.pdf
"LabMD, Inc., In the Matter of",https://www.ftc.gov/system/files/documents/cases/571631.pdf
"LabMD, Inc., In the Matter of",https://www.ftc.gov/system/files/documents/cases/571689.pdf
"LabMD, Inc., In the Matter of",https://www.ftc.gov/system/files/documents/cases/571720.pdf
"LabMD, Inc., In the Matter of",https://www.ftc.gov/system/files/documents/cases/571728.pdf
"LabMD, Inc., In the Matter of",https://www.ftc.gov/system/files/documents/cases/571792.pdf
"LabMD, Inc., In the Matter of",https://www.ftc.gov/system/files/documents/cases/572114.pdf
"LabMD, Inc., In the Matter of",https://www.ftc.gov/system/files/documents/cases/572304_0.pdf
"LabMD, Inc., In the Matter of",https://www.ftc.gov/system/files/documents/cases/572480.pdf
"LabMD, Inc., In the Matter of",https://www.ftc.gov/system/files/documents/cases/572573.pdf
"LabMD, Inc., In the Matter of",https://www.ftc.gov/system/files/documents/cases/575067.pdf
"LabMD, Inc., In the Matter of",https://www.ftc.gov/system/files/documents/cases/575124_2.pdf
"LabMD, Inc., In the Matter of",https://www.ftc.gov/system/files/documents/cases/575175.pdf
"LabMD, Inc., In the Matter of",https://www.ftc.gov/system/files/documents/cases/575478_0.pdf
"LabMD, Inc., In the Matter of",https://www.ftc.gov/system/files/documents/cases/575500.pdf
"LabMD, Inc., In the Matter of",https://www.ftc.gov/system/files/documents/cases/576172.pdf
"LabMD, Inc., In the Matter of",https://www.ftc.gov/system/files/documents/cases/576258.pdf
"LabMD, Inc., In the Matter of",https://www.ftc.gov/system/files/documents/cases/576296.pdf
"LabMD, Inc., In the Matter of",https://www.ftc.gov/system/files/documents/cases/576297.pdf
"LabMD, Inc., In the Matter of",https://www.ftc.gov/system/files/documents/cases/576298.pdf
"LabMD, Inc., In the Matter of",https://www.ftc.gov/system/files/documents/cases/576335.pdf
"LabMD, Inc., In the Matter of",https://www.ftc.gov/system/files/documents/cases/576336.pdf
"LabMD, Inc., In the Matter of",https://www.ftc.gov/system/files/documents/cases/576446_2.pdf
"LabMD, Inc., In the Matter of",https://www.ftc.gov/system/files/documents/cases/576450.pdf
"LabMD, Inc., In the Matter of",https://www.ftc.gov/system/files/documents/cases/576487_2.pdf
"LabMD, Inc., In the Matter of",https://www.ftc.gov/system/files/documents/cases/576547.pdf
"LabMD, Inc., In the Matter of",https://www.ftc.gov/system/files/documents/cases/576652.pdf
"LabMD, Inc., In the Matter of",https://www.ftc.gov/system/files/documents/cases/576653.pdf
"LabMD, Inc., In the Matter of",https://www.ftc.gov/system/files/documents/cases/576814.pdf
"LabMD, Inc., In the Matter of",https://www.ftc.gov/system/files/documents/cases/576955.pdf
"LabMD, Inc., In the Matter of",https://www.ftc.gov/system/files/documents/cases/576961.pdf
"LabMD, Inc., In the Matter of",https://www.ftc.gov/system/files/documents/cases/577079.pdf
"LabMD, Inc., In the Matter of",https://www.ftc.gov/system/files/documents/cases/577099.pdf
"LabMD, Inc., In the Matter of",https://www.ftc.gov/system/files/documents/cases/577104.pdf
"LabMD, Inc., In the Matter of",https://www.ftc.gov/system/files/documents/cases/577114.pdf
"LabMD, Inc., In the Matter of",https://www.ftc.gov/system/files/documents/cases/577173.pdf
"LabMD, Inc., In the Matter of",https://www.ftc.gov/system/files/documents/cases/577196.pdf
"LabMD, Inc., In the Matter of",https://www.ftc.gov/system/files/documents/cases/577201.pdf
"LabMD, Inc., In the Matter of",https://www.ftc.gov/system/files/documents/cases/577210.pdf
"LabMD, Inc., In the Matter of",https://www.ftc.gov/system/files/documents/cases/577230.pdf
"LabMD, Inc., In the Matter of",https://www.ftc.gov/system/files/documents/cases/577285.pdf
"LabMD, Inc., In the Matter of",https://www.ftc.gov/system/files/documents/cases/577286.pdf
"LabMD, Inc., In the Matter of",https://www.ftc.gov/system/files/documents/cases/577287.pdf
"LabMD, Inc., In the Matter of",https://www.ftc.gov/system/files/documents/cases/577305.pdf
"LabMD, Inc., In the Matter of",https://www.ftc.gov/system/files/documents/cases/577475.pdf
"LabMD, Inc., In the Matter of",https://www.ftc.gov/system/files/documents/cases/577523_0.pdf
"LabMD, Inc., In the Matter of",https://www.ftc.gov/system/files/documents/cases/577681.pdf
"LabMD, Inc., In the Matter of",https://www.ftc.gov/system/files/documents/cases/577890.pdf
"LabMD, Inc., In the Matter of",https://www.ftc.gov/system/files/documents/cases/577953.pdf
"LabMD, Inc., In the Matter of",https://www.ftc.gov/system/files/documents/cases/578094.pdf
"LabMD, Inc., In the Matter of",https://www.ftc.gov/system/files/documents/cases/578121.pdf
"LabMD, Inc., In the Matter of",https://www.ftc.gov/system/files/documents/cases/578181.pdf
"LabMD, Inc., In the Matter of",https://www.ftc.gov/system/files/documents/cases/578210.pdf
"LabMD, Inc., In the Matter of",https://www.ftc.gov/system/files/documents/cases/578255.pdf
"LabMD, Inc., In the Matter of",https://www.ftc.gov/system/files/documents/cases/578275.pdf
"LabMD, Inc., In the Matter of",https://www.ftc.gov/system/files/documents/cases/578279.pdf
"LabMD, Inc., In the Matter of",https://www.ftc.gov/system/files/documents/cases/578290.pdf
"LabMD, Inc., In the Matter of",https://www.ftc.gov/system/files/documents/cases/578321.pdf
"LabMD, Inc., In the Matter of",https://www.ftc.gov/system/files/documents/cases/578364.pdf
"LabMD, Inc., In the Matter of",https://www.ftc.gov/system/files/documents/cases/578464.pdf
"LabMD, Inc., In the Matter of",https://www.ftc.gov/system/files/documents/cases/578482.pdf
"LabMD, Inc., In the Matter of",https://www.ftc.gov/system/files/documents/cases/578498.pdf
"LabMD, Inc., In the Matter of",https://www.ftc.gov/system/files/documents/cases/578517.pdf
"LabMD, Inc., In the Matter of",https://www.ftc.gov/system/files/documents/cases/578519.pdf
"LabMD, Inc., In the Matter of",https://www.ftc.gov/system/files/documents/cases/578561.pdf
"LabMD, Inc., In the Matter of",https://www.ftc.gov/system/files/documents/cases/578646.pdf
"LabMD, Inc., In the Matter of",https://www.ftc.gov/system/files/documents/cases/578647.pdf
"LabMD, Inc., In the Matter of",https://www.ftc.gov/system/files/documents/cases/578648.pdf
"LabMD, Inc., In the Matter of",https://www.ftc.gov/system/files/documents/cases/578679.pdf
"LabMD, Inc., In the Matter of",https://www.ftc.gov/system/files/documents/cases/578680.pdf
"LabMD, Inc., In the Matter of",https://www.ftc.gov/system/files/documents/cases/578683.pdf
"LabMD, Inc., In the Matter of",https://www.ftc.gov/system/files/documents/cases/578758.pdf
"LabMD, Inc., In the Matter of",https://www.ftc.gov/system/files/documents/cases/578759.pdf
"LabMD, Inc., In the Matter of",https://www.ftc.gov/system/files/documents/cases/578762.pdf
"LabMD, Inc., In the Matter of",https://www.ftc.gov/system/files/documents/cases/578808.pdf
"LabMD, Inc., In the Matter of",https://www.ftc.gov/system/files/documents/cases/578894_0.pdf
"LabMD, Inc., In the Matter of",https://www.ftc.gov/system/files/documents/cases/578895_0.pdf
"LabMD, Inc., In the Matter of",https://www.ftc.gov/system/files/documents/cases/578913.pdf
"LabMD, Inc., In the Matter of",https://www.ftc.gov/system/files/documents/cases/578914.pdf
"LabMD, Inc., In the Matter of",https://www.ftc.gov/system/files/documents/cases/578978_2.pdf
"LabMD, Inc., In the Matter of",https://www.ftc.gov/system/files/documents/cases/578979.pdf
"LabMD, Inc., In the Matter of",https://www.ftc.gov/system/files/documents/cases/578993.pdf
"LabMD, Inc., In the Matter of",https://www.ftc.gov/system/files/documents/cases/578994.pdf
"LabMD, Inc., In the Matter of",https://www.ftc.gov/system/files/documents/cases/578995.pdf
"LabMD, Inc., In the Matter of",https://www.ftc.gov/system/files/documents/cases/578996.pdf
"LabMD, Inc., In the Matter of",https://www.ftc.gov/system/files/documents/cases/579020-_respondent_labmd_inc_9-4-15.pdf
"LabMD, Inc., In the Matter of",https://www.ftc.gov/system/files/documents/cases/580032_-_labmd_-_complaint_counsels_notice_of_appeal.pdf
"LabMD, Inc., In the Matter of",https://www.ftc.gov/system/files/documents/cases/580033_-_labmd_joint_motion_to_extend_deadlines_for_complaint_11-24-15.pdf
"LabMD, Inc., In the Matter of",https://www.ftc.gov/system/files/documents/cases/580091-respondent_labmd_inc.s_notice_of_conditional_cross-appeal_12-01-15.pdf
"LabMD, Inc., In the Matter of",https://www.ftc.gov/system/files/documents/cases/580214_labmd_notice_of_withdrawal_of_counsel.pdf
"LabMD, Inc., In the Matter of",https://www.ftc.gov/system/files/documents/cases/580928.pdf
"LabMD, Inc., In the Matter of",https://www.ftc.gov/system/files/documents/cases/581003.pdf
"LabMD, Inc., In the Matter of",https://www.ftc.gov/system/files/documents/cases/582014labmdorder.pdf
"LabMD, Inc., In the Matter of",https://www.ftc.gov/system/files/documents/cases/583637.pdf
"LabMD, Inc., In the Matter of",https://www.ftc.gov/system/files/documents/cases/583645.pdf
"LabMD, Inc., In the Matter of",https://www.ftc.gov/system/files/documents/cases/complaint_counsels_appeal_brief_-_labmd_580407.pdf
"LabMD, Inc., In the Matter of",https://www.ftc.gov/system/files/documents/cases/lab_md_motion_to_enforce_limits_on_appeal_briefing_pursuant_to_rule_3.52580184.pdf
"LabMD, Inc., In the Matter of",https://www.ftc.gov/system/files/documents/cases/lab_md_notice_of_change_of_address.pdf
"LabMD, Inc., In the Matter of",https://www.ftc.gov/system/files/documents/cases/labmd-_580320-_complaints_counsel.pdf
"LabMD, Inc., In the Matter of",https://www.ftc.gov/system/files/documents/cases/labmd-supplemental_material_584094.pdf
"LabMD, Inc., In the Matter of",https://www.ftc.gov/system/files/documents/cases/labmd_complaint_counsels_reply_brief_to_respondents_answering_brief.pdf
"LabMD, Inc., In the Matter of",https://www.ftc.gov/system/files/documents/cases/respondent_labmd_incs_consolidated_corrected_answering_brief_filed_pursuant_to_request_of_the_commission_581182.pdf
"LabMD, Inc., In the Matter of",https://www.ftc.gov/system/files/documents/cases/respondent_labmd_incs_corrected_answering_brief.pdf
"LabMD, Inc., In the Matter of",https://www.ftc.gov/system/files/documents/cases/respondent_labmd_incs_record_filing_of_email_transmissions_regarding_complaint_counsels_administrative_appeal_between_counsel_for_the_parties_and_fe_2.pdf
"LabMD, Inc., In the Matter of",https://www.ftc.gov/system/files?file=documents/public_statements/755801/150814labmdstatement.pdf
"Practice Fusion, Inc., In the Matter of",https://www.ftc.gov/system/files/documents/cases/160608practicefusionagree.pdf
"Practice Fusion, Inc., In the Matter of",https://www.ftc.gov/system/files/documents/cases/160608practicefusionanalysis.pdf
"Practice Fusion, Inc., In the Matter of",https://www.ftc.gov/system/files/documents/cases/160608practicefusioncmpt.pdf
"Practice Fusion, Inc., In the Matter of",https://www.ftc.gov/system/files/documents/cases/160816practicefusioncmpt.pdf
"Practice Fusion, Inc., In the Matter of",https://www.ftc.gov/system/files/documents/cases/160816practicefusiondo.pdf
"Practice Fusion, Inc., In the Matter of",https://www.ftc.gov/system/files/documents/cases/160816practicefusionletter.pdf
"Very Incognito Technologies, In the Matter of",https://www.ftc.gov/system/files/documents/cases/160504vipvapeagree.pdf
"Very Incognito Technologies, In the Matter of",https://www.ftc.gov/system/files/documents/cases/160504vipvapeanalysis.pdf
"Very Incognito Technologies, In the Matter of",https://www.ftc.gov/system/files/documents/cases/160504vipvapecmpt.pdf
"Very Incognito Technologies, In the Matter of",https://www.ftc.gov/system/files/documents/cases/160504vipvapedo.pdf
"Very Incognito Technologies, In the Matter of",https://www.ftc.gov/system/files/documents/cases/160629vipvapecmpt.pdf
"Very Incognito Technologies, In the Matter of",https://www.ftc.gov/system/files/documents/cases/160629vipvapedo.pdf
"Very Incognito Technologies, In the Matter of",https://www.ftc.gov/system/files/documents/federal_register_notices/2016/08/very_incognito_frn_080516.pdf
"ASUSTeK Computer Inc., In the Matter of",https://www.ftc.gov/system/files/documents/cases/160222asusagree.pdf
"ASUSTeK Computer Inc., In the Matter of",https://www.ftc.gov/system/files/documents/cases/160222asuscmpt.pdf
"ASUSTeK Computer Inc., In the Matter of",https://www.ftc.gov/system/files/documents/cases/160222asuscmptexha-h.pdf
"ASUSTeK Computer Inc., In the Matter of",https://www.ftc.gov/system/files/documents/cases/160223asusanalysis.pdf
"ASUSTeK Computer Inc., In the Matter of",https://www.ftc.gov/system/files/documents/cases/1607asustek_letters.pdf
"ASUSTeK Computer Inc., In the Matter of",https://www.ftc.gov/system/files/documents/cases/1607asustekcmpt.pdf
"ASUSTeK Computer Inc., In the Matter of",https://www.ftc.gov/system/files/documents/cases/1607asustekdo.pdf
"ASUSTeK Computer Inc., In the Matter of",https://www.ftc.gov/system/files/documents/cases/1607asustekexhibitsa-h.pdf
InMobi Pte Ltd.,https://www.ftc.gov/system/files/documents/cases/160622inmobiappendix-a.pdf
InMobi Pte Ltd.,https://www.ftc.gov/system/files/documents/cases/160622inmobicmpt.pdf
InMobi Pte Ltd.,https://www.ftc.gov/system/files/documents/cases/160622inmobimotion.pdf
InMobi Pte Ltd.,https://www.ftc.gov/system/files/documents/cases/160622inmobistip.pdf
"Tracers Information Specialists, Inc.",https://www.ftc.gov/system/files/documents/cases/tracer_2016-02-12_enforcement_petition.pdf
"Tracers Information Specialists, Inc.",https://www.ftc.gov/system/files/documents/cases/tracer_2016-02-26_order_to_show_cause.pdf
"Tracers Information Specialists, Inc.",https://www.ftc.gov/system/files/documents/cases/tracer_2016-06-10_order.pdf
"Henry Schein Practice Solutions, Inc., In the Matter of",https://www.ftc.gov/system/files/documents/cases/160105scheinagreeorder.pdf
"Henry Schein Practice Solutions, Inc., In the Matter of",https://www.ftc.gov/system/files/documents/cases/160105scheinanalysis.pdf
"Henry Schein Practice Solutions, Inc., In the Matter of",https://www.ftc.gov/system/files/documents/cases/160105scheincmpt.pdf
"Henry Schein Practice Solutions, Inc., In the Matter of",https://www.ftc.gov/system/files/documents/cases/160523hspscmpt.pdf
"Henry Schein Practice Solutions, Inc., In the Matter of",https://www.ftc.gov/system/files/documents/cases/160523hspsdo.pdf
"Henry Schein Practice Solutions, Inc., In the Matter of",https://www.ftc.gov/system/files/documents/cases/160523hspsltrscommenters.pdf
Credit Protection Association,https://www.ftc.gov/system/files/documents/cases/160509cpacmpt.pdf
Credit Protection Association,https://www.ftc.gov/system/files/documents/cases/160509cpaorder.pdf
General LLC & Media LLC,https://www.ftc.gov/system/files/documents/cases/general_2016-03-09_enforcement_petition.pdf
General LLC & Media LLC,https://www.ftc.gov/system/files/documents/cases/general_2016-03-11_order_to_show_cause.pdf
General LLC & Media LLC,https://www.ftc.gov/system/files/documents/cases/general_2016-05-03_order.pdf
"Oracle Corporation, In the Matter of",https://www.ftc.gov/system/files/documents/cases/151221oracleanalysis.pdf
"Oracle Corporation, In the Matter of",https://www.ftc.gov/system/files/documents/cases/151221oraclecmpt.pdf
"Oracle Corporation, In the Matter of",https://www.ftc.gov/system/files/documents/cases/151221oracleexhibitsa-d.pdf
"Oracle Corporation, In the Matter of",https://www.ftc.gov/system/files/documents/cases/151221oracleorder.pdf
"Oracle Corporation, In the Matter of",https://www.ftc.gov/system/files/documents/cases/160329oracleattachment-a.pdf
"Oracle Corporation, In the Matter of",https://www.ftc.gov/system/files/documents/cases/160329oraclecmpt.pdf
"Oracle Corporation, In the Matter of",https://www.ftc.gov/system/files/documents/cases/160329oracledo.pdf
"Oracle Corporation, In the Matter of",https://www.ftc.gov/system/files/documents/cases/160329oracleexhibitsa-d.pdf
"Oracle Corporation, In the Matter of",https://www.ftc.gov/system/files/documents/cases/160329oracleltrstocommenters.pdf
"Sitesearch Corporation, Doing Business As LeapLab",https://www.ftc.gov/system/files/documents/cases/141223leaplabcmpt.pdf
"Sitesearch Corporation, Doing Business As LeapLab",https://www.ftc.gov/system/files/documents/cases/160218leaplabayersorder_0.pdf
"Sitesearch Corporation, Doing Business As LeapLab",https://www.ftc.gov/system/files/documents/cases/160218leaplableadscoorder.pdf
"Sitesearch Corporation, Doing Business As LeapLab",https://www.ftc.gov/system/files/documents/cases/160218leaplaborder_0.pdf
"Sitesearch Corporation, Doing Business As LeapLab",https://www.ftc.gov/system/files/documents/cases/160218leaplabsitesearch.pdf
"Craig Brittain, In the Matter of",https://www.ftc.gov/system/files/documents/cases/150129craigbrittainagree.pdf
"Craig Brittain, In the Matter of",https://www.ftc.gov/system/files/documents/cases/150129craigbrittainanalysis.pdf
"Craig Brittain, In the Matter of",https://www.ftc.gov/system/files/documents/cases/150129craigbrittaincmpt.pdf
"Craig Brittain, In the Matter of",https://www.ftc.gov/system/files/documents/cases/160108craigbrittaincmpt.pdf
"Craig Brittain, In the Matter of",https://www.ftc.gov/system/files/documents/cases/160108craigbrittaindo.pdf
"Craig Brittain, In the Matter of",https://www.ftc.gov/system/files/documents/cases/160108craigbrittainletter.pdf
"Craig Brittain, In the Matter of",https://www.ftc.gov/system/files?file=documents/federal_register_notices/2015/02/150206craigbrittainfrn.pdf
Retro Dreamer,https://www.ftc.gov/system/files/documents/cases/151217retrodreamercmpt.pdf
Retro Dreamer,https://www.ftc.gov/system/files/documents/cases/151217retrodreamerstip.pdf
"LAI Systems, LLC",https://www.ftc.gov/system/files/documents/cases/151217laicmpt.pdf
"LAI Systems, LLC",https://www.ftc.gov/system/files/documents/cases/151217laistip.pdf
Wyndham Worldwide Corporation,https://www.ftc.gov/sites/default/files/documents/cases/2012/06/120626wyndamhotelscmpt.pdf
Wyndham Worldwide Corporation,https://www.ftc.gov/sites/default/files/documents/cases/2012/08/120809wyndhamcmpt.pdf
Wyndham Worldwide Corporation,https://www.ftc.gov/system/files/documents/cases/140407wyndhamdismissalorder.pdf
Wyndham Worldwide Corporation,https://www.ftc.gov/system/files/documents/cases/140407wyndhamopinion.pdf
Wyndham Worldwide Corporation,https://www.ftc.gov/system/files/documents/cases/141105wyndham_3cir_ftcbrief.pdf
Wyndham Worldwide Corporation,https://www.ftc.gov/system/files/documents/cases/150327wyndhamsuppbrief.pdf
Wyndham Worldwide Corporation,https://www.ftc.gov/system/files/documents/cases/150824wyndhamopinion.pdf
Wyndham Worldwide Corporation,https://www.ftc.gov/system/files/documents/cases/151209wyndhamappendix-a-stip.pdf
Wyndham Worldwide Corporation,https://www.ftc.gov/system/files/documents/cases/151209wyndhamappendix-b-stip.pdf
Wyndham Worldwide Corporation,https://www.ftc.gov/system/files/documents/cases/151209wyndhamstipulated.pdf
Wyndham Worldwide Corporation,https://www.ftc.gov/system/files/documents/cases/151211wyndhamstip.pdf
Sprint Corporation (Sprint ASL Program),https://www.ftc.gov/system/files/documents/cases/151021sprintcmpt.pdf
Sprint Corporation (Sprint ASL Program),https://www.ftc.gov/system/files/documents/cases/151021sprintexhibit1.pdf
Sprint Corporation (Sprint ASL Program),https://www.ftc.gov/system/files/documents/cases/151021sprintexhibit2.pdf
Sprint Corporation (Sprint ASL Program),https://www.ftc.gov/system/files/documents/cases/151021sprintstip.pdf
"Jhayrmaine Daniels (California Skate Line), In the Matter of",https://www.ftc.gov/system/files/documents/cases/150813californiaskatelineanalysis.pdf
"Jhayrmaine Daniels (California Skate Line), In the Matter of",https://www.ftc.gov/system/files/documents/cases/150813californiaskatelinecmpt.pdf
"Jhayrmaine Daniels (California Skate Line), In the Matter of",https://www.ftc.gov/system/files/documents/cases/150813californiaskatelineorder.pdf
"Jhayrmaine Daniels (California Skate Line), In the Matter of",https://www.ftc.gov/system/files/documents/cases/151009californiaskatecmpt.pdf
"Jhayrmaine Daniels (California Skate Line), In the Matter of",https://www.ftc.gov/system/files/documents/cases/151009californiaskatedo.pdf
"Dale Jarrett Racing Adventure, Inc., In the Matter of",https://www.ftc.gov/system/files/documents/cases/150813dalejarrettracinganalysis.pdf
"Dale Jarrett Racing Adventure, Inc., In the Matter of",https://www.ftc.gov/system/files/documents/cases/150813dalejarrettracingcmpt.pdf
"Dale Jarrett Racing Adventure, Inc., In the Matter of",https://www.ftc.gov/system/files/documents/cases/150813dalejarrettracingorder.pdf
"Dale Jarrett Racing Adventure, Inc., In the Matter of",https://www.ftc.gov/system/files/documents/cases/151009dalejarrettcmpt.pdf
"Dale Jarrett Racing Adventure, Inc., In the Matter of",https://www.ftc.gov/system/files/documents/cases/151009dalejarrettdo.pdf
"Golf Connect, LLC, In the Matter of",https://www.ftc.gov/system/files/documents/cases/150813golfconnectanalysis.pdf
"Golf Connect, LLC, In the Matter of",https://www.ftc.gov/system/files/documents/cases/150813golfconnectcmpt.pdf
"Golf Connect, LLC, In the Matter of",https://www.ftc.gov/system/files/documents/cases/150813golfconnectorder.pdf
"Golf Connect, LLC, In the Matter of",https://www.ftc.gov/system/files/documents/cases/151009golfconnectcmpt.pdf
"Golf Connect, LLC, In the Matter of",https://www.ftc.gov/system/files/documents/cases/151009golfconnectdo.pdf
"Inbox Group, LLC, In the Matter of",https://www.ftc.gov/system/files/documents/cases/150813inboxgroupanalysis.pdf
"Inbox Group, LLC, In the Matter of",https://www.ftc.gov/system/files/documents/cases/150813inboxgroupcmpt.pdf
"Inbox Group, LLC, In the Matter of",https://www.ftc.gov/system/files/documents/cases/150813inboxgrouporder.pdf
"Inbox Group, LLC, In the Matter of",https://www.ftc.gov/system/files/documents/cases/151009inboxgroupcmpt.pdf
"Inbox Group, LLC, In the Matter of",https://www.ftc.gov/system/files/documents/cases/151009inboxgroupdo.pdf
"IOActive, Inc., In the Matter of",https://www.ftc.gov/system/files/documents/cases/150813ioactiveanalysis.pdf
"IOActive, Inc., In the Matter of",https://www.ftc.gov/system/files/documents/cases/150813ioactivecmpt.pdf
"IOActive, Inc., In the Matter of",https://www.ftc.gov/system/files/documents/cases/150813ioactiveorder.pdf
"IOActive, Inc., In the Matter of",https://www.ftc.gov/system/files/documents/cases/151009ioactivecmpt.pdf
"IOActive, Inc., In the Matter of",https://www.ftc.gov/system/files/documents/cases/151009ioactivedo.pdf
"Jubilant Clinsys, Inc., In the Matter of",https://www.ftc.gov/system/files/documents/cases/150813jubilantanalysis.pdf
"Jubilant Clinsys, Inc., In the Matter of",https://www.ftc.gov/system/files/documents/cases/150813jubilantcmpt.pdf
"Jubilant Clinsys, Inc., In the Matter of",https://www.ftc.gov/system/files/documents/cases/150813jubilantorder.pdf
"Jubilant Clinsys, Inc., In the Matter of",https://www.ftc.gov/system/files/documents/cases/151009jubilantcmpt.pdf
"Jubilant Clinsys, Inc., In the Matter of",https://www.ftc.gov/system/files/documents/cases/151009jubilantdo.pdf
"Just Bagels Manufacturing, Inc., In the Matter of",https://www.ftc.gov/system/files/documents/cases/150813justbagelsanalysis.pdf
"Just Bagels Manufacturing, Inc., In the Matter of",https://www.ftc.gov/system/files/documents/cases/150813justbagelscmpt.pdf
"Just Bagels Manufacturing, Inc., In the Matter of",https://www.ftc.gov/system/files/documents/cases/150813justbagelsorder.pdf
"Just Bagels Manufacturing, Inc., In the Matter of",https://www.ftc.gov/system/files/documents/cases/151009justbagelscmpt.pdf
"Just Bagels Manufacturing, Inc., In the Matter of",https://www.ftc.gov/system/files/documents/cases/151009justbagelsdo.pdf
"NAICS Association, LLC, In the Matter of",https://www.ftc.gov/system/files/documents/cases/150813naicsanalysis.pdf
"NAICS Association, LLC, In the Matter of",https://www.ftc.gov/system/files/documents/cases/150813naicscmpt.pdf
"NAICS Association, LLC, In the Matter of",https://www.ftc.gov/system/files/documents/cases/150813naicsorder.pdf
"NAICS Association, LLC, In the Matter of",https://www.ftc.gov/system/files/documents/cases/151009naicscmpt.pdf
"NAICS Association, LLC, In the Matter of",https://www.ftc.gov/system/files/documents/cases/151009naicsdo.pdf
"One Industries Corp., In the Matter of",https://www.ftc.gov/system/files/documents/cases/150813oneindustriesanalysis.pdf
"One Industries Corp., In the Matter of",https://www.ftc.gov/system/files/documents/cases/150813oneindustriescmpt.pdf
"One Industries Corp., In the Matter of",https://www.ftc.gov/system/files/documents/cases/150813oneindustriesorder.pdf
"One Industries Corp., In the Matter of",https://www.ftc.gov/system/files/documents/cases/151009oneindustriescmpt.pdf
"One Industries Corp., In the Matter of",https://www.ftc.gov/system/files/documents/cases/151009oneindustriesdo.pdf
"Pinger, Inc., In the Matter of",https://www.ftc.gov/system/files/documents/cases/150813pingeranalysis.pdf
"Pinger, Inc., In the Matter of",https://www.ftc.gov/system/files/documents/cases/150813pingercmpt.pdf
"Pinger, Inc., In the Matter of",https://www.ftc.gov/system/files/documents/cases/150813pingerorder.pdf
"Pinger, Inc., In the Matter of",https://www.ftc.gov/system/files/documents/cases/151009pingercmpt.pdf
"Pinger, Inc., In the Matter of",https://www.ftc.gov/system/files/documents/cases/151009pingerdo.pdf
"SteriMed Medical Waste Solutions, In the Matter of",https://www.ftc.gov/system/files/documents/cases/150813sterimedanalysis.pdf
"SteriMed Medical Waste Solutions, In the Matter of",https://www.ftc.gov/system/files/documents/cases/150813sterimedcmpt.pdf
"SteriMed Medical Waste Solutions, In the Matter of",https://www.ftc.gov/system/files/documents/cases/150813sterimedorder.pdf
"SteriMed Medical Waste Solutions, In the Matter of",https://www.ftc.gov/system/files/documents/cases/151009sterimedcmpt.pdf
"SteriMed Medical Waste Solutions, In the Matter of",https://www.ftc.gov/system/files/documents/cases/151009sterimeddo.pdf
"Contract Logix, LLC, In the Matter of",https://www.ftc.gov/system/files/documents/cases/150813contractlogixanalysis.pdf
"Contract Logix, LLC, In the Matter of",https://www.ftc.gov/system/files/documents/cases/150813contractlogixcmpt.pdf
"Contract Logix, LLC, In the Matter of",https://www.ftc.gov/system/files/documents/cases/150813contractlogixorder.pdf
"Contract Logix, LLC, In the Matter of",https://www.ftc.gov/system/files/documents/cases/151009contractlogixcmpt.pdf
"Contract Logix, LLC, In the Matter of",https://www.ftc.gov/system/files/documents/cases/151009contractlogixdo.pdf
"Forensics Consulting Solutions, LLC, In the Matter of",https://www.ftc.gov/system/files/documents/cases/150813forensicsanalysis.pdf
"Forensics Consulting Solutions, LLC, In the Matter of",https://www.ftc.gov/system/files/documents/cases/150813forensicscmpt.pdf
"Forensics Consulting Solutions, LLC, In the Matter of",https://www.ftc.gov/system/files/documents/cases/150813forensicsorder.pdf
"Forensics Consulting Solutions, LLC, In the Matter of",https://www.ftc.gov/system/files/documents/cases/151009forensicconsultingcmpt.pdf
"Forensics Consulting Solutions, LLC, In the Matter of",https://www.ftc.gov/system/files/documents/cases/151009forensicconsultingdo.pdf
"Tricolor Auto Acceptance, LLC",https://www.ftc.gov/system/files/documents/cases/150916tricolorcmpt.pdf
"Tricolor Auto Acceptance, LLC",https://www.ftc.gov/system/files/documents/cases/150916tricolororder-a.pdf
"Tricolor Auto Acceptance, LLC",https://www.ftc.gov/system/files/documents/cases/150916tricolororder-b.pdf
"Tricolor Auto Acceptance, LLC",https://www.ftc.gov/system/files/documents/cases/150916tricolorstip.pdf
"Tricolor Auto Acceptance, LLC",https://www.ftc.gov/system/files/documents/cases/150917tricolorstipo.pdf
"Nomi Technologies, Inc., In the Matter of",https://www.ftc.gov/system/files/documents/cases/150423nomianalysis.pdf
"Nomi Technologies, Inc., In the Matter of",https://www.ftc.gov/system/files/documents/cases/150423nomicmpt.pdf
"Nomi Technologies, Inc., In the Matter of",https://www.ftc.gov/system/files/documents/cases/150423nomiexhibits.pdf
"Nomi Technologies, Inc., In the Matter of",https://www.ftc.gov/system/files/documents/cases/150423nomiorder.pdf
"Nomi Technologies, Inc., In the Matter of",https://www.ftc.gov/system/files/documents/cases/150501nomifrn.pdf
"Nomi Technologies, Inc., In the Matter of",https://www.ftc.gov/system/files/documents/cases/150902nomitechcmpt.pdf
"Nomi Technologies, Inc., In the Matter of",https://www.ftc.gov/system/files/documents/cases/150902nomitechcommentersletter_0.pdf
"Nomi Technologies, Inc., In the Matter of",https://www.ftc.gov/system/files/documents/cases/150902nomitechdo.pdf
"Nomi Technologies, Inc., In the Matter of",https://www.ftc.gov/system/files/documents/cases/150902nomitechexhibitsa-c.pdf
"TES Franchising, LLC, In the Matter of",https://www.ftc.gov/system/files/documents/cases/150402tesanalysis.pdf
"TES Franchising, LLC, In the Matter of",https://www.ftc.gov/system/files/documents/cases/150402tescmpt.pdf
"TES Franchising, LLC, In the Matter of",https://www.ftc.gov/system/files/documents/cases/150402tesorder.pdf
"TES Franchising, LLC, In the Matter of",https://www.ftc.gov/system/files/documents/cases/150413tesfrn.pdf
"TES Franchising, LLC, In the Matter of",https://www.ftc.gov/system/files/documents/cases/150529tescmpt.pdf
"TES Franchising, LLC, In the Matter of",https://www.ftc.gov/system/files/documents/cases/150529tesdo.pdf
"American International Mailing, Inc., In the Matter of",https://www.ftc.gov/system/files/documents/cases/150402americanintanalysis.pdf
"American International Mailing, Inc., In the Matter of",https://www.ftc.gov/system/files/documents/cases/150402americanintcmpt.pdf
"American International Mailing, Inc., In the Matter of",https://www.ftc.gov/system/files/documents/cases/150402americanintorder.pdf
"American International Mailing, Inc., In the Matter of",https://www.ftc.gov/system/files/documents/cases/150529aimcmpt.pdf
"American International Mailing, Inc., In the Matter of",https://www.ftc.gov/system/files/documents/cases/150529aimdo.pdf
"Bayview Solutions, LLC",https://www.ftc.gov/system/files/documents/cases/111014bayviewcmp.pdf
"Bayview Solutions, LLC",https://www.ftc.gov/system/files/documents/cases/111014bayvieworder.pdf
"Bayview Solutions, LLC",https://www.ftc.gov/system/files/documents/cases/150413bayvieworder.pdf
"Bayview Solutions, LLC",https://www.ftc.gov/system/files/documents/cases/150421bayviewstip.pdf
"Cornerstone and Company, LLC",https://www.ftc.gov/system/files/documents/cases/141001cornerstonecmpt.pdf
"Cornerstone and Company, LLC",https://www.ftc.gov/system/files/documents/cases/141001cornerstoneorder.pdf
"Cornerstone and Company, LLC",https://www.ftc.gov/system/files/documents/cases/141001cornerstoneprelimtro.pdf
"Cornerstone and Company, LLC",https://www.ftc.gov/system/files/documents/cases/141001cornerstonetro.pdf
"Cornerstone and Company, LLC",https://www.ftc.gov/system/files/documents/cases/150413cornerstoneorder.pdf
"Cornerstone and Company, LLC",https://www.ftc.gov/system/files/documents/cases/150421cornerstonestip.pdf
"PaymentsMD, LLC, In the Matter of",https://www.ftc.gov/system/files/documents/cases/141201paymentsmdagree.pdf
"PaymentsMD, LLC, In the Matter of",https://www.ftc.gov/system/files/documents/cases/141201paymentsmdanalysis.pdf
"PaymentsMD, LLC, In the Matter of",https://www.ftc.gov/system/files/documents/cases/141201paymentsmdcmpt.pdf
"PaymentsMD, LLC, In the Matter of",https://www.ftc.gov/system/files/documents/cases/141201paymentsmdcmptexha-f.pdf
"PaymentsMD, LLC, In the Matter of",https://www.ftc.gov/system/files/documents/cases/150206paymentsmdcmpt.pdf
"PaymentsMD, LLC, In the Matter of",https://www.ftc.gov/system/files/documents/cases/150206paymentsmddo.pdf
"PaymentsMD, LLC, In the Matter of",https://www.ftc.gov/system/files/documents/cases/150206paymentsmdexhibits.pdf
"Snapchat, Inc., In the Matter of",https://www.ftc.gov/system/files/documents/cases/140508snapchatanalysis.pdf
"Snapchat, Inc., In the Matter of",https://www.ftc.gov/system/files/documents/cases/140508snapchatcmpt.pdf
"Snapchat, Inc., In the Matter of",https://www.ftc.gov/system/files/documents/cases/140508snapchatorder.pdf
"Snapchat, Inc., In the Matter of",https://www.ftc.gov/system/files/documents/cases/140514snapchatfrn.pdf
"Snapchat, Inc., In the Matter of",https://www.ftc.gov/system/files/documents/cases/141231snapchatcmpt.pdf
"Snapchat, Inc., In the Matter of",https://www.ftc.gov/system/files/documents/cases/141231snapchatdo.pdf
"Snapchat, Inc., In the Matter of",https://www.ftc.gov/system/files/documents/cases/141231snapchatletters.pdf
Yelp Inc.,https://www.ftc.gov/system/files/documents/cases/140917yelpcmpt.pdf
Yelp Inc.,https://www.ftc.gov/system/files/documents/cases/140917yelpstip.pdf
"TinyCo, Inc.",https://www.ftc.gov/system/files/documents/cases/140916tinycocmpt.pdf
"TinyCo, Inc.",https://www.ftc.gov/system/files/documents/cases/140916tinycoexhibits.pdf
"TinyCo, Inc.",https://www.ftc.gov/system/files/documents/cases/140917tinycostip.pdf
"GMR Transcription Services, Inc., In the Matter of",http://www.ftc.gov/system/files/documents/cases/140203gmrcmptexha-d.pdf
"GMR Transcription Services, Inc., In the Matter of",https://www.ftc.gov/system/files/documents/cases/140131gmrstatement.pdf
"GMR Transcription Services, Inc., In the Matter of",https://www.ftc.gov/system/files/documents/cases/140203gmragree.pdf
"GMR Transcription Services, Inc., In the Matter of",https://www.ftc.gov/system/files/documents/cases/140203gmranalysis.pdf
"GMR Transcription Services, Inc., In the Matter of",https://www.ftc.gov/system/files/documents/cases/140203gmrcmpt.pdf
"GMR Transcription Services, Inc., In the Matter of",https://www.ftc.gov/system/files/documents/cases/140203gmrcmptexha-d.pdf
"GMR Transcription Services, Inc., In the Matter of",https://www.ftc.gov/system/files/documents/cases/140821gmrahdiletter.pdf
"GMR Transcription Services, Inc., In the Matter of",https://www.ftc.gov/system/files/documents/cases/140821gmrcampbellletter.pdf
"GMR Transcription Services, Inc., In the Matter of",https://www.ftc.gov/system/files/documents/cases/140821gmrcmpt.pdf
"GMR Transcription Services, Inc., In the Matter of",https://www.ftc.gov/system/files/documents/cases/140821gmrdo.pdf
"Credit Karma, Inc.",https://www.ftc.gov/system/files/documents/cases/140328creditkarmaanalysis.pdf
"Credit Karma, Inc.",https://www.ftc.gov/system/files/documents/cases/140328creditkarmacmpt.pdf
"Credit Karma, Inc.",https://www.ftc.gov/system/files/documents/cases/140328creditkarmaorder.pdf
"Credit Karma, Inc.",https://www.ftc.gov/system/files/documents/cases/1408creditkarmacmpt.pdf
"Credit Karma, Inc.",https://www.ftc.gov/system/files/documents/cases/1408creditkarmado.pdf
"Credit Karma, Inc.",https://www.ftc.gov/system/files/documents/cases/1408creditkarmaltrbarginear.pdf
"Credit Karma, Inc.",https://www.ftc.gov/system/files/documents/cases/1408creditkarmaltrbarrick.pdf
"Credit Karma, Inc.",https://www.ftc.gov/system/files/documents/cases/1408creditkarmaltrbennett.pdf
"Credit Karma, Inc.",https://www.ftc.gov/system/files/documents/cases/1408creditkarmaltrcrawford.pdf
"Credit Karma, Inc.",https://www.ftc.gov/system/files/documents/cases/1408creditkarmaltrmetzger.pdf
"Credit Karma, Inc.",https://www.ftc.gov/system/files/documents/cases/1408creditkarmaltrpawlendzio.pdf
"Credit Karma, Inc.",https://www.ftc.gov/system/files/documents/cases/1408creditkarmaltrstrauss.pdf
"Fandango, LLC",https://www.ftc.gov/system/files/documents/cases/140328fandangoanalysis.pdf
"Fandango, LLC",https://www.ftc.gov/system/files/documents/cases/140328fandangocmpt.pdf
"Fandango, LLC",https://www.ftc.gov/system/files/documents/cases/140328fandangoorder.pdf
"Fandango, LLC",https://www.ftc.gov/system/files/documents/cases/140819fandangocmpt.pdf
"Fandango, LLC",https://www.ftc.gov/system/files/documents/cases/140819fandangodo.pdf
"Fandango, LLC",https://www.ftc.gov/system/files/documents/cases/140819fandangolettercollazo.pdf
"PDB Sports, Ltd., d/b/a Denver Broncos Football Club, In the Matter of",https://www.ftc.gov/sites/default/files/documents/cases/140121denverbroncosagree.pdf
"PDB Sports, Ltd., d/b/a Denver Broncos Football Club, In the Matter of",https://www.ftc.gov/sites/default/files/documents/cases/140121denverbroncosanalysis.pdf
"PDB Sports, Ltd., d/b/a Denver Broncos Football Club, In the Matter of",https://www.ftc.gov/sites/default/files/documents/cases/140121denverbroncoscmpt.pdf
"PDB Sports, Ltd., d/b/a Denver Broncos Football Club, In the Matter of",https://www.ftc.gov/system/files/documents/cases/140129safeharbordenverbroncos.pdf
"PDB Sports, Ltd., d/b/a Denver Broncos Football Club, In the Matter of",https://www.ftc.gov/system/files/documents/cases/140625denverbroncoscmpt.pdf
"PDB Sports, Ltd., d/b/a Denver Broncos Football Club, In the Matter of",https://www.ftc.gov/system/files/documents/cases/140625denverbroncosdo.pdf
"PDB Sports, Ltd., d/b/a Denver Broncos Football Club, In the Matter of",https://www.ftc.gov/system/files/documents/cases/140625safeharborltrconnolly.pdf
"PDB Sports, Ltd., d/b/a Denver Broncos Football Club, In the Matter of",https://www.ftc.gov/system/files/documents/cases/140625safeharborltrepic.pdf
"PDB Sports, Ltd., d/b/a Denver Broncos Football Club, In the Matter of",https://www.ftc.gov/system/files/documents/cases/140625safeharborltrgellman.pdf
"PDB Sports, Ltd., d/b/a Denver Broncos Football Club, In the Matter of",https://www.ftc.gov/system/files/documents/cases/140625safeharborltrvaile.pdf
"PDB Sports, Ltd., d/b/a Denver Broncos Football Club, In the Matter of",https://www.ftc.gov/system/files/documents/cases/140625safeharborltrwebb.pdf
"Level 3 Communications, LLC, In the Matter of",https://www.ftc.gov/sites/default/files/documents/cases/140121level3agree.pdf
"Level 3 Communications, LLC, In the Matter of",https://www.ftc.gov/sites/default/files/documents/cases/140121level3analysis.pdf
"Level 3 Communications, LLC, In the Matter of",https://www.ftc.gov/sites/default/files/documents/cases/140121level3cmpt.pdf
"Level 3 Communications, LLC, In the Matter of",https://www.ftc.gov/system/files/documents/cases/140129safeharborlevel3.pdf
"Level 3 Communications, LLC, In the Matter of",https://www.ftc.gov/system/files/documents/cases/140625level3cmpt.pdf
"Level 3 Communications, LLC, In the Matter of",https://www.ftc.gov/system/files/documents/cases/140625level3do.pdf
"Level 3 Communications, LLC, In the Matter of",https://www.ftc.gov/system/files/documents/cases/140625level3letterbarnett.pdf
"Level 3 Communications, LLC, In the Matter of",https://www.ftc.gov/system/files?file=documents/cases/140625safeharborltrconnolly.pdf
"Level 3 Communications, LLC, In the Matter of",https://www.ftc.gov/system/files?file=documents/cases/140625safeharborltrepic.pdf
"Level 3 Communications, LLC, In the Matter of",https://www.ftc.gov/system/files?file=documents/cases/140625safeharborltrgellman.pdf
"Fantage.com, Inc., In the Matter of",https://www.ftc.gov/system/files/documents/cases/140107fantageagree.pdf
"Fantage.com, Inc., In the Matter of",https://www.ftc.gov/system/files/documents/cases/140107fantageanalysis.pdf
"Fantage.com, Inc., In the Matter of",https://www.ftc.gov/system/files/documents/cases/140107fantagecmpt.pdf
"Fantage.com, Inc., In the Matter of",https://www.ftc.gov/system/files/documents/cases/140219fantagefrn.pdf
"Fantage.com, Inc., In the Matter of",https://www.ftc.gov/system/files/documents/cases/140625fantagecmpt.pdf
"Fantage.com, Inc., In the Matter of",https://www.ftc.gov/system/files/documents/cases/140625fantagedo.pdf
"Fantage.com, Inc., In the Matter of",https://www.ftc.gov/system/files?file=documents/cases/140625safeharborltrconnolly.pdf
"Receivable Management Services Corporation, The, In the Matter of",https://www.ftc.gov/sites/default/files/documents/cases/140121rmsagree.pdf
"Receivable Management Services Corporation, The, In the Matter of",https://www.ftc.gov/sites/default/files/documents/cases/140121rmsanalysis.pdf
"Receivable Management Services Corporation, The, In the Matter of",https://www.ftc.gov/sites/default/files/documents/cases/140121rmscmpt.pdf
"Receivable Management Services Corporation, The, In the Matter of",https://www.ftc.gov/system/files/documents/cases/140129rmsfrn.pdf
"Receivable Management Services Corporation, The, In the Matter of",https://www.ftc.gov/system/files/documents/cases/140625rmscmpt.pdf
"Receivable Management Services Corporation, The, In the Matter of",https://www.ftc.gov/system/files/documents/cases/140625rmsdo.pdf
"Receivable Management Services Corporation, The, In the Matter of",https://www.ftc.gov/system/files?file=documents/cases/140625safeharborltrconnolly.pdf
"Receivable Management Services Corporation, The, In the Matter of",https://www.ftc.gov/system/files?file=documents/cases/140625safeharborltrepic.pdf
"Receivable Management Services Corporation, The, In the Matter of",https://www.ftc.gov/system/files?file=documents/cases/140625safeharborltrgellman.pdf
"Baker Tilly Virchow Krause, LLP, In the Matter of",https://www.ftc.gov/sites/default/files/documents/cases/140121bakertillyagree.pdf
"Baker Tilly Virchow Krause, LLP, In the Matter of",https://www.ftc.gov/sites/default/files/documents/cases/140121bakertillyanalysis.pdf
"Baker Tilly Virchow Krause, LLP, In the Matter of",https://www.ftc.gov/sites/default/files/documents/cases/baker_tilly_complaint.pdf
"Baker Tilly Virchow Krause, LLP, In the Matter of",https://www.ftc.gov/system/files/documents/cases/140129safeharborbakertilyfrn.pdf
"Baker Tilly Virchow Krause, LLP, In the Matter of",https://www.ftc.gov/system/files/documents/cases/140625bakertillycmpt.pdf
"Baker Tilly Virchow Krause, LLP, In the Matter of",https://www.ftc.gov/system/files/documents/cases/140625bakertillydo.pdf
"Baker Tilly Virchow Krause, LLP, In the Matter of",https://www.ftc.gov/system/files?file=documents/cases/140625safeharborltrconnolly.pdf
"Baker Tilly Virchow Krause, LLP, In the Matter of",https://www.ftc.gov/system/files?file=documents/cases/140625safeharborltrepic.pdf
"Baker Tilly Virchow Krause, LLP, In the Matter of",https://www.ftc.gov/system/files?file=documents/cases/140625safeharborltrgellman.pdf
"Charles River Laboratories, Int’l., In the Matter of",https://www.ftc.gov/sites/default/files/documents/cases/140121charlesriveragree.pdf
"Charles River Laboratories, Int’l., In the Matter of",https://www.ftc.gov/sites/default/files/documents/cases/140121charlesriveranalysis.pdf
"Charles River Laboratories, Int’l., In the Matter of",https://www.ftc.gov/sites/default/files/documents/cases/140121charlesrivercmpt.pdf
"Charles River Laboratories, Int’l., In the Matter of",https://www.ftc.gov/system/files/documents/cases/140129safeharborcharlesriver.pdf
"Charles River Laboratories, Int’l., In the Matter of",https://www.ftc.gov/system/files/documents/cases/140625charlesrivercmpt.pdf
"Charles River Laboratories, Int’l., In the Matter of",https://www.ftc.gov/system/files/documents/cases/140625charlesriverdo.pdf
"Charles River Laboratories, Int’l., In the Matter of",https://www.ftc.gov/system/files?file=documents/cases/140625safeharborltrconnolly.pdf
"Charles River Laboratories, Int’l., In the Matter of",https://www.ftc.gov/system/files?file=documents/cases/140625safeharborltrepic.pdf
"Charles River Laboratories, Int’l., In the Matter of",https://www.ftc.gov/system/files?file=documents/cases/140625safeharborltrgellman.pdf
"Atlanta Falcons Football Club, LLC, In the Matter of",https://www.ftc.gov/sites/default/files/documents/cases/140121atlantafalconsagree.pdf
"Atlanta Falcons Football Club, LLC, In the Matter of",https://www.ftc.gov/sites/default/files/documents/cases/140121atlantafalconsanalysis.pdf
"Atlanta Falcons Football Club, LLC, In the Matter of",https://www.ftc.gov/sites/default/files/documents/cases/140121atlantafalconscmpt.pdf
"Atlanta Falcons Football Club, LLC, In the Matter of",https://www.ftc.gov/system/files/documents/cases/140129atlfalconsfrn.pdf
"Atlanta Falcons Football Club, LLC, In the Matter of",https://www.ftc.gov/system/files/documents/cases/140625atlantafalconscmpt.pdf
"Atlanta Falcons Football Club, LLC, In the Matter of",https://www.ftc.gov/system/files/documents/cases/140625atlantafalconsdo.pdf
"Atlanta Falcons Football Club, LLC, In the Matter of",https://www.ftc.gov/system/files?file=documents/cases/140625safeharborltrconnolly.pdf
"Atlanta Falcons Football Club, LLC, In the Matter of",https://www.ftc.gov/system/files?file=documents/cases/140625safeharborltrepic.pdf
"Atlanta Falcons Football Club, LLC, In the Matter of",https://www.ftc.gov/system/files?file=documents/cases/140625safeharborltrgellman.pdf
"Atlanta Falcons Football Club, LLC, In the Matter of",https://www.ftc.gov/system/files?file=documents/cases/140625safeharborltrvaile.pdf
"Tennessee Football, Inc., In the Matter of",https://www.ftc.gov/sites/default/files/documents/cases/140121tennesseefootballagree.pdf
"Tennessee Football, Inc., In the Matter of",https://www.ftc.gov/sites/default/files/documents/cases/140121tennesseefootballanalysis.pdf
"Tennessee Football, Inc., In the Matter of",https://www.ftc.gov/sites/default/files/documents/cases/140121tennesseefootballcmpt.pdf
"Tennessee Football, Inc., In the Matter of",https://www.ftc.gov/system/files/documents/cases/140129safeharbortennesseetitans.pdf
"Tennessee Football, Inc., In the Matter of",https://www.ftc.gov/system/files/documents/cases/140625titanscmpt.pdf
"Tennessee Football, Inc., In the Matter of",https://www.ftc.gov/system/files/documents/cases/140625titansdo.pdf
"Tennessee Football, Inc., In the Matter of",https://www.ftc.gov/system/files?file=documents/cases/140625safeharborltrconnolly.pdf
"Tennessee Football, Inc., In the Matter of",https://www.ftc.gov/system/files?file=documents/cases/140625safeharborltrepic.pdf
"Tennessee Football, Inc., In the Matter of",https://www.ftc.gov/system/files?file=documents/cases/140625safeharborltrgellman.pdf
"Reynolds Consumer Products, Inc, In the Matter of",https://www.ftc.gov/sites/default/files/documents/cases/140121reynoldsagree.pdf
"Reynolds Consumer Products, Inc, In the Matter of",https://www.ftc.gov/sites/default/files/documents/cases/140121reynoldsanalysis.pdf
"Reynolds Consumer Products, Inc, In the Matter of",https://www.ftc.gov/sites/default/files/documents/cases/140121reynoldscmpt.pdf
"Reynolds Consumer Products, Inc, In the Matter of",https://www.ftc.gov/system/files/documents/cases/140129safeharborreynolds.pdf
"Reynolds Consumer Products, Inc, In the Matter of",https://www.ftc.gov/system/files/documents/cases/140625reynoldscmpt.pdf
"Reynolds Consumer Products, Inc, In the Matter of",https://www.ftc.gov/system/files/documents/cases/140625reynoldsdo.pdf
"Reynolds Consumer Products, Inc, In the Matter of",https://www.ftc.gov/system/files?file=documents/cases/140625safeharborltrconnolly.pdf
"Reynolds Consumer Products, Inc, In the Matter of",https://www.ftc.gov/system/files?file=documents/cases/140625safeharborltrepic.pdf
"Reynolds Consumer Products, Inc, In the Matter of",https://www.ftc.gov/system/files?file=documents/cases/140625safeharborltrgellman.pdf
"DDC Laboratories, Inc., also d/b/a DNA Diagnostics Center, In the Matter of",https://www.ftc.gov/sites/default/files/documents/cases/140121ddclaboratoriesagree.pdf
"DDC Laboratories, Inc., also d/b/a DNA Diagnostics Center, In the Matter of",https://www.ftc.gov/sites/default/files/documents/cases/140121ddclaboratoriesanalysis.pdf
"DDC Laboratories, Inc., also d/b/a DNA Diagnostics Center, In the Matter of",https://www.ftc.gov/sites/default/files/documents/cases/140121ddclaboratoriescmpt.pdf
"DDC Laboratories, Inc., also d/b/a DNA Diagnostics Center, In the Matter of",https://www.ftc.gov/system/files/documents/cases/140129safeharborddc.pdf
"DDC Laboratories, Inc., also d/b/a DNA Diagnostics Center, In the Matter of",https://www.ftc.gov/system/files/documents/cases/140625ddclabscmpt.pdf
"DDC Laboratories, Inc., also d/b/a DNA Diagnostics Center, In the Matter of",https://www.ftc.gov/system/files/documents/cases/140625ddclabsdo.pdf
"DDC Laboratories, Inc., also d/b/a DNA Diagnostics Center, In the Matter of",https://www.ftc.gov/system/files?file=documents/cases/140625safeharborltrconnolly.pdf
"DDC Laboratories, Inc., also d/b/a DNA Diagnostics Center, In the Matter of",https://www.ftc.gov/system/files?file=documents/cases/140625safeharborltrepic.pdf
"DDC Laboratories, Inc., also d/b/a DNA Diagnostics Center, In the Matter of",https://www.ftc.gov/system/files?file=documents/cases/140625safeharborltrgellman.pdf
"DDC Laboratories, Inc., also d/b/a DNA Diagnostics Center, In the Matter of",https://www.ftc.gov/system/files?file=documents/cases/140625safeharborltrvaile.pdf
"American Apparel, Inc., In the Matter of",https://www.ftc.gov/system/files/documents/cases/140507americanapparelagree.pdf
"American Apparel, Inc., In the Matter of",https://www.ftc.gov/system/files/documents/cases/140507americanapparelanalysis.pdf
"American Apparel, Inc., In the Matter of",https://www.ftc.gov/system/files/documents/cases/140507americanapparelcmpt.pdf
"American Apparel, Inc., In the Matter of",https://www.ftc.gov/system/files/documents/cases/140625americanapparelcmpt.pdf
"American Apparel, Inc., In the Matter of",https://www.ftc.gov/system/files/documents/cases/140625americanappareldo.pdf
"Apperian, Inc., In the Matter of",https://www.ftc.gov/sites/default/files/documents/cases/140121apperianagree.pdf
"Apperian, Inc., In the Matter of",https://www.ftc.gov/sites/default/files/documents/cases/140121apperiananalysis.pdf
"Apperian, Inc., In the Matter of",https://www.ftc.gov/sites/default/files/documents/cases/140121apperiancmpt.pdf
"Apperian, Inc., In the Matter of",https://www.ftc.gov/system/files/documents/cases/140129safeharborapperianfrn.pdf
"Apperian, Inc., In the Matter of",https://www.ftc.gov/system/files/documents/cases/140625apperiancmpt.pdf
"Apperian, Inc., In the Matter of",https://www.ftc.gov/system/files/documents/cases/140625apperiando.pdf
"Apperian, Inc., In the Matter of",https://www.ftc.gov/system/files?file=documents/cases/140625safeharborltrconnolly.pdf
"Apperian, Inc., In the Matter of",https://www.ftc.gov/system/files?file=documents/cases/140625safeharborltrepic.pdf
"Apperian, Inc., In the Matter of",https://www.ftc.gov/system/files?file=documents/cases/140625safeharborltrgellman.pdf
"BitTorrent, Inc., In the Matter of",https://www.ftc.gov/sites/default/files/documents/cases/140121bittorrentagree.pdf
"BitTorrent, Inc., In the Matter of",https://www.ftc.gov/sites/default/files/documents/cases/140121bittorrentcmpt.pdf
"BitTorrent, Inc., In the Matter of",https://www.ftc.gov/sites/default/files/documents/cases/140121bittorrentnalysis.pdf
"BitTorrent, Inc., In the Matter of",https://www.ftc.gov/system/files/documents/cases/140129safeharborbittrrent.pdf
"BitTorrent, Inc., In the Matter of",https://www.ftc.gov/system/files/documents/cases/140625bittorrentcmpt.pdf
"BitTorrent, Inc., In the Matter of",https://www.ftc.gov/system/files/documents/cases/140625bittorrentdo.pdf
"BitTorrent, Inc., In the Matter of",https://www.ftc.gov/system/files?file=documents/cases/140625safeharborltrconnolly.pdf
"BitTorrent, Inc., In the Matter of",https://www.ftc.gov/system/files?file=documents/cases/140625safeharborltrepic.pdf
"BitTorrent, Inc., In the Matter of",https://www.ftc.gov/system/files?file=documents/cases/140625safeharborltrgellman.pdf
"DataMotion, Inc., a corporation, In the Matter of",https://www.ftc.gov/sites/default/files/documents/cases/140121datamotionagreement.pdf
"DataMotion, Inc., a corporation, In the Matter of",https://www.ftc.gov/sites/default/files/documents/cases/140121datamotionanalysis.pdf
"DataMotion, Inc., a corporation, In the Matter of",https://www.ftc.gov/sites/default/files/documents/cases/140121datamotioncmpt.pdf
"DataMotion, Inc., a corporation, In the Matter of",https://www.ftc.gov/system/files/documents/cases/140129safeharbordatamotion.pdf
"DataMotion, Inc., a corporation, In the Matter of",https://www.ftc.gov/system/files/documents/cases/140625datamotioncmpt.pdf
"DataMotion, Inc., a corporation, In the Matter of",https://www.ftc.gov/system/files/documents/cases/140625datamotiondo.pdf
"DataMotion, Inc., a corporation, In the Matter of",https://www.ftc.gov/system/files?file=documents/cases/140625safeharborltrconnolly.pdf
"DataMotion, Inc., a corporation, In the Matter of",https://www.ftc.gov/system/files?file=documents/cases/140625safeharborltrepic.pdf
"DataMotion, Inc., a corporation, In the Matter of",https://www.ftc.gov/system/files?file=documents/cases/140625safeharborltrgellman.pdf
"Genelink, Inc., In the Matter of",http://www.ftc.gov/sites/default/files/documents/cases/140107geneforuexhibits.pdf
"Genelink, Inc., In the Matter of",https://www.ftc.gov/sites/default/files/documents/cases/140107geneforuexhibits.pdf
"Genelink, Inc., In the Matter of",https://www.ftc.gov/sites/default/files/documents/cases/140107genelinkanalysis.pdf
"Genelink, Inc., In the Matter of",https://www.ftc.gov/sites/default/files/documents/cases/140107genelinkcmpt.pdf
"Genelink, Inc., In the Matter of",https://www.ftc.gov/sites/default/files/documents/cases/140107genelinkorder.pdf
"Genelink, Inc., In the Matter of",https://www.ftc.gov/sites/default/files/documents/cases/140107genelinkstatementbrill.pdf
"Genelink, Inc., In the Matter of",https://www.ftc.gov/sites/default/files/documents/cases/140107genelinkstatementohlhausen.pdf
"Genelink, Inc., In the Matter of",https://www.ftc.gov/sites/default/files/documents/cases/140107genelinkstatemenwright.pdf
"Genelink, Inc., In the Matter of",https://www.ftc.gov/sites/default/files/documents/cases/140115genelinkfrn.pdf
"Genelink, Inc., In the Matter of",https://www.ftc.gov/system/files/documents/cases/140512genelinkcmpt.pdf
"Genelink, Inc., In the Matter of",https://www.ftc.gov/system/files/documents/cases/140512genelinkcouncilletter_0.pdf
"Genelink, Inc., In the Matter of",https://www.ftc.gov/system/files/documents/cases/140512genelinkdo_0.pdf
"Genelink, Inc., In the Matter of",https://www.ftc.gov/system/files/documents/cases/140512genelinknaturalletter_0.pdf
"foru™ International Corporation, In the Matter of",http://www.ftc.gov/sites/default/files/documents/cases/140107geneforuexhibits.pdf
"foru™ International Corporation, In the Matter of",https://www.ftc.gov/sites/default/files/documents/cases/140107forutmanalysis.pdf
"foru™ International Corporation, In the Matter of",https://www.ftc.gov/sites/default/files/documents/cases/140107forutmcmpt.pdf
"foru™ International Corporation, In the Matter of",https://www.ftc.gov/sites/default/files/documents/cases/140107forutmorder.pdf
"foru™ International Corporation, In the Matter of",https://www.ftc.gov/sites/default/files/documents/cases/140107forutmstatementbrill.pdf
"foru™ International Corporation, In the Matter of",https://www.ftc.gov/sites/default/files/documents/cases/140107forutmstatementohlhausen.pdf
"foru™ International Corporation, In the Matter of",https://www.ftc.gov/sites/default/files/documents/cases/140107forutmstatementwright.pdf
"foru™ International Corporation, In the Matter of",https://www.ftc.gov/sites/default/files/documents/cases/140107geneforuexhibits_0.pdf
"foru™ International Corporation, In the Matter of",https://www.ftc.gov/sites/default/files/documents/cases/140115genelinkfrn_0.pdf
"foru™ International Corporation, In the Matter of",https://www.ftc.gov/system/files/documents/cases/140512foruintcouncilletter.pdf
"foru™ International Corporation, In the Matter of",https://www.ftc.gov/system/files/documents/cases/140512foruintdo.pdf
"foru™ International Corporation, In the Matter of",https://www.ftc.gov/system/files/documents/cases/140512foruintnaturalletter.pdf
"foru™ International Corporation, In the Matter of",https://www.ftc.gov/system/files/documents/cases/140512forutmcmpt.pdf
"Goldenshores Technologies, LLC, and Erik M. Geidl, In the Matter of",https://www.ftc.gov/sites/default/files/documents/cases/131205goldenshoresanal.pdf
"Goldenshores Technologies, LLC, and Erik M. Geidl, In the Matter of",https://www.ftc.gov/sites/default/files/documents/cases/131205goldenshorescmpt.pdf
"Goldenshores Technologies, LLC, and Erik M. Geidl, In the Matter of",https://www.ftc.gov/sites/default/files/documents/cases/131205goldenshoresexhibita.pdf
"Goldenshores Technologies, LLC, and Erik M. Geidl, In the Matter of",https://www.ftc.gov/sites/default/files/documents/cases/131205goldenshoresexhibitb.pdf
"Goldenshores Technologies, LLC, and Erik M. Geidl, In the Matter of",https://www.ftc.gov/sites/default/files/documents/cases/131205goldenshoresexhibitc.pdf
"Goldenshores Technologies, LLC, and Erik M. Geidl, In the Matter of",https://www.ftc.gov/sites/default/files/documents/cases/131205goldenshoresorder.pdf
"Goldenshores Technologies, LLC, and Erik M. Geidl, In the Matter of",https://www.ftc.gov/sites/default/files/documents/cases/131211goldenshores.pdf
"Goldenshores Technologies, LLC, and Erik M. Geidl, In the Matter of",https://www.ftc.gov/system/files/documents/cases/140409goldenshorescmpt.pdf
"Goldenshores Technologies, LLC, and Erik M. Geidl, In the Matter of",https://www.ftc.gov/system/files/documents/cases/140409goldenshoresdo.pdf
"Infotrack Information Services, Inc., et al.",https://www.ftc.gov/system/files/documents/cases/140409infotrackcmpt.pdf
"Infotrack Information Services, Inc., et al.",https://www.ftc.gov/system/files/documents/cases/140409infotrackorder_0.pdf
"Instant Checkmate, Inc.",https://www.ftc.gov/system/files/documents/cases/140409instantcheckmatecmpt.pdf
"Instant Checkmate, Inc.",https://www.ftc.gov/system/files/documents/cases/140409instantcheckmateorder.pdf
"Aaron’s, Inc., In the Matter of",https://www.ftc.gov/sites/default/files/documents/cases/131022aaronsagree.pdf
"Aaron’s, Inc., In the Matter of",https://www.ftc.gov/sites/default/files/documents/cases/131022aaronsanal.pdf
"Aaron’s, Inc., In the Matter of",https://www.ftc.gov/sites/default/files/documents/cases/131022aaronscmpt.pdf
"Aaron’s, Inc., In the Matter of",https://www.ftc.gov/system/files/documents/cases/140311aaronscmpt.pdf
"Aaron’s, Inc., In the Matter of",https://www.ftc.gov/system/files/documents/cases/140311aaronsdo.pdf
"Aaron’s, Inc., In the Matter of",https://www.ftc.gov/system/files/documents/cases/140311aaronsltr-collazo.pdf
"Aaron’s, Inc., In the Matter of",https://www.ftc.gov/system/files/documents/cases/140311aaronsltr-echannell.pdf
"Aaron’s, Inc., In the Matter of",https://www.ftc.gov/system/files/documents/cases/140311aaronsltr-haq.pdf
"Aaron’s, Inc., In the Matter of",https://www.ftc.gov/system/files/documents/cases/140311aaronsltr-ibender.pdf
"Aaron’s, Inc., In the Matter of",https://www.ftc.gov/system/files/documents/cases/140311aaronsltr-kbartlett.pdf
"Aaron’s, Inc., In the Matter of",https://www.ftc.gov/system/files/documents/cases/140311aaronsltr-mbacon.pdf
"Aaron’s, Inc., In the Matter of",https://www.ftc.gov/system/files/documents/cases/140311aaronsltr-mmand.pdf
"Aaron’s, Inc., In the Matter of",https://www.ftc.gov/system/files/documents/cases/140311aaronsltr-msalisbury.pdf
"Aaron’s, Inc., In the Matter of",https://www.ftc.gov/system/files/documents/cases/140311aaronsltr-rdavis.pdf
"Aaron’s, Inc., In the Matter of",https://www.ftc.gov/system/files/documents/cases/140311aaronsltr-rwhittle.pdf
"Accretive Health, Inc., In the Matter of",https://www.ftc.gov/sites/default/files/documents/cases/131231accretivehealthanal.pdf
"Accretive Health, Inc., In the Matter of",https://www.ftc.gov/sites/default/files/documents/cases/131231accretivehealthcmpt.pdf
"Accretive Health, Inc., In the Matter of",https://www.ftc.gov/sites/default/files/documents/cases/131231accretivehealthorder_0.pdf
"Accretive Health, Inc., In the Matter of",https://www.ftc.gov/sites/default/files/documents/cases/141013accretivefrn.pdf
"Accretive Health, Inc., In the Matter of",https://www.ftc.gov/system/files/documents/cases/140224accretivehealthcmpt.pdf
"Accretive Health, Inc., In the Matter of",https://www.ftc.gov/system/files/documents/cases/140224accretivehealthdo.pdf
"TRENDnet, Inc., In the Matter of",https://www.ftc.gov/sites/default/files/documents/cases/2013/09/130903trendnetanal.pdf
"TRENDnet, Inc., In the Matter of",https://www.ftc.gov/sites/default/files/documents/cases/2013/09/130903trendnetcmpt.pdf
"TRENDnet, Inc., In the Matter of",https://www.ftc.gov/sites/default/files/documents/cases/2013/09/130903trendnetexhibits.pdf
"TRENDnet, Inc., In the Matter of",https://www.ftc.gov/sites/default/files/documents/cases/2013/09/130903trendnetorder.pdf
"TRENDnet, Inc., In the Matter of",https://www.ftc.gov/sites/default/files/documents/cases/2013/09/130911trendnetfrn.pdf
"TRENDnet, Inc., In the Matter of",https://www.ftc.gov/system/files/documents/cases/140207trendnetcmpt.pdf
"TRENDnet, Inc., In the Matter of",https://www.ftc.gov/system/files/documents/cases/140207trendnetdo.pdf
"TRENDnet, Inc., In the Matter of",https://www.ftc.gov/system/files/documents/cases/140207trendnetexhibits.pdf
"TeleCheck Services, Inc.",https://www.ftc.gov/sites/default/files/documents/cases/140116telecheckcmpt.pdf
"TeleCheck Services, Inc.",https://www.ftc.gov/sites/default/files/documents/cases/140116telecheckmotion.pdf
"TeleCheck Services, Inc.",https://www.ftc.gov/system/files/documents/cases/140116telecheckstip.pdf
Time Warner Cable Inc.,https://www.ftc.gov/sites/default/files/documents/cases/131219timewarnercmpt.pdf
Time Warner Cable Inc.,https://www.ftc.gov/sites/default/files/documents/cases/131219timewarnerstip.pdf
"Certegy Check Services, Inc.",https://www.ftc.gov/sites/default/files/documents/cases/2013/08/130815certegycmpt.pdf
"Certegy Check Services, Inc.",https://www.ftc.gov/sites/default/files/documents/cases/2013/08/130815certegymtn.pdf
"Certegy Check Services, Inc.",https://www.ftc.gov/sites/default/files/documents/cases/2013/08/130815certegyorder.pdf
"HTC America Inc., In the Matter of",https://www.ftc.gov/sites/default/files/documents/cases/2013/02/130222htcanal.pdf
"HTC America Inc., In the Matter of",https://www.ftc.gov/sites/default/files/documents/cases/2013/02/130222htccmpt.pdf
"HTC America Inc., In the Matter of",https://www.ftc.gov/sites/default/files/documents/cases/2013/02/130222htcorder.pdf
"HTC America Inc., In the Matter of",https://www.ftc.gov/sites/default/files/documents/cases/2013/02/130228htcfrn.pdf
"HTC America Inc., In the Matter of",https://www.ftc.gov/sites/default/files/documents/cases/2013/07/130702htcbrowningletter.pdf
"HTC America Inc., In the Matter of",https://www.ftc.gov/sites/default/files/documents/cases/2013/07/130702htccmpt.pdf
"HTC America Inc., In the Matter of",https://www.ftc.gov/sites/default/files/documents/cases/2013/07/130702htcdo.pdf
"HTC America Inc., In the Matter of",https://www.ftc.gov/sites/default/files/documents/cases/2013/07/130702htckraussletter.pdf
"HTC America Inc., In the Matter of",https://www.ftc.gov/sites/default/files/documents/cases/2013/07/130702htcrobertsletter.pdf
"HTC America Inc., In the Matter of",https://www.ftc.gov/sites/default/files/documents/cases/2013/07/130702htcschraderletter.pdf
"HTC America Inc., In the Matter of",https://www.ftc.gov/sites/default/files/documents/cases/2013/07/130702htcsperosletter.pdf
"CBR Systems, Inc., In the Matter of",https://www.ftc.gov/sites/default/files/documents/cases/2013/01/130128cbragree.pdf
"CBR Systems, Inc., In the Matter of",https://www.ftc.gov/sites/default/files/documents/cases/2013/01/130128cbranalysis.pdf
"CBR Systems, Inc., In the Matter of",https://www.ftc.gov/sites/default/files/documents/cases/2013/01/130128cbrcmpt.pdf
"CBR Systems, Inc., In the Matter of",https://www.ftc.gov/sites/default/files/documents/cases/2013/01/130128cbrexhibits.pdf
"CBR Systems, Inc., In the Matter of",https://www.ftc.gov/sites/default/files/documents/cases/2013/02/130201cbrfrn.pdf
"CBR Systems, Inc., In the Matter of",https://www.ftc.gov/sites/default/files/documents/cases/2013/05/130128cbrexhibits.pdf
"CBR Systems, Inc., In the Matter of",https://www.ftc.gov/sites/default/files/documents/cases/2013/05/130503cbrcmpt.pdf
"CBR Systems, Inc., In the Matter of",https://www.ftc.gov/sites/default/files/documents/cases/2013/05/130503cbrdo.pdf
"CBR Systems, Inc., In the Matter of",https://www.ftc.gov/sites/default/files/documents/cases/2013/05/130503cbrletter.pdf
"Filiquarian Publishing, LLC; Choice Level, LLC; and Joshua Linsk, In the Matter of",https://www.ftc.gov/sites/default/files/documents/cases/2013/01/130110filquarianagree.pdf
"Filiquarian Publishing, LLC; Choice Level, LLC; and Joshua Linsk, In the Matter of",https://www.ftc.gov/sites/default/files/documents/cases/2013/01/130110filquariananalysis.pdf
"Filiquarian Publishing, LLC; Choice Level, LLC; and Joshua Linsk, In the Matter of",https://www.ftc.gov/sites/default/files/documents/cases/2013/01/130110filquariancmpt.pdf
"Filiquarian Publishing, LLC; Choice Level, LLC; and Joshua Linsk, In the Matter of",https://www.ftc.gov/sites/default/files/documents/cases/2013/01/130116filiquarianfrn.pdf
"Filiquarian Publishing, LLC; Choice Level, LLC; and Joshua Linsk, In the Matter of",https://www.ftc.gov/sites/default/files/documents/cases/2013/05/130501filquariancmpt.pdf
"Filiquarian Publishing, LLC; Choice Level, LLC; and Joshua Linsk, In the Matter of",https://www.ftc.gov/sites/default/files/documents/cases/2013/05/130501filquariando.pdf
"Filiquarian Publishing, LLC; Choice Level, LLC; and Joshua Linsk, In the Matter of",https://www.ftc.gov/sites/default/files/documents/cases/2013/05/130501filquariansokolowletter.pdf
"Aspen Way Enterprises, Inc., In the Matter of",https://www.ftc.gov/sites/default/files/documents/cases/2012/09/120925aspenwayagree.pdf
"Aspen Way Enterprises, Inc., In the Matter of",https://www.ftc.gov/sites/default/files/documents/cases/2012/09/120925aspenwaycmpt.pdf
"Aspen Way Enterprises, Inc., In the Matter of",https://www.ftc.gov/sites/default/files/documents/cases/2012/09/120925designerwareanalysis.pdf
"Aspen Way Enterprises, Inc., In the Matter of",https://www.ftc.gov/sites/default/files/documents/cases/2012/10/121002designerwarefrn.pdf
"Aspen Way Enterprises, Inc., In the Matter of",https://www.ftc.gov/sites/default/files/documents/cases/2013/04/130415aspenwaycmpt.pdf
"Aspen Way Enterprises, Inc., In the Matter of",https://www.ftc.gov/sites/default/files/documents/cases/2013/04/130415aspenwaydo.pdf
"Aspen Way Enterprises, Inc., In the Matter of",https://www.ftc.gov/sites/default/files/documents/cases/2013/04/130415designerwareltrconsent.pdf
"Aspen Way Enterprises, Inc., In the Matter of",https://www.ftc.gov/sites/default/files/documents/cases/2013/04/130415designerwareltrepic.pdf
"Aspen Way Enterprises, Inc., In the Matter of",https://www.ftc.gov/sites/default/files/documents/cases/2013/04/130415designerwareltrparker.pdf
"Aspen Way Enterprises, Inc., In the Matter of",https://www.ftc.gov/sites/default/files/documents/cases/2013/04/130415designerwareltrstronger.pdf
"Aspen Way Enterprises, Inc., In the Matter of",https://www.ftc.gov/sites/default/files/documents/cases/2013/04/130415designerwareltrsupport.pdf
"Aspen Way Enterprises, Inc., In the Matter of",https://www.ftc.gov/sites/default/files/documents/cases/2013/04/130415designerwareltruse.pdf
"Aspen Way Enterprises, Inc., In the Matter of",https://www.ftc.gov/sites/default/files/documents/cases/2013/04/130415designerwareltrwharold.pdf
"Aspen Way Enterprises, Inc., In the Matter of",https://www.ftc.gov/sites/default/files/documents/cases/2013/04/130415designerwareprohibiting.pdf
"B. Stamper Enterprises, Inc., In the Matter of",https://www.ftc.gov/sites/default/files/documents/cases/2012/09/120925bstamperagree.pdf
"B. Stamper Enterprises, Inc., In the Matter of",https://www.ftc.gov/sites/default/files/documents/cases/2012/09/120925bstampercmpt.pdf
"B. Stamper Enterprises, Inc., In the Matter of",https://www.ftc.gov/sites/default/files/documents/cases/2012/09/120925designerwareanalysis_0.pdf
"B. Stamper Enterprises, Inc., In the Matter of",https://www.ftc.gov/sites/default/files/documents/cases/2012/10/121002designerwarefrn_0.pdf
"B. Stamper Enterprises, Inc., In the Matter of",https://www.ftc.gov/sites/default/files/documents/cases/2013/04/130415bstampercmpt.pdf
"B. Stamper Enterprises, Inc., In the Matter of",https://www.ftc.gov/sites/default/files/documents/cases/2013/04/130415bstamperdo.pdf
"B. Stamper Enterprises, Inc., In the Matter of",https://www.ftc.gov/sites/default/files/documents/cases/2013/04/130415designerwareltrconsent_0.pdf
"B. Stamper Enterprises, Inc., In the Matter of",https://www.ftc.gov/sites/default/files/documents/cases/2013/04/130415designerwareltrepic_0.pdf
"B. Stamper Enterprises, Inc., In the Matter of",https://www.ftc.gov/sites/default/files/documents/cases/2013/04/130415designerwareltrstronger_0.pdf
"B. Stamper Enterprises, Inc., In the Matter of",https://www.ftc.gov/sites/default/files/documents/cases/2013/04/130415designerwareltrsupport_0.pdf
"B. Stamper Enterprises, Inc., In the Matter of",https://www.ftc.gov/sites/default/files/documents/cases/2013/04/130415designerwareltruse_0.pdf
"B. Stamper Enterprises, Inc., In the Matter of",https://www.ftc.gov/sites/default/files/documents/cases/2013/04/130415designerwareprohibiting_0.pdf
"C.A.L.M. Ventures, Inc., In the Matter of",https://www.ftc.gov/sites/default/files/documents/cases/2012/09/120925calmagree.pdf
"C.A.L.M. Ventures, Inc., In the Matter of",https://www.ftc.gov/sites/default/files/documents/cases/2012/09/120925calmcmpt.pdf
"C.A.L.M. Ventures, Inc., In the Matter of",https://www.ftc.gov/sites/default/files/documents/cases/2012/09/120925designerwareanalysis_1.pdf
"C.A.L.M. Ventures, Inc., In the Matter of",https://www.ftc.gov/sites/default/files/documents/cases/2012/10/121002designerwarefrn_1.pdf
"C.A.L.M. Ventures, Inc., In the Matter of",https://www.ftc.gov/sites/default/files/documents/cases/2013/04/130415calmcmpt.pdf
"C.A.L.M. Ventures, Inc., In the Matter of",https://www.ftc.gov/sites/default/files/documents/cases/2013/04/130415calmdo.pdf
"C.A.L.M. Ventures, Inc., In the Matter of",https://www.ftc.gov/sites/default/files/documents/cases/2013/04/130415designerwareltrconsent_1.pdf
"C.A.L.M. Ventures, Inc., In the Matter of",https://www.ftc.gov/sites/default/files/documents/cases/2013/04/130415designerwareltrepic_1.pdf
"C.A.L.M. Ventures, Inc., In the Matter of",https://www.ftc.gov/sites/default/files/documents/cases/2013/04/130415designerwareltrstronger_1.pdf
"C.A.L.M. Ventures, Inc., In the Matter of",https://www.ftc.gov/sites/default/files/documents/cases/2013/04/130415designerwareltrsupport_1.pdf
"C.A.L.M. Ventures, Inc., In the Matter of",https://www.ftc.gov/sites/default/files/documents/cases/2013/04/130415designerwareltruse_1.pdf
"C.A.L.M. Ventures, Inc., In the Matter of",https://www.ftc.gov/sites/default/files/documents/cases/2013/04/130415designerwareprohibiting_1.pdf
"DesignerWare, LLC, In the Matter of",https://www.ftc.gov/sites/default/files/documents/cases/2012/09/120925designerwareagree.pdf
"DesignerWare, LLC, In the Matter of",https://www.ftc.gov/sites/default/files/documents/cases/2012/09/120925designerwareanalysis_2.pdf
"DesignerWare, LLC, In the Matter of",https://www.ftc.gov/sites/default/files/documents/cases/2012/09/120925designerwarecmpt.pdf
"DesignerWare, LLC, In the Matter of",https://www.ftc.gov/sites/default/files/documents/cases/2012/10/121002designerwarefrn_2.pdf
"DesignerWare, LLC, In the Matter of",https://www.ftc.gov/sites/default/files/documents/cases/2013/04/130415designerwarecmpt.pdf
"DesignerWare, LLC, In the Matter of",https://www.ftc.gov/sites/default/files/documents/cases/2013/04/130415designerwaredo.pdf
"DesignerWare, LLC, In the Matter of",https://www.ftc.gov/sites/default/files/documents/cases/2013/04/130415designerwareltrconsent_2.pdf
"DesignerWare, LLC, In the Matter of",https://www.ftc.gov/sites/default/files/documents/cases/2013/04/130415designerwareltrdouglas.pdf
"DesignerWare, LLC, In the Matter of",https://www.ftc.gov/sites/default/files/documents/cases/2013/04/130415designerwareltremory.pdf
"DesignerWare, LLC, In the Matter of",https://www.ftc.gov/sites/default/files/documents/cases/2013/04/130415designerwareltrepic_2.pdf
"DesignerWare, LLC, In the Matter of",https://www.ftc.gov/sites/default/files/documents/cases/2013/04/130415designerwareltrgregory.pdf
"DesignerWare, LLC, In the Matter of",https://www.ftc.gov/sites/default/files/documents/cases/2013/04/130415designerwareltrjalbert.pdf
"DesignerWare, LLC, In the Matter of",https://www.ftc.gov/sites/default/files/documents/cases/2013/04/130415designerwareltrkelly.pdf
"DesignerWare, LLC, In the Matter of",https://www.ftc.gov/sites/default/files/documents/cases/2013/04/130415designerwareltrmartin.pdf
"DesignerWare, LLC, In the Matter of",https://www.ftc.gov/sites/default/files/documents/cases/2013/04/130415designerwareltrstronger_2.pdf
"DesignerWare, LLC, In the Matter of",https://www.ftc.gov/sites/default/files/documents/cases/2013/04/130415designerwareltrsupport_2.pdf
"DesignerWare, LLC, In the Matter of",https://www.ftc.gov/sites/default/files/documents/cases/2013/04/130415designerwareltruse_2.pdf
"DesignerWare, LLC, In the Matter of",https://www.ftc.gov/sites/default/files/documents/cases/2013/04/130415designerwareltrwestmoreland.pdf
"DesignerWare, LLC, In the Matter of",https://www.ftc.gov/sites/default/files/documents/cases/2013/04/130415designerwareprohibiting_2.pdf
"Red Zone Investment Group, Inc., In the Matter of",https://www.ftc.gov/sites/default/files/documents/cases/2012/09/120925designerwareanalysis_5.pdf
"Red Zone Investment Group, Inc., In the Matter of",https://www.ftc.gov/sites/default/files/documents/cases/2012/09/120925redzoneagree.pdf
"Red Zone Investment Group, Inc., In the Matter of",https://www.ftc.gov/sites/default/files/documents/cases/2012/09/120925redzonecmpt.pdf
"Red Zone Investment Group, Inc., In the Matter of",https://www.ftc.gov/sites/default/files/documents/cases/2012/10/121002designerwarefrn_5.pdf
"Red Zone Investment Group, Inc., In the Matter of",https://www.ftc.gov/sites/default/files/documents/cases/2013/04/130415designerwareltrconsent_5.pdf
"Red Zone Investment Group, Inc., In the Matter of",https://www.ftc.gov/sites/default/files/documents/cases/2013/04/130415designerwareltredmistenlaw_0.pdf
"Red Zone Investment Group, Inc., In the Matter of",https://www.ftc.gov/sites/default/files/documents/cases/2013/04/130415designerwareltrepic_5.pdf
"Red Zone Investment Group, Inc., In the Matter of",https://www.ftc.gov/sites/default/files/documents/cases/2013/04/130415designerwareltrstronger_5.pdf
"Red Zone Investment Group, Inc., In the Matter of",https://www.ftc.gov/sites/default/files/documents/cases/2013/04/130415designerwareltrsupport_5.pdf
"Red Zone Investment Group, Inc., In the Matter of",https://www.ftc.gov/sites/default/files/documents/cases/2013/04/130415designerwareltruse_5.pdf
"Red Zone Investment Group, Inc., In the Matter of",https://www.ftc.gov/sites/default/files/documents/cases/2013/04/130415designerwareprohibiting_5.pdf
"Red Zone Investment Group, Inc., In the Matter of",https://www.ftc.gov/sites/default/files/documents/cases/2013/04/130415redzonecmpt.pdf
"Red Zone Investment Group, Inc., In the Matter of",https://www.ftc.gov/sites/default/files/documents/cases/2013/04/130415redzonedo.pdf
"Showplace, Inc., In the Matter of",https://www.ftc.gov/sites/default/files/documents/cases/2012/09/120925designerwareanalysis_6.pdf
"Showplace, Inc., In the Matter of",https://www.ftc.gov/sites/default/files/documents/cases/2012/09/120925showplaceagree.pdf
"Showplace, Inc., In the Matter of",https://www.ftc.gov/sites/default/files/documents/cases/2012/09/120925showplacecmpt.pdf
"Showplace, Inc., In the Matter of",https://www.ftc.gov/sites/default/files/documents/cases/2012/10/121002designerwarefrn_6.pdf
"Showplace, Inc., In the Matter of",https://www.ftc.gov/sites/default/files/documents/cases/2013/04/130415designerwareltrconsent_6.pdf
"Showplace, Inc., In the Matter of",https://www.ftc.gov/sites/default/files/documents/cases/2013/04/130415designerwareltrepic_6.pdf
"Showplace, Inc., In the Matter of",https://www.ftc.gov/sites/default/files/documents/cases/2013/04/130415designerwareltrstronger_6.pdf
"Showplace, Inc., In the Matter of",https://www.ftc.gov/sites/default/files/documents/cases/2013/04/130415designerwareltrsupport_6.pdf
"Showplace, Inc., In the Matter of",https://www.ftc.gov/sites/default/files/documents/cases/2013/04/130415designerwareltruse_6.pdf
"Showplace, Inc., In the Matter of",https://www.ftc.gov/sites/default/files/documents/cases/2013/04/130415designerwareprohibiting_6.pdf
"Showplace, Inc., In the Matter of",https://www.ftc.gov/sites/default/files/documents/cases/2013/04/130415showplacecmpt.pdf
"Showplace, Inc., In the Matter of",https://www.ftc.gov/sites/default/files/documents/cases/2013/04/130415showplacedo.pdf
"J.A.G. Rents, LLC, also d/b/a ColorTyme, In the Matter of",https://www.ftc.gov/sites/default/files/documents/cases/2012/09/120925designerwareanalysis_3.pdf
"J.A.G. Rents, LLC, also d/b/a ColorTyme, In the Matter of",https://www.ftc.gov/sites/default/files/documents/cases/2012/09/120925jagagree.pdf
"J.A.G. Rents, LLC, also d/b/a ColorTyme, In the Matter of",https://www.ftc.gov/sites/default/files/documents/cases/2012/09/120925jagcmpt.pdf
"J.A.G. Rents, LLC, also d/b/a ColorTyme, In the Matter of",https://www.ftc.gov/sites/default/files/documents/cases/2012/10/121002designerwarefrn_3.pdf
"J.A.G. Rents, LLC, also d/b/a ColorTyme, In the Matter of",https://www.ftc.gov/sites/default/files/documents/cases/2013/04/130415designerwareltrconsent_3.pdf
"J.A.G. Rents, LLC, also d/b/a ColorTyme, In the Matter of",https://www.ftc.gov/sites/default/files/documents/cases/2013/04/130415designerwareltredmistenlaw.pdf
"J.A.G. Rents, LLC, also d/b/a ColorTyme, In the Matter of",https://www.ftc.gov/sites/default/files/documents/cases/2013/04/130415designerwareltrepic_3.pdf
"J.A.G. Rents, LLC, also d/b/a ColorTyme, In the Matter of",https://www.ftc.gov/sites/default/files/documents/cases/2013/04/130415designerwareltrstronger_3.pdf
"J.A.G. Rents, LLC, also d/b/a ColorTyme, In the Matter of",https://www.ftc.gov/sites/default/files/documents/cases/2013/04/130415designerwareltrsupport_3.pdf
"J.A.G. Rents, LLC, also d/b/a ColorTyme, In the Matter of",https://www.ftc.gov/sites/default/files/documents/cases/2013/04/130415designerwareltruse_3.pdf
"J.A.G. Rents, LLC, also d/b/a ColorTyme, In the Matter of",https://www.ftc.gov/sites/default/files/documents/cases/2013/04/130415designerwareprohibiting_3.pdf
"J.A.G. Rents, LLC, also d/b/a ColorTyme, In the Matter of",https://www.ftc.gov/sites/default/files/documents/cases/2013/04/130415jagcmpt.pdf
"J.A.G. Rents, LLC, also d/b/a ColorTyme, In the Matter of",https://www.ftc.gov/sites/default/files/documents/cases/2013/04/130415jagdo.pdf
"Watershed Development Corp., In the Matter of",https://www.ftc.gov/sites/default/files/documents/cases/2012/09/120925designerwareanalysis_7.pdf
"Watershed Development Corp., In the Matter of",https://www.ftc.gov/sites/default/files/documents/cases/2012/09/120925watershedagree.pdf
"Watershed Development Corp., In the Matter of",https://www.ftc.gov/sites/default/files/documents/cases/2012/09/120925watershedcmpt.pdf
"Watershed Development Corp., In the Matter of",https://www.ftc.gov/sites/default/files/documents/cases/2012/10/121002designerwarefrn_7.pdf
"Watershed Development Corp., In the Matter of",https://www.ftc.gov/sites/default/files/documents/cases/2013/04/130415designerwareltrconsent_7.pdf
"Watershed Development Corp., In the Matter of",https://www.ftc.gov/sites/default/files/documents/cases/2013/04/130415designerwareltrepic_7.pdf
"Watershed Development Corp., In the Matter of",https://www.ftc.gov/sites/default/files/documents/cases/2013/04/130415designerwareltrmarkslaw.pdf
"Watershed Development Corp., In the Matter of",https://www.ftc.gov/sites/default/files/documents/cases/2013/04/130415designerwareltrstronger_7.pdf
"Watershed Development Corp., In the Matter of",https://www.ftc.gov/sites/default/files/documents/cases/2013/04/130415designerwareltrsupport_7.pdf
"Watershed Development Corp., In the Matter of",https://www.ftc.gov/sites/default/files/documents/cases/2013/04/130415designerwareltruse_7.pdf
"Watershed Development Corp., In the Matter of",https://www.ftc.gov/sites/default/files/documents/cases/2013/04/130415designerwareprohibiting_7.pdf
"Watershed Development Corp., In the Matter of",https://www.ftc.gov/sites/default/files/documents/cases/2013/04/130415watershedcmpt.pdf
"Watershed Development Corp., In the Matter of",https://www.ftc.gov/sites/default/files/documents/cases/2013/04/130415watersheddo.pdf
"Epic Marketplace, Inc.",https://www.ftc.gov/sites/default/files/documents/cases/2012/12/121205epicanalysis.pdf
"Epic Marketplace, Inc.",https://www.ftc.gov/sites/default/files/documents/cases/2012/12/121205epiccmpt.pdf
"Epic Marketplace, Inc.",https://www.ftc.gov/sites/default/files/documents/cases/2012/12/121205epicorder.pdf
"Epic Marketplace, Inc.",https://www.ftc.gov/sites/default/files/documents/cases/2012/12/121211epicfrn.pdf
"Epic Marketplace, Inc.",https://www.ftc.gov/sites/default/files/documents/cases/2013/03/130315epicmarketplacecmpt.pdf
"Epic Marketplace, Inc.",https://www.ftc.gov/sites/default/files/documents/cases/2013/03/130315epicmarketplacedo.pdf
"Epic Marketplace, Inc.",https://www.ftc.gov/sites/default/files/documents/cases/2013/03/130315epicmarketplacemilesletter.pdf
"Epic Marketplace, Inc.",https://www.ftc.gov/sites/default/files/documents/cases/2013/03/130315epicmarketplacesokolowletter.pdf
"Epic Marketplace, Inc.",https://www.ftc.gov/sites/default/files/documents/cases/2013/03/130315epicmarketplacesteeradsletter.pdf
Equifax Information Services LL,https://www.ftc.gov/sites/default/files/documents/cases/2012/10/121010equifaxagree.pdf
Equifax Information Services LL,https://www.ftc.gov/sites/default/files/documents/cases/2012/10/121010equifaxanal.pdf
Equifax Information Services LL,https://www.ftc.gov/sites/default/files/documents/cases/2012/10/121010equifaxappendixa.pdf
Equifax Information Services LL,https://www.ftc.gov/sites/default/files/documents/cases/2012/10/121010equifaxcmpt.pdf
Equifax Information Services LL,https://www.ftc.gov/sites/default/files/documents/cases/2012/10/121017equifaxagreefrn.pdf
Equifax Information Services LL,https://www.ftc.gov/sites/default/files/documents/cases/2013/03/130315equifaxcmpt.pdf
Equifax Information Services LL,https://www.ftc.gov/sites/default/files/documents/cases/2013/03/130315equifaxcrottsletter.pdf
Equifax Information Services LL,https://www.ftc.gov/sites/default/files/documents/cases/2013/03/130315equifaxdo.pdf
Equifax Information Services LL,https://www.ftc.gov/sites/default/files/documents/cases/2013/03/130315equifaxellisletter.pdf
Equifax Information Services LL,https://www.ftc.gov/sites/default/files/documents/cases/2013/03/130315equifaxgellmanletter.pdf
Equifax Information Services LL,https://www.ftc.gov/sites/default/files/documents/cases/2013/03/130315equifaxgonzalezletter.pdf
Equifax Information Services LL,https://www.ftc.gov/sites/default/files/documents/cases/2013/03/130315equifaxhuettnerletter.pdf
Equifax Information Services LL,https://www.ftc.gov/sites/default/files/documents/cases/2013/03/130315equifaxjohnsonletter.pdf
Equifax Information Services LL,https://www.ftc.gov/sites/default/files/documents/cases/2013/03/130315equifaxmcclaryletter.pdf
Equifax Information Services LL,https://www.ftc.gov/sites/default/files/documents/cases/2013/03/130315equifaxperezletter.pdf
Equifax Information Services LL,https://www.ftc.gov/sites/default/files/documents/cases/2013/03/130315equifaxsmithletter.pdf
Equifax Information Services LL,https://www.ftc.gov/sites/default/files/documents/cases/2013/03/130315equifaxsortinoletter.pdf
Equifax Information Services LL,https://www.ftc.gov/sites/default/files/documents/cases/2013/03/130315equifaxteklemariamletter.pdf
Equifax Information Services LL,https://www.ftc.gov/sites/default/files/documents/cases/2013/03/130315equifaxweinachtletter.pdf
Equifax Information Services LL,https://www.ftc.gov/sites/default/files/documents/cases/2013/03/130315equifaxworldletter.pdf
"Compete, Inc.",https://www.ftc.gov/sites/default/files/documents/cases/2012/10/121022competeincagreeorder.pdf
"Compete, Inc.",https://www.ftc.gov/sites/default/files/documents/cases/2012/10/121022competeincanal.pdf
"Compete, Inc.",https://www.ftc.gov/sites/default/files/documents/cases/2012/10/121022competeinccmpt.pdf
"Compete, Inc.",https://www.ftc.gov/sites/default/files/documents/cases/2012/10/121022competeincexhibits.pdf
"Compete, Inc.",https://www.ftc.gov/sites/default/files/documents/cases/2012/10/211029competeanalfrn.pdf
"Compete, Inc.",https://www.ftc.gov/sites/default/files/documents/cases/2013/02/121022competeincexhibits.pdf
"Compete, Inc.",https://www.ftc.gov/sites/default/files/documents/cases/2013/02/130222competecmpt.pdf
"Compete, Inc.",https://www.ftc.gov/sites/default/files/documents/cases/2013/02/130222competedo.pdf
"Compete, Inc.",https://www.ftc.gov/sites/default/files/documents/cases/2013/02/130222competeepicletter.pdf
"Compete, Inc.",https://www.ftc.gov/sites/default/files/documents/cases/2013/02/130222competefleckensteinletter.pdf
"Compete, Inc.",https://www.ftc.gov/sites/default/files/documents/cases/2013/02/130222competesteeradsletter.pdf
"Path, Inc.",https://www.ftc.gov/sites/default/files/documents/cases/2013/02/130201pathincappendixa.pdf
"Path, Inc.",https://www.ftc.gov/sites/default/files/documents/cases/2013/02/130201pathinccmpt.pdf
"Path, Inc.",https://www.ftc.gov/sites/default/files/documents/cases/2013/02/130201pathincdo.pdf
"Path, Inc.",https://www.ftc.gov/sites/default/files/documents/cases/2013/02/130201pathincexhibitsab.pdf
"LabMD, Inc. & Michael Daugherty",https://www.ftc.gov/system/files/documents/cases/it_media_2016-01-10_order_to_show_cause_0.pdf
"LabMD, Inc. & Michael Daugherty",https://www.ftc.gov/system/files/documents/cases/labmd_2012-08-29_enforcement_petition.pdf
"LabMD, Inc. & Michael Daugherty",https://www.ftc.gov/system/files/documents/cases/labmd_2012-11-26_order_enforcing_cids.pdf
Google Inc.,https://www.ftc.gov/sites/default/files/documents/cases/2012/08/120809googlecmptexhibits.pdf
Google Inc.,https://www.ftc.gov/sites/default/files/documents/cases/2012/08/120809googleroschstatement.pdf
Google Inc.,https://www.ftc.gov/sites/default/files/documents/cases/2012/08/120809googlestatement.pdf
Google Inc.,https://www.ftc.gov/sites/default/files/documents/cases/2012/08/120809googlestip.pdf
Google Inc.,https://www.ftc.gov/sites/default/files/documents/cases/2012/11/121120googleorder.pdf
"PLS Financial Services, Inc., et al.",https://www.ftc.gov/sites/default/files/documents/cases/2012/11/121107plspaydaycmpt.pdf
"PLS Financial Services, Inc., et al.",https://www.ftc.gov/sites/default/files/documents/cases/2012/11/121107plspaydaystip.pdf
"EPN, Inc., also d/b/a Checknet, Inc., In the Matter of",https://www.ftc.gov/sites/default/files/documents/cases/2012/06/120607epnagree.pdf
"EPN, Inc., also d/b/a Checknet, Inc., In the Matter of",https://www.ftc.gov/sites/default/files/documents/cases/2012/06/120607epnanal.pdf
"EPN, Inc., also d/b/a Checknet, Inc., In the Matter of",https://www.ftc.gov/sites/default/files/documents/cases/2012/06/120607epncmpt.pdf
"EPN, Inc., also d/b/a Checknet, Inc., In the Matter of",https://www.ftc.gov/sites/default/files/documents/cases/2012/06/120613epnfrn.pdf
"EPN, Inc., also d/b/a Checknet, Inc., In the Matter of",https://www.ftc.gov/sites/default/files/documents/cases/2012/10/121026epncmpt.pdf
"EPN, Inc., also d/b/a Checknet, Inc., In the Matter of",https://www.ftc.gov/sites/default/files/documents/cases/2012/10/121026epndo.pdf
"EPN, Inc., also d/b/a Checknet, Inc., In the Matter of",https://www.ftc.gov/sites/default/files/documents/cases/2012/10/121026epnltrmcelhenie.pdf
"Franklin's Budget Car Sales, Inc., also d/b/a Franklin Toyota/Scion, In the Matter of",https://www.ftc.gov/sites/default/files/documents/cases/2012/06/120607franklinautomallagree.pdf
"Franklin's Budget Car Sales, Inc., also d/b/a Franklin Toyota/Scion, In the Matter of",https://www.ftc.gov/sites/default/files/documents/cases/2012/06/120607franklinautomallanal.pdf
"Franklin's Budget Car Sales, Inc., also d/b/a Franklin Toyota/Scion, In the Matter of",https://www.ftc.gov/sites/default/files/documents/cases/2012/06/120607franklinautomallcmpt.pdf
"Franklin's Budget Car Sales, Inc., also d/b/a Franklin Toyota/Scion, In the Matter of",https://www.ftc.gov/sites/default/files/documents/cases/2012/06/120607franklinautomallexhibit.pdf
"Franklin's Budget Car Sales, Inc., also d/b/a Franklin Toyota/Scion, In the Matter of",https://www.ftc.gov/sites/default/files/documents/cases/2012/06/120613franklinfrn.pdf
"Franklin's Budget Car Sales, Inc., also d/b/a Franklin Toyota/Scion, In the Matter of",https://www.ftc.gov/sites/default/files/documents/cases/2012/10/121026franklinautomallcmpt.pdf
"Franklin's Budget Car Sales, Inc., also d/b/a Franklin Toyota/Scion, In the Matter of",https://www.ftc.gov/sites/default/files/documents/cases/2012/10/121026franklinautomalldo.pdf
"Franklin's Budget Car Sales, Inc., also d/b/a Franklin Toyota/Scion, In the Matter of",https://www.ftc.gov/sites/default/files/documents/cases/2012/10/121026franklinautomallltrmixon.pdf
"Direct Lending Source, Inc., et al.",https://www.ftc.gov/sites/default/files/documents/cases/2012/10/121010directlendingcmpt.pdf
"Direct Lending Source, Inc., et al.",https://www.ftc.gov/sites/default/files/documents/cases/2012/10/121010directlendingstip.pdf
"Artist Arena LLC, United States of America (for the Federal Trade Commission)",https://www.ftc.gov/sites/default/files/documents/cases/2012/10/121003artistarenacmpt.pdf
"Artist Arena LLC, United States of America (for the Federal Trade Commission)",https://www.ftc.gov/sites/default/files/documents/cases/2012/10/121003artistarenadecree.pdf
"Artist Arena LLC, United States of America (for the Federal Trade Commission)",https://www.ftc.gov/sites/default/files/documents/cases/2012/10/121003artistarenaorderapxa.pdf
"Artist Arena LLC, United States of America (for the Federal Trade Commission)",https://www.ftc.gov/sites/default/files/documents/cases/2012/10/artistarena_exhibit_1.pdf
"Artist Arena LLC, United States of America (for the Federal Trade Commission)",https://www.ftc.gov/sites/default/files/documents/cases/2012/10/artistarena_exhibit_10.pdf
"Artist Arena LLC, United States of America (for the Federal Trade Commission)",https://www.ftc.gov/sites/default/files/documents/cases/2012/10/artistarena_exhibit_11.pdf
"Artist Arena LLC, United States of America (for the Federal Trade Commission)",https://www.ftc.gov/sites/default/files/documents/cases/2012/10/artistarena_exhibit_12.pdf
"Artist Arena LLC, United States of America (for the Federal Trade Commission)",https://www.ftc.gov/sites/default/files/documents/cases/2012/10/artistarena_exhibit_13.pdf
"Artist Arena LLC, United States of America (for the Federal Trade Commission)",https://www.ftc.gov/sites/default/files/documents/cases/2012/10/artistarena_exhibit_14.pdf
"Artist Arena LLC, United States of America (for the Federal Trade Commission)",https://www.ftc.gov/sites/default/files/documents/cases/2012/10/artistarena_exhibit_15.pdf
"Artist Arena LLC, United States of America (for the Federal Trade Commission)",https://www.ftc.gov/sites/default/files/documents/cases/2012/10/artistarena_exhibit_2.pdf
"Artist Arena LLC, United States of America (for the Federal Trade Commission)",https://www.ftc.gov/sites/default/files/documents/cases/2012/10/artistarena_exhibit_3.pdf
"Artist Arena LLC, United States of America (for the Federal Trade Commission)",https://www.ftc.gov/sites/default/files/documents/cases/2012/10/artistarena_exhibit_4.pdf
"Artist Arena LLC, United States of America (for the Federal Trade Commission)",https://www.ftc.gov/sites/default/files/documents/cases/2012/10/artistarena_exhibit_5.pdf
"Artist Arena LLC, United States of America (for the Federal Trade Commission)",https://www.ftc.gov/sites/default/files/documents/cases/2012/10/artistarena_exhibit_6.pdf
"Artist Arena LLC, United States of America (for the Federal Trade Commission)",https://www.ftc.gov/sites/default/files/documents/cases/2012/10/artistarena_exhibit_7.pdf
"Artist Arena LLC, United States of America (for the Federal Trade Commission)",https://www.ftc.gov/sites/default/files/documents/cases/2012/10/artistarena_exhibit_8.pdf
"Artist Arena LLC, United States of America (for the Federal Trade Commission)",https://www.ftc.gov/sites/default/files/documents/cases/2012/10/artistarena_exhibit_9.pdf
"Myspace LLC, In the Matter of",https://www.ftc.gov/sites/default/files/documents/cases/2012/05/120508myspaceanal.pdf
"Myspace LLC, In the Matter of",https://www.ftc.gov/sites/default/files/documents/cases/2012/05/120508myspacecmpt.pdf
"Myspace LLC, In the Matter of",https://www.ftc.gov/sites/default/files/documents/cases/2012/05/120508myspaceexhibits.pdf
"Myspace LLC, In the Matter of",https://www.ftc.gov/sites/default/files/documents/cases/2012/05/120508myspaceorder.pdf
"Myspace LLC, In the Matter of",https://www.ftc.gov/sites/default/files/documents/cases/2012/05/120514myspace.pdf
"Myspace LLC, In the Matter of",https://www.ftc.gov/sites/default/files/documents/cases/2012/09/120508myspaceexhibits.pdf
"Myspace LLC, In the Matter of",https://www.ftc.gov/sites/default/files/documents/cases/2012/09/120911myspacecmpt.pdf
"Myspace LLC, In the Matter of",https://www.ftc.gov/sites/default/files/documents/cases/2012/09/120911myspacedo.pdf
"Myspace LLC, In the Matter of",https://www.ftc.gov/sites/default/files/documents/cases/2012/09/120911myspaceletteralpert.pdf
"Myspace LLC, In the Matter of",https://www.ftc.gov/sites/default/files/documents/cases/2012/09/120911myspacelettercosloy.pdf
"Myspace LLC, In the Matter of",https://www.ftc.gov/sites/default/files/documents/cases/2012/09/120911myspaceletterepic.pdf
"Myspace LLC, In the Matter of",https://www.ftc.gov/sites/default/files/documents/cases/2012/09/120911myspaceletterheatherly.pdf
"Myspace LLC, In the Matter of",https://www.ftc.gov/sites/default/files/documents/cases/2012/09/120911myspaceletterhiggins.pdf
"Myspace LLC, In the Matter of",https://www.ftc.gov/sites/default/files/documents/cases/2012/09/120911myspaceletterrae.pdf
"Myspace LLC, In the Matter of",https://www.ftc.gov/sites/default/files/documents/cases/2012/09/120911myspacelettersteerads.pdf
"Myspace LLC, In the Matter of",https://www.ftc.gov/sites/default/files/documents/cases/2012/09/120911myspaceletterwilborn.pdf
"HireRight Solutions, Inc.",https://www.ftc.gov/sites/default/files/documents/cases/2012/08/120808hirerightcmpt.pdf
"HireRight Solutions, Inc.",https://www.ftc.gov/sites/default/files/documents/cases/2012/08/120808hirerightstip.pdf
"Spokeo, Inc.",https://www.ftc.gov/sites/default/files/documents/cases/2012/06/120612spokeocmpt.pdf
"Spokeo, Inc.",https://www.ftc.gov/sites/default/files/documents/cases/2012/06/120612spokeoorder.pdf
"Spokeo, Inc.",https://www.ftc.gov/sites/default/files/documents/cases/2012/06/120612spokeostip.pdf
"Upromise, Inc.",https://www.ftc.gov/sites/default/files/documents/cases/2012/01/120105upromiseagree.pdf
"Upromise, Inc.",https://www.ftc.gov/sites/default/files/documents/cases/2012/01/120105upromiseanal.pdf
"Upromise, Inc.",https://www.ftc.gov/sites/default/files/documents/cases/2012/01/120105upromisecmpt.pdf
"Upromise, Inc.",https://www.ftc.gov/sites/default/files/documents/cases/2012/01/120105upromiseexhibits.pdf
"Upromise, Inc.",https://www.ftc.gov/sites/default/files/documents/cases/2012/01/120118upromisefrn.pdf
"Upromise, Inc.",https://www.ftc.gov/sites/default/files/documents/cases/2012/04/120105upromiseexhibits.pdf
"Upromise, Inc.",https://www.ftc.gov/sites/default/files/documents/cases/2012/04/120403upromisecmpt.pdf
"Upromise, Inc.",https://www.ftc.gov/sites/default/files/documents/cases/2012/04/120403upromisedo.pdf
"Upromise, Inc.",https://www.ftc.gov/sites/default/files/documents/cases/2012/04/120403upromiseletter.pdf
"RockYou, Inc.",https://www.ftc.gov/sites/default/files/documents/cases/2012/03/120327rockyoucmpt.pdf
"RockYou, Inc.",https://www.ftc.gov/sites/default/files/documents/cases/2012/03/120327rockyoumtn.pdf
"RockYou, Inc.",https://www.ftc.gov/sites/default/files/documents/cases/2012/03/120327rockyouorder.pdf
"Asset Acceptance, LLC",https://www.ftc.gov/sites/default/files/documents/cases/2012/01/120130assetcmpt.pdf
"Asset Acceptance, LLC",https://www.ftc.gov/sites/default/files/documents/cases/2012/01/120130assetmtn.pdf
"Asset Acceptance, LLC",https://www.ftc.gov/sites/default/files/documents/cases/2012/01/120131assetconsent.pdf
"Asset Acceptance, LLC",https://www.ftc.gov/sites/default/files/documents/cases/2012/01/120131assetorder.pdf
"ScanScout, Inc., In the Matter of",https://www.ftc.gov/sites/default/files/documents/cases/2011/11/111108scanscoutagree.pdf
"ScanScout, Inc., In the Matter of",https://www.ftc.gov/sites/default/files/documents/cases/2011/11/111108scanscoutanal.pdf
"ScanScout, Inc., In the Matter of",https://www.ftc.gov/sites/default/files/documents/cases/2011/11/111108scanscoutcmpt.pdf
"ScanScout, Inc., In the Matter of",https://www.ftc.gov/sites/default/files/documents/cases/2011/11/111118scanscout.pdf
"ScanScout, Inc., In the Matter of",https://www.ftc.gov/sites/default/files/documents/cases/2011/12/111221scanscoutcmpt.pdf
"ScanScout, Inc., In the Matter of",https://www.ftc.gov/sites/default/files/documents/cases/2011/12/111221scanscoutdo.pdf
"Godwin, Jones O., d/b/a skidekids.com",https://www.ftc.gov/sites/default/files/documents/cases/2011/11/111108skidekidscmpt.pdf
"Godwin, Jones O., d/b/a skidekids.com",https://www.ftc.gov/sites/default/files/documents/cases/2011/11/111108skidekidscmptexh.pdf
"Godwin, Jones O., d/b/a skidekids.com",https://www.ftc.gov/sites/default/files/documents/cases/2011/11/111108skidekidsorder.pdf
"Godwin, Jones O., d/b/a skidekids.com",https://www.ftc.gov/sites/default/files/documents/cases/2011/11/111108skidekidsorderappdxa.pdf
"Google, Inc., In the Matter of",https://www.ftc.gov/sites/default/files/documents/cases/2011/03/110330googlebuzzagreeorder.pdf
"Google, Inc., In the Matter of",https://www.ftc.gov/sites/default/files/documents/cases/2011/03/110330googlebuzzanal.pdf
"Google, Inc., In the Matter of",https://www.ftc.gov/sites/default/files/documents/cases/2011/03/110330googlebuzzcmpt.pdf
"Google, Inc., In the Matter of",https://www.ftc.gov/sites/default/files/documents/cases/2011/03/110330googlebuzzexhibit.pdf
"Google, Inc., In the Matter of",https://www.ftc.gov/sites/default/files/documents/cases/2011/03/110330googlebuzzstatement.pdf
"Google, Inc., In the Matter of",https://www.ftc.gov/sites/default/files/documents/cases/2011/04/110405googlebuzzfrn.pdf
"Google, Inc., In the Matter of",https://www.ftc.gov/sites/default/files/documents/cases/2011/10/110330googlebuzzexhibit.pdf
"Google, Inc., In the Matter of",https://www.ftc.gov/sites/default/files/documents/cases/2011/10/111024googlebuzzassociationresearch.pdf
"Google, Inc., In the Matter of",https://www.ftc.gov/sites/default/files/documents/cases/2011/10/111024googlebuzzbeary.pdf
"Google, Inc., In the Matter of",https://www.ftc.gov/sites/default/files/documents/cases/2011/10/111024googlebuzzbellemare.pdf
"Google, Inc., In the Matter of",https://www.ftc.gov/sites/default/files/documents/cases/2011/10/111024googlebuzzbink.pdf
"Google, Inc., In the Matter of",https://www.ftc.gov/sites/default/files/documents/cases/2011/10/111024googlebuzzbrown.pdf
"Google, Inc., In the Matter of",https://www.ftc.gov/sites/default/files/documents/cases/2011/10/111024googlebuzzburrows.pdf
"Google, Inc., In the Matter of",https://www.ftc.gov/sites/default/files/documents/cases/2011/10/111024googlebuzzcaliflibrary.pdf
"Google, Inc., In the Matter of",https://www.ftc.gov/sites/default/files/documents/cases/2011/10/111024googlebuzzclearinghouse.pdf
"Google, Inc., In the Matter of",https://www.ftc.gov/sites/default/files/documents/cases/2011/10/111024googlebuzzcmpt.pdf
"Google, Inc., In the Matter of",https://www.ftc.gov/sites/default/files/documents/cases/2011/10/111024googlebuzzcommentcali.pdf
"Google, Inc., In the Matter of",https://www.ftc.gov/sites/default/files/documents/cases/2011/10/111024googlebuzzday.pdf
"Google, Inc., In the Matter of",https://www.ftc.gov/sites/default/files/documents/cases/2011/10/111024googlebuzzdigitaldem.pdf
"Google, Inc., In the Matter of",https://www.ftc.gov/sites/default/files/documents/cases/2011/10/111024googlebuzzdo.pdf
"Google, Inc., In the Matter of",https://www.ftc.gov/sites/default/files/documents/cases/2011/10/111024googlebuzzeng.pdf
"Google, Inc., In the Matter of",https://www.ftc.gov/sites/default/files/documents/cases/2011/10/111024googlebuzzepic.pdf
"Google, Inc., In the Matter of",https://www.ftc.gov/sites/default/files/documents/cases/2011/10/111024googlebuzzepiccomment.pdf
"Google, Inc., In the Matter of",https://www.ftc.gov/sites/default/files/documents/cases/2011/10/111024googlebuzzevans.pdf
"Google, Inc., In the Matter of",https://www.ftc.gov/sites/default/files/documents/cases/2011/10/111024googlebuzzfreitag.pdf
"Google, Inc., In the Matter of",https://www.ftc.gov/sites/default/files/documents/cases/2011/10/111024googlebuzzgupta.pdf
"Google, Inc., In the Matter of",https://www.ftc.gov/sites/default/files/documents/cases/2011/10/111024googlebuzzjeltes.pdf
"Google, Inc., In the Matter of",https://www.ftc.gov/sites/default/files/documents/cases/2011/10/111024googlebuzzjersey.pdf
"Google, Inc., In the Matter of",https://www.ftc.gov/sites/default/files/documents/cases/2011/10/111024googlebuzzlee.pdf
"Google, Inc., In the Matter of",https://www.ftc.gov/sites/default/files/documents/cases/2011/10/111024googlebuzzlillywhite.pdf
"Google, Inc., In the Matter of",https://www.ftc.gov/sites/default/files/documents/cases/2011/10/111024googlebuzzlord.pdf
"Google, Inc., In the Matter of",https://www.ftc.gov/sites/default/files/documents/cases/2011/10/111024googlebuzzmai.pdf
"Google, Inc., In the Matter of",https://www.ftc.gov/sites/default/files/documents/cases/2011/10/111024googlebuzzmazurek.pdf
"Google, Inc., In the Matter of",https://www.ftc.gov/sites/default/files/documents/cases/2011/10/111024googlebuzzmenteer.pdf
"Google, Inc., In the Matter of",https://www.ftc.gov/sites/default/files/documents/cases/2011/10/111024googlebuzzmir.pdf
"Google, Inc., In the Matter of",https://www.ftc.gov/sites/default/files/documents/cases/2011/10/111024googlebuzznewzealand.pdf
"Google, Inc., In the Matter of",https://www.ftc.gov/sites/default/files/documents/cases/2011/10/111024googlebuzzshich.pdf
"Google, Inc., In the Matter of",https://www.ftc.gov/sites/default/files/documents/cases/2011/10/111024googlebuzzsilva.pdf
"Google, Inc., In the Matter of",https://www.ftc.gov/sites/default/files/documents/cases/2011/10/111024googlebuzzsimpson.pdf
"Google, Inc., In the Matter of",https://www.ftc.gov/sites/default/files/documents/cases/2011/10/111024googlebuzzsingh.pdf
"Google, Inc., In the Matter of",https://www.ftc.gov/sites/default/files/documents/cases/2011/10/111024googlebuzztedder.pdf
"Google, Inc., In the Matter of",https://www.ftc.gov/sites/default/files/documents/cases/2011/10/111024googlebuzzthompson.pdf
"Google, Inc., In the Matter of",https://www.ftc.gov/sites/default/files/documents/cases/2011/10/111024googlebuzzthu.pdf
"Google, Inc., In the Matter of",https://www.ftc.gov/sites/default/files/documents/cases/2011/10/111024googlebuzztimothy.pdf
"Google, Inc., In the Matter of",https://www.ftc.gov/sites/default/files/documents/cases/2011/10/111024googlebuzzwatchdog.pdf
"Google, Inc., In the Matter of",https://www.ftc.gov/sites/default/files/documents/cases/2011/10/1111024googlebuzzfaist.pdf
Frostwire LLC and Angel Leon,https://www.ftc.gov/sites/default/files/documents/cases/2011/10/111011frostwirecmpt.pdf
Frostwire LLC and Angel Leon,https://www.ftc.gov/sites/default/files/documents/cases/2011/10/111011frostwirestip.pdf
Frostwire LLC and Angel Leon,https://www.ftc.gov/sites/default/files/documents/cases/2011/10/111012frostwirestip.pdf
"W3 Innovations, LLC d/b/a Broken Thumb Apps and Justin Maples, U.S.",https://www.ftc.gov/sites/default/files/documents/cases/2011/08/110815w3appendix.pdf
"W3 Innovations, LLC d/b/a Broken Thumb Apps and Justin Maples, U.S.",https://www.ftc.gov/sites/default/files/documents/cases/2011/08/110815w3cmpt.pdf
"W3 Innovations, LLC d/b/a Broken Thumb Apps and Justin Maples, U.S.",https://www.ftc.gov/sites/default/files/documents/cases/2011/08/110815w3exhibits.pdf
"W3 Innovations, LLC d/b/a Broken Thumb Apps and Justin Maples, U.S.",https://www.ftc.gov/sites/default/files/documents/cases/2011/08/110815w3order.pdf
"W3 Innovations, LLC d/b/a Broken Thumb Apps and Justin Maples, U.S.",https://www.ftc.gov/sites/default/files/documents/cases/2011/09/110908w3order.pdf
"ACRAnet, Inc., In the Matter of",https://www.ftc.gov/sites/default/files/documents/cases/2011/02/110203acranetagree.pdf
"ACRAnet, Inc., In the Matter of",https://www.ftc.gov/sites/default/files/documents/cases/2011/02/110203acranetanal.pdf
"ACRAnet, Inc., In the Matter of",https://www.ftc.gov/sites/default/files/documents/cases/2011/02/110203acranetcmpt.pdf
"ACRAnet, Inc., In the Matter of",https://www.ftc.gov/sites/default/files/documents/cases/2011/02/110203brillacrastatement.pdf
"ACRAnet, Inc., In the Matter of",https://www.ftc.gov/sites/default/files/documents/cases/2011/02/110209acranetcredit.pdf
"ACRAnet, Inc., In the Matter of",https://www.ftc.gov/sites/default/files/documents/cases/2011/08/110809acranetcmpt.pdf
"ACRAnet, Inc., In the Matter of",https://www.ftc.gov/sites/default/files/documents/cases/2011/08/110809acranetdo.pdf
"ACRAnet, Inc., In the Matter of",https://www.ftc.gov/sites/default/files/documents/cases/2011/08/110819individualbusinesscommenters.pdf
"ACRAnet, Inc., In the Matter of",https://www.ftc.gov/sites/default/files/documents/cases/2011/08/110819lettercdia.pdf
"ACRAnet, Inc., In the Matter of",https://www.ftc.gov/sites/default/files/documents/cases/2011/08/110819letterharris.pdf
"ACRAnet, Inc., In the Matter of",https://www.ftc.gov/sites/default/files/documents/cases/2011/08/110819letterncra.pdf
"ACRAnet, Inc., In the Matter of",https://www.ftc.gov/sites/default/files/documents/cases/2011/08/110819settlementonestatement.pdf
"Fajilan and Associates, Inc., also d/b/a Statewide Credit Services, In the Matter of",https://www.ftc.gov/sites/default/files/documents/cases/2011/02/110203brillstatewidestatement.pdf
"Fajilan and Associates, Inc., also d/b/a Statewide Credit Services, In the Matter of",https://www.ftc.gov/sites/default/files/documents/cases/2011/02/110203statewideagree.pdf
"Fajilan and Associates, Inc., also d/b/a Statewide Credit Services, In the Matter of",https://www.ftc.gov/sites/default/files/documents/cases/2011/02/110203statewidecmpt.pdf
"Fajilan and Associates, Inc., also d/b/a Statewide Credit Services, In the Matter of",https://www.ftc.gov/sites/default/files/documents/cases/2011/02/110203statewidesanal.pdf
"Fajilan and Associates, Inc., also d/b/a Statewide Credit Services, In the Matter of",https://www.ftc.gov/sites/default/files/documents/cases/2011/02/110209acranetcredit_0.pdf
"Fajilan and Associates, Inc., also d/b/a Statewide Credit Services, In the Matter of",https://www.ftc.gov/sites/default/files/documents/cases/2011/08/110819individualbusinesscommenters_0.pdf
"Fajilan and Associates, Inc., also d/b/a Statewide Credit Services, In the Matter of",https://www.ftc.gov/sites/default/files/documents/cases/2011/08/110819lettercdia_0.pdf
"Fajilan and Associates, Inc., also d/b/a Statewide Credit Services, In the Matter of",https://www.ftc.gov/sites/default/files/documents/cases/2011/08/110819letterharris_0.pdf
"Fajilan and Associates, Inc., also d/b/a Statewide Credit Services, In the Matter of",https://www.ftc.gov/sites/default/files/documents/cases/2011/08/110819letterncra_0.pdf
"Fajilan and Associates, Inc., also d/b/a Statewide Credit Services, In the Matter of",https://www.ftc.gov/sites/default/files/documents/cases/2011/08/110819settlementonestatement_0.pdf
"Fajilan and Associates, Inc., also d/b/a Statewide Credit Services, In the Matter of",https://www.ftc.gov/sites/default/files/documents/cases/2011/08/110819statewidecmpt.pdf
"Fajilan and Associates, Inc., also d/b/a Statewide Credit Services, In the Matter of",https://www.ftc.gov/sites/default/files/documents/cases/2011/08/110819statewidedo.pdf
SettlementOne Credit Corporation,https://www.ftc.gov/sites/default/files/documents/cases/2011/02/110203brillsettlementonestatement.pdf
SettlementOne Credit Corporation,https://www.ftc.gov/sites/default/files/documents/cases/2011/02/110203settlementoneagreeorder.pdf
SettlementOne Credit Corporation,https://www.ftc.gov/sites/default/files/documents/cases/2011/02/110203settlementoneanal.pdf
SettlementOne Credit Corporation,https://www.ftc.gov/sites/default/files/documents/cases/2011/02/110203settlementonecmpt.pdf
SettlementOne Credit Corporation,https://www.ftc.gov/sites/default/files/documents/cases/2011/02/110209acranetcredit_1.pdf
SettlementOne Credit Corporation,https://www.ftc.gov/sites/default/files/documents/cases/2011/08/110819individualbusinesscommenters_1.pdf
SettlementOne Credit Corporation,https://www.ftc.gov/sites/default/files/documents/cases/2011/08/110819lettercdia_1.pdf
SettlementOne Credit Corporation,https://www.ftc.gov/sites/default/files/documents/cases/2011/08/110819letterharris_1.pdf
SettlementOne Credit Corporation,https://www.ftc.gov/sites/default/files/documents/cases/2011/08/110819letterncra_1.pdf
SettlementOne Credit Corporation,https://www.ftc.gov/sites/default/files/documents/cases/2011/08/110819settlementonecmpt.pdf
SettlementOne Credit Corporation,https://www.ftc.gov/sites/default/files/documents/cases/2011/08/110819settlementonedo.pdf
SettlementOne Credit Corporation,https://www.ftc.gov/sites/default/files/documents/cases/2011/08/110819settlementonestatement_1.pdf
"Teletrack, Inc.",https://www.ftc.gov/sites/default/files/documents/cases/2011/06/110627teletrackcmpt.pdf
"Teletrack, Inc.",https://www.ftc.gov/sites/default/files/documents/cases/2011/06/110627teletrackstip.pdf
"Chitika, Inc., In the Matter of",https://www.ftc.gov/sites/default/files/documents/cases/2011/03/110314chitikaagree.pdf
"Chitika, Inc., In the Matter of",https://www.ftc.gov/sites/default/files/documents/cases/2011/03/110314chitikaanal.pdf
"Chitika, Inc., In the Matter of",https://www.ftc.gov/sites/default/files/documents/cases/2011/03/110314chitikaexhibits.pdf
"Chitika, Inc., In the Matter of",https://www.ftc.gov/sites/default/files/documents/cases/2011/03/110314chitikasmpt.pdf
"Chitika, Inc., In the Matter of",https://www.ftc.gov/sites/default/files/documents/cases/2011/03/110321chitikafrn.pdf
"Chitika, Inc., In the Matter of",https://www.ftc.gov/sites/default/files/documents/cases/2011/06/110314chitikaexhibits.pdf
"Chitika, Inc., In the Matter of",https://www.ftc.gov/sites/default/files/documents/cases/2011/06/110617chitikacmpt.pdf
"Chitika, Inc., In the Matter of",https://www.ftc.gov/sites/default/files/documents/cases/2011/06/110617chitikado.pdf
"Chitika, Inc., In the Matter of",https://www.ftc.gov/sites/default/files/documents/cases/2011/06/110617chitikalenardletter.pdf
"Chitika, Inc., In the Matter of",https://www.ftc.gov/sites/default/files/documents/cases/2011/06/110617chitikameyerletter.pdf
"Lookout Services, Inc., In the Matter of",https://www.ftc.gov/sites/default/files/documents/cases/2011/05/110503lookoutservicesagree.pdf
"Lookout Services, Inc., In the Matter of",https://www.ftc.gov/sites/default/files/documents/cases/2011/05/110503lookoutservicesanal.pdf
"Lookout Services, Inc., In the Matter of",https://www.ftc.gov/sites/default/files/documents/cases/2011/05/110503lookoutservicescmpt.pdf
"Lookout Services, Inc., In the Matter of",https://www.ftc.gov/sites/default/files/documents/cases/2011/05/110510lookoutservicesfrn.pdf
"Lookout Services, Inc., In the Matter of",https://www.ftc.gov/sites/default/files/documents/cases/2011/06/110615lookoutcmpt.pdf
"Lookout Services, Inc., In the Matter of",https://www.ftc.gov/sites/default/files/documents/cases/2011/06/110615lookoutdo.pdf
"Ceridian Corporation, In the Matter of",https://www.ftc.gov/sites/default/files/documents/cases/2011/05/110503ceridianagree.pdf
"Ceridian Corporation, In the Matter of",https://www.ftc.gov/sites/default/files/documents/cases/2011/05/110503ceridiananal.pdf
"Ceridian Corporation, In the Matter of",https://www.ftc.gov/sites/default/files/documents/cases/2011/05/110503ceridiancmpt.pdf
"Ceridian Corporation, In the Matter of",https://www.ftc.gov/sites/default/files/documents/cases/2011/05/110509ceridianfrn.pdf
"Ceridian Corporation, In the Matter of",https://www.ftc.gov/sites/default/files/documents/cases/2011/06/110615ceridiancmpt.pdf
"Ceridian Corporation, In the Matter of",https://www.ftc.gov/sites/default/files/documents/cases/2011/06/110615ceridiando.pdf
"Best Priced Brands, LLC, et al.",https://www.ftc.gov/sites/default/files/documents/cases/2009/08/090806karnanicmpt.pdf
"Best Priced Brands, LLC, et al.",https://www.ftc.gov/sites/default/files/documents/cases/2009/08/090806karnanitro.pdf
"Best Priced Brands, LLC, et al.",https://www.ftc.gov/sites/default/files/documents/cases/2011/06/110609karnanicmpt.pdf
"Best Priced Brands, LLC, et al.",https://www.ftc.gov/sites/default/files/documents/cases/2011/06/110609karnanistip.pdf
"Playdom, Inc.",https://www.ftc.gov/sites/default/files/documents/cases/2011/05/110512playdomcmpt.pdf
"Playdom, Inc.",https://www.ftc.gov/sites/default/files/documents/cases/2011/05/110512playdomconsentorder.pdf
"Playdom, Inc.",https://www.ftc.gov/sites/default/files/documents/cases/2011/05/110512playdomexhibits.pdf
"Playdom, Inc.",https://www.ftc.gov/sites/default/files/documents/cases/2011/05/110512playdomstip.pdf
"US Search, Inc.",https://www.ftc.gov/sites/default/files/documents/cases/2010/09/100922ussearchagree.pdf
"US Search, Inc.",https://www.ftc.gov/sites/default/files/documents/cases/2010/09/100922ussearchanal.pdf
"US Search, Inc.",https://www.ftc.gov/sites/default/files/documents/cases/2010/09/100922ussearchcmpt.pdf
"US Search, Inc.",https://www.ftc.gov/sites/default/files/documents/cases/2010/09/100922ussearchnotice.pdf
"US Search, Inc.",https://www.ftc.gov/sites/default/files/documents/cases/2011/03/110325ussearchcmpt.pdf
"US Search, Inc.",https://www.ftc.gov/sites/default/files/documents/cases/2011/03/110325ussearchdo.pdf
"US Search, Inc.",https://www.ftc.gov/sites/default/files/documents/cases/2011/03/110325ussearchlettercfa.pdf
"US Search, Inc.",https://www.ftc.gov/sites/default/files/documents/cases/2011/03/110325ussearchlettergellman.pdf
"US Search, Inc.",https://www.ftc.gov/sites/default/files/documents/cases/2011/03/110325ussearchletterhouse.pdf
"US Search, Inc.",https://www.ftc.gov/sites/default/files/documents/cases/2011/03/110325ussearchstatementbrill.pdf
"EchoMetrix, Inc.",https://www.ftc.gov/sites/default/files/documents/cases/2010/11/101130echometrixcmpt.pdf
"EchoMetrix, Inc.",https://www.ftc.gov/sites/default/files/documents/cases/2010/11/101130echometrixstip.pdf
"Rite Aid Corporation, In the Matter of",https://www.ftc.gov/sites/default/files/documents/cases/2010/07/100727riteaidagree.pdf
"Rite Aid Corporation, In the Matter of",https://www.ftc.gov/sites/default/files/documents/cases/2010/07/100727riteaidagreeexhibita.pdf
"Rite Aid Corporation, In the Matter of",https://www.ftc.gov/sites/default/files/documents/cases/2010/07/100727riteaidanal.pdf
"Rite Aid Corporation, In the Matter of",https://www.ftc.gov/sites/default/files/documents/cases/2010/07/100727riteaidcmpt.pdf
"Rite Aid Corporation, In the Matter of",https://www.ftc.gov/sites/default/files/documents/cases/2010/07/100727riteaidcmptexhibitsab.pdf
"Rite Aid Corporation, In the Matter of",https://www.ftc.gov/sites/default/files/documents/cases/2010/11/100727riteaidcmptexhibitsab.pdf
"Rite Aid Corporation, In the Matter of",https://www.ftc.gov/sites/default/files/documents/cases/2010/11/101122riteaidcmpt.pdf
"Rite Aid Corporation, In the Matter of",https://www.ftc.gov/sites/default/files/documents/cases/2010/11/101122riteaiddo.pdf
"Rite Aid Corporation, In the Matter of",https://www.ftc.gov/sites/default/files/documents/cases/2010/11/101122riteaiddoexha.pdf
"Rite Aid Corporation, In the Matter of",https://www.ftc.gov/sites/default/files/documents/cases/2010/11/101122riteaidletterbaxter.pdf
"Rite Aid Corporation, In the Matter of",https://www.ftc.gov/sites/default/files/documents/cases/2010/11/101122riteaidlettercanfield.pdf
"Rite Aid Corporation, In the Matter of",https://www.ftc.gov/sites/default/files/documents/cases/2010/11/101122riteaidlettergadowski.pdf
"Rite Aid Corporation, In the Matter of",https://www.ftc.gov/sites/default/files/documents/cases/2010/11/101122riteaidletterlapp.pdf
"Rite Aid Corporation, In the Matter of",https://www.ftc.gov/sites/default/files/documents/cases/2010/11/101122riteaidletterlaurent.pdf
"Rite Aid Corporation, In the Matter of",https://www.ftc.gov/sites/default/files/documents/cases/2010/11/101122riteaidlettermanigault.pdf
"Rite Aid Corporation, In the Matter of",https://www.ftc.gov/sites/default/files/documents/cases/2010/11/101122riteaidlettermann.pdf
"Rite Aid Corporation, In the Matter of",https://www.ftc.gov/sites/default/files/documents/cases/2010/11/101122riteaidlettermcdaniel.pdf
"Rite Aid Corporation, In the Matter of",https://www.ftc.gov/sites/default/files/documents/cases/2010/11/101122riteaidlettermorris.pdf
"Rite Aid Corporation, In the Matter of",https://www.ftc.gov/sites/default/files/documents/cases/2010/11/101122riteaidlettermurphy.pdf
"Rite Aid Corporation, In the Matter of",https://www.ftc.gov/sites/default/files/documents/cases/2010/11/101122riteaidletternoname.pdf
"Rite Aid Corporation, In the Matter of",https://www.ftc.gov/sites/default/files/documents/cases/2010/11/101122riteaidletterplemon.pdf
"Rite Aid Corporation, In the Matter of",https://www.ftc.gov/sites/default/files/documents/cases/2010/11/101122riteaidletterschulman.pdf
"Rite Aid Corporation, In the Matter of",https://www.ftc.gov/sites/default/files/documents/cases/2010/11/101122riteaidletterwilliams.pdf
"Rite Aid Corporation, In the Matter of",https://www.ftc.gov/sites/default/files/documents/cases/2010/11/101122riteaidletterworldprivacy.pdf
"Rite Aid Corporation, In the Matter of",https://www.ftc.gov/system/files/ftc_gov/pdf/c4308riteaidmodifiedorder.pdf
"Rite Aid Corporation, In the Matter of",https://www.ftc.gov/system/files/ftc_gov/pdf/c4308riteaidorderreopeningproceedings.pdf
"Rite Aid Corporation, In the Matter of",https://www.ftc.gov/system/files/ftc_gov/pdf/rite_aid_administrative_order.pdf
"Response Makers, LLC",https://www.ftc.gov/system/files/documents/cases/response_makers_2010-08-24_enforcement_petition_and_memo.pdf
"Response Makers, LLC",https://www.ftc.gov/system/files/documents/cases/response_makers_2010-08-31_order_to_show_cause.pdf
"Response Makers, LLC",https://www.ftc.gov/system/files/documents/cases/response_makers_2010-10-05_magistrate_judge_report_and_recommendation.pdf
"Response Makers, LLC",https://www.ftc.gov/system/files/documents/cases/response_makers_2010-11-19_order_adopting_recommendation.pdf
ChoicePoint Inc.,https://www.ftc.gov/sites/default/files/documents/cases/2006/01/0523069complaint.pdf
ChoicePoint Inc.,https://www.ftc.gov/sites/default/files/documents/cases/2006/01/0523069stip.pdf
ChoicePoint Inc.,https://www.ftc.gov/sites/default/files/documents/cases/2006/01/stipfinaljudgement.pdf
ChoicePoint Inc.,https://www.ftc.gov/sites/default/files/documents/cases/2009/10/091019choicepointstiporder.pdf
ChoicePoint Inc.,https://www.ftc.gov/sites/default/files/documents/cases/2010/09/100902choicepointstip.pdf
"Dave & Buster's, Inc.,In the Matter of",https://www.ftc.gov/sites/default/files/documents/cases/2010/03/100325davebustersagree.pdf
"Dave & Buster's, Inc.,In the Matter of",https://www.ftc.gov/sites/default/files/documents/cases/2010/03/100325davebustersanal.pdf
"Dave & Buster's, Inc.,In the Matter of",https://www.ftc.gov/sites/default/files/documents/cases/2010/03/100325davebusterscmpt.pdf
"Dave & Buster's, Inc.,In the Matter of",https://www.ftc.gov/sites/default/files/documents/cases/2010/06/100608davebusterscmpt.pdf
"Dave & Buster's, Inc.,In the Matter of",https://www.ftc.gov/sites/default/files/documents/cases/2010/06/100608davebustersdo.pdf
"United States of America v. Central Credit, LLC",https://www.ftc.gov/sites/default/files/documents/cases/2010/04/100422centralcreditcmpt.pdf
"United States of America v. Central Credit, LLC",https://www.ftc.gov/sites/default/files/documents/cases/2010/04/100422centralcreditstip.pdf
"Direct Marketing Associates, Corp., et al., USA",https://www.ftc.gov/sites/default/files/documents/cases/2010/03/100330directmarketingcmpt.pdf
"Direct Marketing Associates, Corp., et al., USA",https://www.ftc.gov/sites/default/files/documents/cases/2010/03/100330directmarketingorder.pdf
"Direct Marketing Associates, Corp., et al., USA",https://www.ftc.gov/sites/default/files/documents/cases/2010/03/100330directmarketingstip.pdf
Credit Bureau Collection Services,https://www.ftc.gov/sites/default/files/documents/cases/2010/03/100303creditcollectioncmpt.pdf
Credit Bureau Collection Services,https://www.ftc.gov/sites/default/files/documents/cases/2010/03/100303creditcollectiondecree.pdf
"ControlScan, Inc.",https://www.ftc.gov/sites/default/files/documents/cases/2010/02/100225controlscancmpt.pdf
"ControlScan, Inc.",https://www.ftc.gov/sites/default/files/documents/cases/2010/02/100225controlscanexh.pdf
"ControlScan, Inc.",https://www.ftc.gov/sites/default/files/documents/cases/2010/02/100225controlscanstip.pdf
"ControlScan, Inc.",https://www.ftc.gov/system/files/documents/cases/20100308controlscan.pdf
"First Advantage SafeRent, Inc., et al., USA (for the FTC)",https://www.ftc.gov/sites/default/files/documents/cases/2010/02/100202saferentcmpt.pdf
"Navone, Gregory",https://www.ftc.gov/sites/default/files/documents/cases/2009/01/090121navonecmpt.pdf
"Navone, Gregory",https://www.ftc.gov/sites/default/files/documents/cases/2010/01/100120navonestip.pdf
Progressive Gaitways LL,https://www.ftc.gov/sites/default/files/documents/cases/2009/10/091006progaitwayagree.pdf
Progressive Gaitways LL,https://www.ftc.gov/sites/default/files/documents/cases/2009/10/091006progaitwayanal.pdf
Progressive Gaitways LL,https://www.ftc.gov/sites/default/files/documents/cases/2009/10/091006progaitwaycmpt.pdf
Progressive Gaitways LL,https://www.ftc.gov/sites/default/files/documents/cases/2009/10/091006progaitwayexhibitac.pdf
Progressive Gaitways LL,https://www.ftc.gov/sites/default/files/documents/cases/2010/01/100119progaitwayscmpt.pdf
Progressive Gaitways LL,https://www.ftc.gov/sites/default/files/documents/cases/2010/01/100119progaitwaysdo.pdf
Collectify LL,https://www.ftc.gov/sites/default/files/documents/cases/2009/10/091006collectifyagree.pdf
Collectify LL,https://www.ftc.gov/sites/default/files/documents/cases/2009/10/091006collectifyanal.pdf
Collectify LL,https://www.ftc.gov/sites/default/files/documents/cases/2009/10/091006collectifycmpt.pdf
Collectify LL,https://www.ftc.gov/sites/default/files/documents/cases/2009/10/091006collectifyexhibitaf.pdf
Collectify LL,https://www.ftc.gov/sites/default/files/documents/cases/2010/01/100119collectifycmpt.pdf
Collectify LL,https://www.ftc.gov/sites/default/files/documents/cases/2010/01/100119collectifydo.pdf
"ExpatEdge Partners, LL",https://www.ftc.gov/sites/default/files/documents/cases/2009/10/091006expatedgeagree.pdf
"ExpatEdge Partners, LL",https://www.ftc.gov/sites/default/files/documents/cases/2009/10/091006expatedgeanal.pdf
"ExpatEdge Partners, LL",https://www.ftc.gov/sites/default/files/documents/cases/2009/10/091006expatedgecmpt.pdf
"ExpatEdge Partners, LL",https://www.ftc.gov/sites/default/files/documents/cases/2009/10/091006expatedgecmptexhibit.pdf
"ExpatEdge Partners, LL",https://www.ftc.gov/sites/default/files/documents/cases/2010/01/100119expatedgecmpt.pdf
"ExpatEdge Partners, LL",https://www.ftc.gov/sites/default/files/documents/cases/2010/01/100119expatedgedo.pdf
"Onyx Graphics, Inc.",https://www.ftc.gov/sites/default/files/documents/cases/2009/10/091006onyxgraphicsagree.pdf
"Onyx Graphics, Inc.",https://www.ftc.gov/sites/default/files/documents/cases/2009/10/091006onyxgraphicsanal.pdf
"Onyx Graphics, Inc.",https://www.ftc.gov/sites/default/files/documents/cases/2009/10/091006onyxgraphicscmpt.pdf
"Onyx Graphics, Inc.",https://www.ftc.gov/sites/default/files/documents/cases/2009/10/091006onyxgraphicsexhibitac.pdf
"Onyx Graphics, Inc.",https://www.ftc.gov/sites/default/files/documents/cases/2010/01/100119onyxgraphicscmpt.pdf
"Onyx Graphics, Inc.",https://www.ftc.gov/sites/default/files/documents/cases/2010/01/100119onyxgraphicsdo.pdf
"World Innovators, Inc., In the Matter of",https://www.ftc.gov/sites/default/files/documents/cases/2009/10/091006worldinnovatorsagree.pdf
"World Innovators, Inc., In the Matter of",https://www.ftc.gov/sites/default/files/documents/cases/2009/10/091006worldinnovatorsanal.pdf
"World Innovators, Inc., In the Matter of",https://www.ftc.gov/sites/default/files/documents/cases/2009/10/091006worldinnovatorscmpt.pdf
"World Innovators, Inc., In the Matter of",https://www.ftc.gov/sites/default/files/documents/cases/2009/10/091006worldinnovatorsexhibitsae.pdf
"World Innovators, Inc., In the Matter of",https://www.ftc.gov/sites/default/files/documents/cases/2010/01/100119worldinnovatorscmpt.pdf
"World Innovators, Inc., In the Matter of",https://www.ftc.gov/sites/default/files/documents/cases/2010/01/100119worldinnovatorsdo.pdf
"World Innovators, Inc., In the Matter of",https://www.ftc.gov/sites/default/files/documents/cases/2010/01/100119worldinnovatorsletterlibove.pdf
Directors Desk LL,https://www.ftc.gov/sites/default/files/documents/cases/2009/10/091006directorsdeskagree.pdf
Directors Desk LL,https://www.ftc.gov/sites/default/files/documents/cases/2009/10/091006directorsdeskanal.pdf
Directors Desk LL,https://www.ftc.gov/sites/default/files/documents/cases/2009/10/091006directorsdeskcmpt.pdf
Directors Desk LL,https://www.ftc.gov/sites/default/files/documents/cases/2009/10/091006directorsdeskexhibitac.pdf
Directors Desk LL,https://www.ftc.gov/sites/default/files/documents/cases/2010/01/100119directorsdeskcmpt.pdf
Directors Desk LL,https://www.ftc.gov/sites/default/files/documents/cases/2010/01/100119directorsdeskdo.pdf
Directors Desk LL,https://www.ftc.gov/sites/default/files/documents/cases/2010/01/100119directorsdeskletterconnolly.pdf
"Iconix Brand Group, Inc.",https://www.ftc.gov/sites/default/files/documents/cases/2009/10/091020iconixcmpt.pdf
"Iconix Brand Group, Inc.",https://www.ftc.gov/sites/default/files/documents/cases/2009/10/091020iconixcmptexhibita.pdf
"Iconix Brand Group, Inc.",https://www.ftc.gov/sites/default/files/documents/cases/2009/10/091020iconixcmptexhibitb.pdf
"Iconix Brand Group, Inc.",https://www.ftc.gov/sites/default/files/documents/cases/2009/10/091020iconixcmptexhibitc.pdf
"Iconix Brand Group, Inc.",https://www.ftc.gov/sites/default/files/documents/cases/2009/10/091020iconixcmptexhibitd.pdf
"Iconix Brand Group, Inc.",https://www.ftc.gov/sites/default/files/documents/cases/2009/10/091020iconixcompletecmpt.pdf
"Iconix Brand Group, Inc.",https://www.ftc.gov/sites/default/files/documents/cases/2009/10/091020iconixsonsentorder.pdf
"Cash Today, Ltd.",https://www.ftc.gov/sites/default/files/documents/cases/2008/11/081112cmp0923093.pdf
"Cash Today, Ltd.",https://www.ftc.gov/sites/default/files/documents/cases/2009/02/090223cashtodaypiorder.pdf
"Cash Today, Ltd.",https://www.ftc.gov/sites/default/files/documents/cases/2009/02/090225cashtodaystippi.pdf
"Cash Today, Ltd.",https://www.ftc.gov/sites/default/files/documents/cases/2009/09/090921cashjimstidismissal.pdf
"Cash Today, Ltd.",https://www.ftc.gov/sites/default/files/documents/cases/2009/09/090921cashstipfinal.pdf
"Metropolitan Home Mortgage, Inc., also d/b/a Wholesale Home Lenders",https://www.ftc.gov/sites/default/files/documents/cases/2009/08/090818metromortgagecmpt.pdf
"Metropolitan Home Mortgage, Inc., also d/b/a Wholesale Home Lenders",https://www.ftc.gov/sites/default/files/documents/cases/2009/08/091005metrohomemrtgstippi.pdf
"United States of America (for the Federal Trade Commission,) Plaintiff, v. Quality Terminal Services, LLC, a limited liability company, Defendants",https://www.ftc.gov/sites/default/files/documents/cases/2009/08/090806ptscmpt.pdf
"United States of America (for the Federal Trade Commission,) Plaintiff, v. Quality Terminal Services, LLC, a limited liability company, Defendants",https://www.ftc.gov/sites/default/files/documents/cases/2009/08/090806qtsstipjdmt.pdf
"United States of America (for the Federal Trade Commission,) Plaintiff, v. Rail Terminal Services, LLC, a limited liability company, Defendants",https://www.ftc.gov/sites/default/files/documents/cases/2013/08/090806rtscmpt.pdf
"United States of America (for the Federal Trade Commission,) Plaintiff, v. Rail Terminal Services, LLC, a limited liability company, Defendants",https://www.ftc.gov/sites/default/files/documents/cases/2013/08/090806rtsstipjdmt.pdf
"United States of America (for the Federal Trade Commission), Plaintiff, v. TALX Corporation, Defendant",https://www.ftc.gov/sites/default/files/documents/cases/2009/07/090707talxcmplt.pdf
"United States of America (for the Federal Trade Commission), Plaintiff, v. TALX Corporation, Defendant",https://www.ftc.gov/sites/default/files/documents/cases/2009/07/090707talxstipjdmt.pdf
"Accusearch, Inc. d/b/a Abika.com, and Jay Patel",https://www.ftc.gov/sites/default/files/documents/cases/2006/05/060501accusearchcomplaint.pdf
"Accusearch, Inc. d/b/a Abika.com, and Jay Patel",https://www.ftc.gov/sites/default/files/documents/cases/2007/09/070928order.pdf
"Accusearch, Inc. d/b/a Abika.com, and Jay Patel",https://www.ftc.gov/sites/default/files/documents/cases/2008/01/071220accusearchfinalpermanentinjunc.pdf
"Accusearch, Inc. d/b/a Abika.com, and Jay Patel",https://www.ftc.gov/sites/default/files/documents/cases/2009/06/090629accusearch10thcirorder.pdf
"Accusearch, Inc. d/b/a Abika.com, and Jay Patel",https://www.ftc.gov/system/files/documents/cases/2008-06_accusearch_10cir_ftcbrief.pdf
"CVS Caremark Corporation, In the Matter of",https://www.ftc.gov/sites/default/files/documents/cases/2008/12/080620cvspetitiontolimit.pdf
"CVS Caremark Corporation, In the Matter of",https://www.ftc.gov/sites/default/files/documents/cases/2008/12/0806cvsexhibita.pdf
"CVS Caremark Corporation, In the Matter of",https://www.ftc.gov/sites/default/files/documents/cases/2008/12/0806cvsexhibitg.pdf
"CVS Caremark Corporation, In the Matter of",https://www.ftc.gov/sites/default/files/documents/cases/2008/12/0806cvsexhibitj.pdf
"CVS Caremark Corporation, In the Matter of",https://www.ftc.gov/sites/default/files/documents/cases/2008/12/0806cvsexhibitm.pdf
"CVS Caremark Corporation, In the Matter of",https://www.ftc.gov/sites/default/files/documents/cases/2008/12/0806cvsexhibito.pdf
"CVS Caremark Corporation, In the Matter of",https://www.ftc.gov/sites/default/files/documents/cases/2008/12/0806cvsexhibitq.pdf
"CVS Caremark Corporation, In the Matter of",https://www.ftc.gov/sites/default/files/documents/cases/2008/12/0806cvsexhibitr.pdf
"CVS Caremark Corporation, In the Matter of",https://www.ftc.gov/sites/default/files/documents/cases/2008/12/0806cvsexhibits.pdf
"CVS Caremark Corporation, In the Matter of",https://www.ftc.gov/sites/default/files/documents/cases/2008/12/0806cvsexhibitt.pdf
"CVS Caremark Corporation, In the Matter of",https://www.ftc.gov/sites/default/files/documents/cases/2008/12/0806cvsexhibitu.pdf
"CVS Caremark Corporation, In the Matter of",https://www.ftc.gov/sites/default/files/documents/cases/2008/12/0806cvsexhibity.pdf
"CVS Caremark Corporation, In the Matter of",https://www.ftc.gov/sites/default/files/documents/cases/2008/12/0806cvsexhibitz.pdf
"CVS Caremark Corporation, In the Matter of",https://www.ftc.gov/sites/default/files/documents/cases/2008/12/080806cvsletterdenying.pdf
"CVS Caremark Corporation, In the Matter of",https://www.ftc.gov/sites/default/files/documents/cases/2008/12/080811cvsrequestforrehearing.pdf
"CVS Caremark Corporation, In the Matter of",https://www.ftc.gov/sites/default/files/documents/cases/2008/12/081203cvsletteraffirming.pdf
"CVS Caremark Corporation, In the Matter of",https://www.ftc.gov/sites/default/files/documents/cases/2009/02/090218cvsagree.pdf
"CVS Caremark Corporation, In the Matter of",https://www.ftc.gov/sites/default/files/documents/cases/2009/02/090218cvsagreeexha.pdf
"CVS Caremark Corporation, In the Matter of",https://www.ftc.gov/sites/default/files/documents/cases/2009/02/090218cvsanal.pdf
"CVS Caremark Corporation, In the Matter of",https://www.ftc.gov/sites/default/files/documents/cases/2009/02/090218cvscmpt.pdf
"CVS Caremark Corporation, In the Matter of",https://www.ftc.gov/sites/default/files/documents/cases/2009/02/090218cvscmptexha.pdf
"CVS Caremark Corporation, In the Matter of",https://www.ftc.gov/sites/default/files/documents/cases/2009/06/090623cvscmpt.pdf
"CVS Caremark Corporation, In the Matter of",https://www.ftc.gov/sites/default/files/documents/cases/2009/06/090623cvscmptexhibita.pdf
"CVS Caremark Corporation, In the Matter of",https://www.ftc.gov/sites/default/files/documents/cases/2009/06/090623cvsdo.pdf
"CVS Caremark Corporation, In the Matter of",https://www.ftc.gov/sites/default/files/documents/cases/2009/06/090623cvsdoexhibita.pdf
"CVS Caremark Corporation, In the Matter of",https://www.ftc.gov/sites/default/files/documents/cases/2009/06/090623cvsletterbutcher.pdf
"CVS Caremark Corporation, In the Matter of",https://www.ftc.gov/sites/default/files/documents/cases/2009/06/090623cvslettercpa.pdf
"CVS Caremark Corporation, In the Matter of",https://www.ftc.gov/sites/default/files/documents/cases/2009/06/090623cvsletterctw.pdf
"CVS Caremark Corporation, In the Matter of",https://www.ftc.gov/sites/default/files/documents/cases/2009/06/090623cvsletterncpa.pdf
"CVS Caremark Corporation, In the Matter of",https://www.ftc.gov/sites/default/files/documents/cases/2009/06/090623cvsletterwpf.pdf
"James B. Nutter & Company, a corporation, in the Matter of",https://www.ftc.gov/sites/default/files/documents/cases/2009/05/090505nutteragree.pdf
"James B. Nutter & Company, a corporation, in the Matter of",https://www.ftc.gov/sites/default/files/documents/cases/2009/05/090505nutteranal.pdf
"James B. Nutter & Company, a corporation, in the Matter of",https://www.ftc.gov/sites/default/files/documents/cases/2009/05/090505nuttercmpt.pdf
"James B. Nutter & Company, a corporation, in the Matter of",https://www.ftc.gov/sites/default/files/documents/cases/2009/06/090616nuttercmpt.pdf
"James B. Nutter & Company, a corporation, in the Matter of",https://www.ftc.gov/sites/default/files/documents/cases/2009/06/090616nutterdo.pdf
"Gencia Corporation and Compgeeks.com, also d/b/a Computer Geeks Discount Outlet and Geeks.com",https://www.ftc.gov/sites/default/files/documents/cases/2009/02/090125genicaagree.pdf
"Gencia Corporation and Compgeeks.com, also d/b/a Computer Geeks Discount Outlet and Geeks.com",https://www.ftc.gov/sites/default/files/documents/cases/2009/02/090125genicaanal.pdf
"Gencia Corporation and Compgeeks.com, also d/b/a Computer Geeks Discount Outlet and Geeks.com",https://www.ftc.gov/sites/default/files/documents/cases/2009/02/090125genicacmpt.pdf
"Gencia Corporation and Compgeeks.com, also d/b/a Computer Geeks Discount Outlet and Geeks.com",https://www.ftc.gov/sites/default/files/documents/cases/2009/02/090125genicaexhibitsab.pdf
"Gencia Corporation and Compgeeks.com, also d/b/a Computer Geeks Discount Outlet and Geeks.com",https://www.ftc.gov/sites/default/files/documents/cases/2009/03/090125genicaexhibitsab.pdf
"Gencia Corporation and Compgeeks.com, also d/b/a Computer Geeks Discount Outlet and Geeks.com",https://www.ftc.gov/sites/default/files/documents/cases/2009/03/090320genicacmpt.pdf
"Gencia Corporation and Compgeeks.com, also d/b/a Computer Geeks Discount Outlet and Geeks.com",https://www.ftc.gov/sites/default/files/documents/cases/2009/03/090320genicado.pdf
"Rental Research Services, Inc., a corporation, et al., United States of America (for the Federal Trade Commission)",https://www.ftc.gov/sites/default/files/documents/cases/2009/03/090305rrscmpt.pdf
"Rental Research Services, Inc., a corporation, et al., United States of America (for the Federal Trade Commission)",https://www.ftc.gov/sites/default/files/documents/cases/2009/03/090305rrsorder.pdf
"Premier Capital Lending, Inc., et al., In the Matter of",https://www.ftc.gov/sites/default/files/documents/cases/2008/11/081106pclagree.pdf
"Premier Capital Lending, Inc., et al., In the Matter of",https://www.ftc.gov/sites/default/files/documents/cases/2008/11/081106pclanal.pdf
"Premier Capital Lending, Inc., et al., In the Matter of",https://www.ftc.gov/sites/default/files/documents/cases/2008/11/081106pclcmpt.pdf
"Premier Capital Lending, Inc., et al., In the Matter of",https://www.ftc.gov/sites/default/files/documents/cases/2008/12/081206pclcmpt.pdf
"Premier Capital Lending, Inc., et al., In the Matter of",https://www.ftc.gov/sites/default/files/documents/cases/2008/12/081216pcldo.pdf
"Sony BMG Music Entertainment, a general partnership subsidiary of Sony Corporation of America, United States of America (For the Federal Trade Commission)",https://www.ftc.gov/sites/default/files/documents/cases/2008/12/081211appa0823071.pdf
"Sony BMG Music Entertainment, a general partnership subsidiary of Sony Corporation of America, United States of America (For the Federal Trade Commission)",https://www.ftc.gov/sites/default/files/documents/cases/2008/12/081211appb0823071.pdf
"Sony BMG Music Entertainment, a general partnership subsidiary of Sony Corporation of America, United States of America (For the Federal Trade Commission)",https://www.ftc.gov/sites/default/files/documents/cases/2008/12/081211cmp0823071.pdf
"Sony BMG Music Entertainment, a general partnership subsidiary of Sony Corporation of America, United States of America (For the Federal Trade Commission)",https://www.ftc.gov/sites/default/files/documents/cases/2008/12/081211consentp0823071.pdf
"Sony BMG Music Entertainment, a general partnership subsidiary of Sony Corporation of America, United States of America (For the Federal Trade Commission)",https://www.ftc.gov/sites/default/files/documents/cases/2008/12/081211exha-j0823071.pdf
EMC Mortgage Co.,https://www.ftc.gov/sites/default/files/documents/cases/2008/09/080909emcmortgagecmplt.pdf
EMC Mortgage Co.,https://www.ftc.gov/sites/default/files/documents/cases/2008/09/080909emcmortgagejointconsentmo.pdf
EMC Mortgage Co.,https://www.ftc.gov/sites/default/files/documents/cases/2008/09/080909emcmortgstipfinljdgmnt.pdf
"Reed Elsevier Inc. and Seisint, Inc., In the Matter of",https://www.ftc.gov/sites/default/files/documents/cases/2008/03/080327agreement.pdf
"Reed Elsevier Inc. and Seisint, Inc., In the Matter of",https://www.ftc.gov/sites/default/files/documents/cases/2008/03/080327analysis.pdf
"Reed Elsevier Inc. and Seisint, Inc., In the Matter of",https://www.ftc.gov/sites/default/files/documents/cases/2008/03/080327complaint.pdf
"Reed Elsevier Inc. and Seisint, Inc., In the Matter of",https://www.ftc.gov/sites/default/files/documents/cases/2008/08/080801reedbocksteinletter.pdf
"Reed Elsevier Inc. and Seisint, Inc., In the Matter of",https://www.ftc.gov/sites/default/files/documents/cases/2008/08/080801reedcomplaint.pdf
"Reed Elsevier Inc. and Seisint, Inc., In the Matter of",https://www.ftc.gov/sites/default/files/documents/cases/2008/08/080801reeddo.pdf
"Reed Elsevier Inc. and Seisint, Inc., In the Matter of",https://www.ftc.gov/sites/default/files/documents/cases/2008/08/080801reedrotenbergletter.pdf
"TJX Companies, The, Inc., In the Matter of",https://www.ftc.gov/sites/default/files/documents/cases/2008/03/080327agreement_0.pdf
"TJX Companies, The, Inc., In the Matter of",https://www.ftc.gov/sites/default/files/documents/cases/2008/03/080327analysis_0.pdf
"TJX Companies, The, Inc., In the Matter of",https://www.ftc.gov/sites/default/files/documents/cases/2008/03/080327complaint_0.pdf
"TJX Companies, The, Inc., In the Matter of",https://www.ftc.gov/sites/default/files/documents/cases/2008/08/080801tjxbocksteinletter.pdf
"TJX Companies, The, Inc., In the Matter of",https://www.ftc.gov/sites/default/files/documents/cases/2008/08/080801tjxcomplaint.pdf
"TJX Companies, The, Inc., In the Matter of",https://www.ftc.gov/sites/default/files/documents/cases/2008/08/080801tjxdo.pdf
"TJX Companies, The, Inc., In the Matter of",https://www.ftc.gov/sites/default/files/documents/cases/2008/08/080801tjxrotenbergletter.pdf
"Action Research Group, Inc., et al.",https://www.ftc.gov/sites/default/files/documents/cases/2007/02/070214actionresearchgrpcmplt.pdf
"Action Research Group, Inc., et al.",https://www.ftc.gov/sites/default/files/documents/cases/2008/05/080528fo.pdf
"Action Research Group, Inc., et al.",https://www.ftc.gov/sites/default/files/documents/cases/2008/05/080528judgementesi.pdf
"Action Research Group, Inc., et al.",https://www.ftc.gov/sites/default/files/documents/cases/2008/05/080528judgmentwagner.pdf
"Life is good, Inc. and Life is good Retail, Inc., In the Matter of",https://www.ftc.gov/sites/default/files/documents/cases/2008/01/080117agreement.pdf
"Life is good, Inc. and Life is good Retail, Inc., In the Matter of",https://www.ftc.gov/sites/default/files/documents/cases/2008/01/080117analysis.pdf
"Life is good, Inc. and Life is good Retail, Inc., In the Matter of",https://www.ftc.gov/sites/default/files/documents/cases/2008/01/080117complaint.pdf
"Life is good, Inc. and Life is good Retail, Inc., In the Matter of",https://www.ftc.gov/sites/default/files/documents/cases/2008/04/080418complaint.pdf
"Life is good, Inc. and Life is good Retail, Inc., In the Matter of",https://www.ftc.gov/sites/default/files/documents/cases/2008/04/080418do.pdf
"Life is good, Inc. and Life is good Retail, Inc., In the Matter of",https://www.ftc.gov/sites/default/files/documents/cases/2008/04/080418letter.pdf
"Goal Financial, LLC, In the Matter of",https://www.ftc.gov/sites/default/files/documents/cases/2008/03/080304agreement.pdf
"Goal Financial, LLC, In the Matter of",https://www.ftc.gov/sites/default/files/documents/cases/2008/03/080304analysis.pdf
"Goal Financial, LLC, In the Matter of",https://www.ftc.gov/sites/default/files/documents/cases/2008/03/080304complaint.pdf
"Goal Financial, LLC, In the Matter of",https://www.ftc.gov/sites/default/files/documents/cases/2008/03/080304exa.pdf
"Goal Financial, LLC, In the Matter of",https://www.ftc.gov/sites/default/files/documents/cases/2008/04/080304exa.pdf
"Goal Financial, LLC, In the Matter of",https://www.ftc.gov/sites/default/files/documents/cases/2008/04/080415complaint_0.pdf
"Goal Financial, LLC, In the Matter of",https://www.ftc.gov/sites/default/files/documents/cases/2008/04/080415decision_0.pdf
"ValueClick, Inc., Hi-Speed Media, Inc., and E-Babylon, Inc., U.S. (for the FTC)",https://www.ftc.gov/sites/default/files/documents/cases/2008/03/080317complaint.pdf
"ValueClick, Inc., Hi-Speed Media, Inc., and E-Babylon, Inc., U.S. (for the FTC)",https://www.ftc.gov/sites/default/files/documents/cases/2008/03/080317exa.pdf
"ValueClick, Inc., Hi-Speed Media, Inc., and E-Babylon, Inc., U.S. (for the FTC)",https://www.ftc.gov/sites/default/files/documents/cases/2008/03/080317exb.pdf
"ValueClick, Inc., Hi-Speed Media, Inc., and E-Babylon, Inc., U.S. (for the FTC)",https://www.ftc.gov/sites/default/files/documents/cases/2008/03/080317judgment.pdf
"Milliman, Inc., In the Matter of",https://www.ftc.gov/sites/default/files/documents/cases/2007/09/2070917agree0623189.pdf
"Milliman, Inc., In the Matter of",https://www.ftc.gov/sites/default/files/documents/cases/2007/09/2070917analysis0623189.pdf
"Milliman, Inc., In the Matter of",https://www.ftc.gov/sites/default/files/documents/cases/2007/09/2070917complaint0623189.pdf
"Milliman, Inc., In the Matter of",https://www.ftc.gov/sites/default/files/documents/cases/2008/02/080212complaint_0.pdf
"Milliman, Inc., In the Matter of",https://www.ftc.gov/sites/default/files/documents/cases/2008/02/080212do_0.pdf
"Milliman, Inc., In the Matter of",https://www.ftc.gov/sites/default/files/documents/cases/2008/02/080212letter_0.pdf
"Ingenix, Inc., In the Matter of",https://www.ftc.gov/sites/default/files/documents/cases/2007/09/070917agree0623190.pdf
"Ingenix, Inc., In the Matter of",https://www.ftc.gov/sites/default/files/documents/cases/2007/09/070917analysis623190.pdf
"Ingenix, Inc., In the Matter of",https://www.ftc.gov/sites/default/files/documents/cases/2007/09/070917complaint623190.pdf
"Ingenix, Inc., In the Matter of",https://www.ftc.gov/sites/default/files/documents/cases/2008/02/080212complaint.pdf
"Ingenix, Inc., In the Matter of",https://www.ftc.gov/sites/default/files/documents/cases/2008/02/080212do.pdf
"Ingenix, Inc., In the Matter of",https://www.ftc.gov/sites/default/files/documents/cases/2008/02/080212letter.pdf
"Industrious Kid, Inc. and Jeanette Symons., U.S. (for the FTC)",https://www.ftc.gov/sites/default/files/documents/cases/2008/01/080730comp.pdf
"Industrious Kid, Inc. and Jeanette Symons., U.S. (for the FTC)",https://www.ftc.gov/sites/default/files/documents/cases/2008/01/080730cons.pdf
"American United Mortgage Company., United States of America (for the FTC)",https://www.ftc.gov/sites/default/files/documents/cases/2007/12/071217americanunitedmrtgcmplt.pdf
"American United Mortgage Company., United States of America (for the FTC)",https://www.ftc.gov/sites/default/files/documents/cases/2007/12/071217americanunitedmrtgstipfinal.pdf
"CEO Group, Inc. d/b/a Check Em Out, and Scott Joseph",https://www.ftc.gov/sites/default/files/documents/cases/2006/05/060501ceogroup-cmplt.pdf
"CEO Group, Inc. d/b/a Check Em Out, and Scott Joseph",https://www.ftc.gov/sites/default/files/documents/cases/2007/12/071105ceogroupstipfinal.pdf
"Guidance Software, Inc., In the Matter of",https://www.ftc.gov/sites/default/files/documents/cases/2006/11/0623057-guidance-analysis-aid-public-comment.pdf
"Guidance Software, Inc., In the Matter of",https://www.ftc.gov/sites/default/files/documents/cases/2006/11/0623057-guidance-complaint-exhibits-and-b.pdf
"Guidance Software, Inc., In the Matter of",https://www.ftc.gov/sites/default/files/documents/cases/2006/11/0623057-guidance-complaint.pdf
"Guidance Software, Inc., In the Matter of",https://www.ftc.gov/sites/default/files/documents/cases/2006/11/0623057-guidance-consent-agreement.pdf
"Guidance Software, Inc., In the Matter of",https://www.ftc.gov/sites/default/files/documents/cases/2007/04/0623057complaint.pdf
"Guidance Software, Inc., In the Matter of",https://www.ftc.gov/sites/default/files/documents/cases/2007/04/0623057complaintexhibitsaandb.pdf
"Guidance Software, Inc., In the Matter of",https://www.ftc.gov/sites/default/files/documents/cases/2007/04/0623057do.pdf
"Guidance Software, Inc., In the Matter of",https://www.ftc.gov/sites/default/files/documents/cases/2007/04/0623057letterwayneberry.pdf
"Information Search, Inc., and David J. Kacala (District of Maryland, Northern Division)",https://www.ftc.gov/sites/default/files/documents/cases/2001/04/pretextinfosearchtro_1.pdf
"Information Search, Inc., and David J. Kacala (District of Maryland, Northern Division)",https://www.ftc.gov/sites/default/files/documents/cases/2001/04/pretextinginformationsearchcomplaint.pdf
"Information Search, Inc., and David J. Kacala (District of Maryland, Northern Division)",https://www.ftc.gov/sites/default/files/documents/cases/2002/03/infosearchcmplnt.pdf
"Information Search, Inc., and David J. Kacala (District of Maryland, Northern Division)",https://www.ftc.gov/sites/default/files/documents/cases/2002/03/infosearchstip.pdf
"Information Search, Inc., and David J. Kacala (District of Maryland, Northern Division)",https://www.ftc.gov/sites/default/files/documents/cases/2006/05/060501informationsearch-cmplt.pdf
"Information Search, Inc., and David J. Kacala (District of Maryland, Northern Division)",https://www.ftc.gov/sites/default/files/documents/cases/2006/05/060519infosearchcmpt.pdf
"Information Search, Inc., and David J. Kacala (District of Maryland, Northern Division)",https://www.ftc.gov/sites/default/files/documents/cases/2006/06/060608infosearchamendedcmpt.pdf
"Information Search, Inc., and David J. Kacala (District of Maryland, Northern Division)",https://www.ftc.gov/sites/default/files/documents/cases/2006/06/060629infosearchsecondcmpt.pdf
"Information Search, Inc., and David J. Kacala (District of Maryland, Northern Division)",https://www.ftc.gov/sites/default/files/documents/cases/2007/02/070222infosearchstip.pdf
"Consumerinfo.com., Inc., d/b/a Experian Consumer Direct, Qspace, Inc., and Iplace Inc.",https://www.ftc.gov/sites/default/files/documents/cases/2005/08/050816comp0223263.pdf
"Consumerinfo.com., Inc., d/b/a Experian Consumer Direct, Qspace, Inc., and Iplace Inc.",https://www.ftc.gov/sites/default/files/documents/cases/2005/08/050816stipfnl0223263.pdf
"Consumerinfo.com., Inc., d/b/a Experian Consumer Direct, Qspace, Inc., and Iplace Inc.",https://www.ftc.gov/sites/default/files/documents/cases/2007/02/070208consumerinfostipjdgmnt.pdf
"Integrity Security & Investigation Services, Inc.",https://www.ftc.gov/sites/default/files/documents/cases/2006/05/060503integritysecurcmplt.pdf
"Integrity Security & Investigation Services, Inc.",https://www.ftc.gov/sites/default/files/documents/cases/2006/10/061005isisstipfinalord.pdf
"CardSystems Solutions, Inc., and Solidus Networks, Inc., d/b/a Pay By Touch Solutions, In the Matter of",https://www.ftc.gov/sites/default/files/documents/cases/2006/02/0523148analysis.pdf
"CardSystems Solutions, Inc., and Solidus Networks, Inc., d/b/a Pay By Touch Solutions, In the Matter of",https://www.ftc.gov/sites/default/files/documents/cases/2006/02/0523148complaint.pdf
"CardSystems Solutions, Inc., and Solidus Networks, Inc., d/b/a Pay By Touch Solutions, In the Matter of",https://www.ftc.gov/sites/default/files/documents/cases/2006/02/0523148consent.pdf
"CardSystems Solutions, Inc., and Solidus Networks, Inc., d/b/a Pay By Touch Solutions, In the Matter of",https://www.ftc.gov/sites/default/files/documents/cases/2006/09/0523148cardsystemscomplaint.pdf
"CardSystems Solutions, Inc., and Solidus Networks, Inc., d/b/a Pay By Touch Solutions, In the Matter of",https://www.ftc.gov/sites/default/files/documents/cases/2006/09/0523148cardsystemsdo.pdf
"CardSystems Solutions, Inc., and Solidus Networks, Inc., d/b/a Pay By Touch Solutions, In the Matter of",https://www.ftc.gov/sites/default/files/documents/cases/2006/09/0523148lettertocommenterfinnerty.pdf
"CardSystems Solutions, Inc., and Solidus Networks, Inc., d/b/a Pay By Touch Solutions, In the Matter of",https://www.ftc.gov/sites/default/files/documents/cases/2006/09/0523148lettertocommenterpainter.pdf
"CardSystems Solutions, Inc., and Solidus Networks, Inc., d/b/a Pay By Touch Solutions, In the Matter of",https://www.ftc.gov/sites/default/files/documents/cases/2006/09/0523148lettertocommenterschrader.pdf
"Xanga.com, Inc., John Hiler, and Marc Ginsburg",https://www.ftc.gov/sites/default/files/documents/cases/2006/09/060907xangacomplaint.pdf
"Xanga.com, Inc., John Hiler, and Marc Ginsburg",https://www.ftc.gov/sites/default/files/documents/cases/2006/09/xangacomplaint_image.pdf
"Xanga.com, Inc., John Hiler, and Marc Ginsburg",https://www.ftc.gov/sites/default/files/documents/cases/2006/09/xangaconsentdecree.pdf
"Xanga.com, Inc., John Hiler, and Marc Ginsburg",https://www.ftc.gov/sites/default/files/documents/cases/2006/09/xangaconsentdecree_image.pdf
"Nations Title Agency, Inc., Nations Holding Company, and Christopher M. Likens., In the Matter of",https://www.ftc.gov/sites/default/files/documents/cases/2006/05/0523117nationstitleagreement.pdf
"Nations Title Agency, Inc., Nations Holding Company, and Christopher M. Likens., In the Matter of",https://www.ftc.gov/sites/default/files/documents/cases/2006/05/0523117nationstitleanalysis.pdf
"Nations Title Agency, Inc., Nations Holding Company, and Christopher M. Likens., In the Matter of",https://www.ftc.gov/sites/default/files/documents/cases/2006/05/0523117nationstitlecomplaint.pdf
"Nations Title Agency, Inc., Nations Holding Company, and Christopher M. Likens., In the Matter of",https://www.ftc.gov/sites/default/files/documents/cases/2006/06/0523117nationstitle_complaint.pdf
"Nations Title Agency, Inc., Nations Holding Company, and Christopher M. Likens., In the Matter of",https://www.ftc.gov/sites/default/files/documents/cases/2006/06/0523117nationstitledecisionandorder.pdf
"77 Investigations, Inc. and Reginald Kimbro",https://www.ftc.gov/sites/default/files/documents/cases/2006/05/060501-77investigcmplt.pdf
"DSW Inc.,In the Matter of",https://www.ftc.gov/sites/default/files/documents/cases/2005/12/051201agree0523096.pdf
"DSW Inc.,In the Matter of",https://www.ftc.gov/sites/default/files/documents/cases/2005/12/051201analysis0523096.pdf
"DSW Inc.,In the Matter of",https://www.ftc.gov/sites/default/files/documents/cases/2005/12/051201comp0523096.pdf
"DSW Inc.,In the Matter of",https://www.ftc.gov/sites/default/files/documents/cases/2006/03/0523096c4157dswcomplaint.pdf
"DSW Inc.,In the Matter of",https://www.ftc.gov/sites/default/files/documents/cases/2006/03/0523096c4157dswdecisionandorder.pdf
"DSW Inc.,In the Matter of",https://www.ftc.gov/sites/default/files/documents/cases/2006/03/0523096dswlettertocommenterbankofamerica.pdf
"DSW Inc.,In the Matter of",https://www.ftc.gov/sites/default/files/documents/cases/2006/03/0523096dswlettertocommentervisa.pdf
"Far West Credit, Inc., U.S.",https://www.ftc.gov/sites/default/files/documents/cases/2006/01/060112farwestcreditcmplt.pdf
"Far West Credit, Inc., U.S.",https://www.ftc.gov/sites/default/files/documents/cases/2006/01/060113farwestcreditconsentdecree.pdf
"Superior Mortgage Corp., In the Matter of",https://www.ftc.gov/sites/default/files/documents/cases/2005/09/050928agree0523136.pdf
"Superior Mortgage Corp., In the Matter of",https://www.ftc.gov/sites/default/files/documents/cases/2005/09/050928anal0523136.pdf
"Superior Mortgage Corp., In the Matter of",https://www.ftc.gov/sites/default/files/documents/cases/2005/09/050928comp0523136.pdf
"Superior Mortgage Corp., In the Matter of",https://www.ftc.gov/sites/default/files/documents/cases/2005/09/050928exib0523136.pdf
"Superior Mortgage Corp., In the Matter of",https://www.ftc.gov/sites/default/files/documents/cases/2005/12/051216comp0523136.pdf
"Superior Mortgage Corp., In the Matter of",https://www.ftc.gov/sites/default/files/documents/cases/2005/12/051216do0523136.pdf
"Superior Mortgage Corp., In the Matter of",https://www.ftc.gov/sites/default/files/documents/cases/2005/12/051216exib0523136.pdf
"Sun Spectrum Communications Organization, Inc., et al.",https://www.ftc.gov/sites/default/files/documents/cases/2004/01/031202cmp0323032.pdf
"Sun Spectrum Communications Organization, Inc., et al.",https://www.ftc.gov/sites/default/files/documents/cases/2004/01/031203tro0323032.pdf
"Sun Spectrum Communications Organization, Inc., et al.",https://www.ftc.gov/sites/default/files/documents/cases/2005/10/051007stip0323032.pdf
"Sun Spectrum Communications Organization, Inc., et al.",https://www.ftc.gov/sites/default/files/documents/cases/2005/10/051024statement0323032.pdf
"BJ's Wholesale Club, Inc., In the Matter of",https://www.ftc.gov/sites/default/files/documents/cases/2005/06/050616agree0423160.pdf
"BJ's Wholesale Club, Inc., In the Matter of",https://www.ftc.gov/sites/default/files/documents/cases/2005/06/050616anal0423160.pdf
"BJ's Wholesale Club, Inc., In the Matter of",https://www.ftc.gov/sites/default/files/documents/cases/2005/06/050616comp0423160.pdf
"BJ's Wholesale Club, Inc., In the Matter of",https://www.ftc.gov/sites/default/files/documents/cases/2005/09/092305comp0423160.pdf
"BJ's Wholesale Club, Inc., In the Matter of",https://www.ftc.gov/sites/default/files/documents/cases/2005/09/092305do0423160.pdf
"Vision I Properties, LLC, et al., In the Matter of",https://www.ftc.gov/sites/default/files/documents/cases/2005/03/050310agree0423068.pdf
"Vision I Properties, LLC, et al., In the Matter of",https://www.ftc.gov/sites/default/files/documents/cases/2005/03/050310anal0423068.pdf
"Vision I Properties, LLC, et al., In the Matter of",https://www.ftc.gov/sites/default/files/documents/cases/2005/03/050310comp0423068.pdf
"Vision I Properties, LLC, et al., In the Matter of",https://www.ftc.gov/sites/default/files/documents/cases/2005/04/050426comp0423068.pdf
"Vision I Properties, LLC, et al., In the Matter of",https://www.ftc.gov/sites/default/files/documents/cases/2005/04/050426do0423068.pdf
"Nationwide Mortgage Group, Inc., and John D. Eubank, In the Matter of",https://www.ftc.gov/sites/default/files/documents/cases/2004/11/041116cmp0423104.pdf
"Nationwide Mortgage Group, Inc., and John D. Eubank, In the Matter of",https://www.ftc.gov/sites/default/files/documents/cases/2004/11/041116orderdesignatealj.pdf
"Nationwide Mortgage Group, Inc., and John D. Eubank, In the Matter of",https://www.ftc.gov/sites/default/files/documents/cases/2004/11/041123ccnoa.pdf
"Nationwide Mortgage Group, Inc., and John D. Eubank, In the Matter of",https://www.ftc.gov/sites/default/files/documents/cases/2004/12/041207moeotfileanswer.pdf
"Nationwide Mortgage Group, Inc., and John D. Eubank, In the Matter of",https://www.ftc.gov/sites/default/files/documents/cases/2004/12/041210orderwithdrawing.pdf
"Nationwide Mortgage Group, Inc., and John D. Eubank, In the Matter of",https://www.ftc.gov/sites/default/files/documents/cases/2005/03/041116cmp0423104.pdf
"Nationwide Mortgage Group, Inc., and John D. Eubank, In the Matter of",https://www.ftc.gov/sites/default/files/documents/cases/2005/03/050304agreeconorder.pdf
"Nationwide Mortgage Group, Inc., and John D. Eubank, In the Matter of",https://www.ftc.gov/sites/default/files/documents/cases/2005/03/050304analorprop.pdf
"Nationwide Mortgage Group, Inc., and John D. Eubank, In the Matter of",https://www.ftc.gov/sites/default/files/documents/cases/2005/04/050415dod9319.pdf
"Petco Animal Supplies, Inc., In th Matter of",https://www.ftc.gov/sites/default/files/documents/cases/2004/11/041108agree0323221.pdf
"Petco Animal Supplies, Inc., In th Matter of",https://www.ftc.gov/sites/default/files/documents/cases/2004/11/041108anal0323221.pdf
"Petco Animal Supplies, Inc., In th Matter of",https://www.ftc.gov/sites/default/files/documents/cases/2004/11/041108comp0323221.pdf
"Petco Animal Supplies, Inc., In th Matter of",https://www.ftc.gov/sites/default/files/documents/cases/2004/11/041108exiba0323221.pdf
"Petco Animal Supplies, Inc., In th Matter of",https://www.ftc.gov/sites/default/files/documents/cases/2005/03/041108exiba0323221.pdf
"Petco Animal Supplies, Inc., In th Matter of",https://www.ftc.gov/sites/default/files/documents/cases/2005/03/050308comp0323221.pdf
"Petco Animal Supplies, Inc., In th Matter of",https://www.ftc.gov/sites/default/files/documents/cases/2005/03/050308do0323221.pdf
"Assail, Inc., et al.",https://www.ftc.gov/sites/default/files/documents/cases/2003/01/assailcmp.pdf
"Assail, Inc., et al.",https://www.ftc.gov/sites/default/files/documents/cases/2003/01/assailtro.pdf
"Assail, Inc., et al.",https://www.ftc.gov/sites/default/files/documents/cases/2003/02/assailpiord.pdf
"Assail, Inc., et al.",https://www.ftc.gov/sites/default/files/documents/cases/2003/02/assailstipbrian.pdf
"Assail, Inc., et al.",https://www.ftc.gov/sites/default/files/documents/cases/2003/02/assailstipoutsourcing.pdf
"Assail, Inc., et al.",https://www.ftc.gov/sites/default/files/documents/cases/2003/09/050124kimoto.pdf
"Assail, Inc., et al.",https://www.ftc.gov/sites/default/files/documents/cases/2004/02/040213assailcomp.pdf
"Assail, Inc., et al.",https://www.ftc.gov/sites/default/files/documents/cases/2005/01/050124lstiporderhenriksen.pdf
"Assail, Inc., et al.",https://www.ftc.gov/sites/default/files/documents/cases/2005/01/050124stipordbest.pdf
"Assail, Inc., et al.",https://www.ftc.gov/sites/default/files/documents/cases/2005/01/050124stiporderdunn.pdf
"Assail, Inc., et al.",https://www.ftc.gov/sites/default/files/documents/cases/2005/01/050124stipordschofeld.pdf
"Assail, Inc., et al.",https://www.ftc.gov/sites/default/files/documents/cases/2005/01/050124stipordsilverman.pdf
"Assail, Inc., et al.",https://www.ftc.gov/sites/default/files/documents/cases/2005/01/050124stipordspecialtyoutsourcing.pdf
"Sunbelt Lending Services, Inc., In the Matter of",https://www.ftc.gov/sites/default/files/documents/cases/2004/11/041116agree0423153.pdf
"Sunbelt Lending Services, Inc., In the Matter of",https://www.ftc.gov/sites/default/files/documents/cases/2004/11/041116anl0423153.pdf
"Sunbelt Lending Services, Inc., In the Matter of",https://www.ftc.gov/sites/default/files/documents/cases/2004/11/041116cmp0423153.pdf
"Sunbelt Lending Services, Inc., In the Matter of",https://www.ftc.gov/sites/default/files/documents/cases/2005/01/050107comp0423153.pdf
"Sunbelt Lending Services, Inc., In the Matter of",https://www.ftc.gov/sites/default/files/documents/cases/2005/01/050107do0423153.pdf
"Gateway Learning Corp., In the Matter of",https://www.ftc.gov/sites/default/files/documents/cases/2004/07/040707agree0423047.pdf
"Gateway Learning Corp., In the Matter of",https://www.ftc.gov/sites/default/files/documents/cases/2004/07/040707anl0423047.pdf
"Gateway Learning Corp., In the Matter of",https://www.ftc.gov/sites/default/files/documents/cases/2004/07/040707cmp0423047.pdf
"Gateway Learning Corp., In the Matter of",https://www.ftc.gov/sites/default/files/documents/cases/2004/07/0423047cmpexhac0423047.pdf
"Gateway Learning Corp., In the Matter of",https://www.ftc.gov/sites/default/files/documents/cases/2004/09/040917comp0423047.pdf
"Gateway Learning Corp., In the Matter of",https://www.ftc.gov/sites/default/files/documents/cases/2004/09/040917do0423047.pdf
"Gateway Learning Corp., In the Matter of",https://www.ftc.gov/sites/default/files/documents/cases/2004/09/040917exiba0423047.pdf
"Gateway Learning Corp., In the Matter of",https://www.ftc.gov/sites/default/files/documents/cases/2004/09/040917ltrvisa0423047.pdf
"Gateway Learning Corp., In the Matter of",https://www.ftc.gov/sites/default/files/documents/cases/2004/12/041228ltr0423047.pdf
"Bonzi Software, Inc.",https://www.ftc.gov/sites/default/files/documents/cases/2004/09/040901agree0423016.pdf
"Bonzi Software, Inc.",https://www.ftc.gov/sites/default/files/documents/cases/2004/09/040901anal0423016.pdf
"Bonzi Software, Inc.",https://www.ftc.gov/sites/default/files/documents/cases/2004/09/040901attacha0423016.pdf
"Bonzi Software, Inc.",https://www.ftc.gov/sites/default/files/documents/cases/2004/09/040901comp0423016.pdf
"Bonzi Software, Inc.",https://www.ftc.gov/sites/default/files/documents/cases/2004/09/040901exibaf0423016.pdf
"Bonzi Software, Inc.",https://www.ftc.gov/sites/default/files/documents/cases/2004/10/041013cmp0423016.pdf
"Bonzi Software, Inc.",https://www.ftc.gov/sites/default/files/documents/cases/2004/10/041013do0423016.pdf
"Bonzi Software, Inc.",https://www.ftc.gov/sites/default/files/documents/cases/2004/10/041013exibaf0423016.pdf
AT&T Corp,https://www.ftc.gov/sites/default/files/documents/cases/2004/09/040910comp0223159.pdf
AT&T Corp,https://www.ftc.gov/sites/default/files/documents/cases/2004/09/040910condecree0223159.pdf
"Sprint Corporation, Sprint Communications Company L.P., et al.",https://www.ftc.gov/sites/default/files/documents/cases/2004/09/040910comp0223160.pdf
"Sprint Corporation, Sprint Communications Company L.P., et al.",https://www.ftc.gov/sites/default/files/documents/cases/2004/09/040910condecree0223160.pdf
"Imperial Palace, Inc., et al., US",https://www.ftc.gov/sites/default/files/documents/cases/2004/07/040713icomp0323050.pdf
"Imperial Palace, Inc., et al., US",https://www.ftc.gov/sites/default/files/documents/cases/2004/07/040713icon0323050.pdf
"MTS, Inc., et al., In the Matter of",https://www.ftc.gov/sites/default/files/documents/cases/2004/04/040421agree0323209.pdf
"MTS, Inc., et al., In the Matter of",https://www.ftc.gov/sites/default/files/documents/cases/2004/04/040421anal0323209.pdf
"MTS, Inc., et al., In the Matter of",https://www.ftc.gov/sites/default/files/documents/cases/2004/04/040421comp0323209.pdf
"MTS, Inc., et al., In the Matter of",https://www.ftc.gov/sites/default/files/documents/cases/2004/04/040421exiba0323209.pdf
"MTS, Inc., et al., In the Matter of",https://www.ftc.gov/sites/default/files/documents/cases/2004/06/040602comp0323209.pdf
"MTS, Inc., et al., In the Matter of",https://www.ftc.gov/sites/default/files/documents/cases/2004/06/040602do0323209.pdf
"MTS, Inc., et al., In the Matter of",https://www.ftc.gov/sites/default/files/documents/cases/2004/06/040602exiba0323209.pdf
"NCO Group, Inc., et al.",https://www.ftc.gov/sites/default/files/documents/cases/2004/05/040513ncocmp9923012.pdf
"NCO Group, Inc., et al.",https://www.ftc.gov/sites/default/files/documents/cases/2004/05/040513ncoco9923012.pdf
Hill Zachary Keith,https://www.ftc.gov/sites/default/files/documents/cases/2004/03/040322cmp0323102.pdf
Hill Zachary Keith,https://www.ftc.gov/sites/default/files/documents/cases/2004/03/040322info0323102.pdf
Hill Zachary Keith,https://www.ftc.gov/sites/default/files/documents/cases/2004/03/040322pleaagree0323102.pdf
"Bonzi Software, Inc.",https://www.ftc.gov/system/files/documents/cases/040217compbonzi.pdf
"Bonzi Software, Inc.",https://www.ftc.gov/system/files/documents/cases/040217decreebonzi.pdf
"Bonzi Software, Inc.",https://www.ftc.gov/system/files/documents/cases/040217exibabonzi.pdf
"Bonzi Software, Inc.",https://www.ftc.gov/system/files/documents/cases/040217exibbbonzi.pdf
"Bonzi Software, Inc.",https://www.ftc.gov/system/files/documents/cases/040217exibcbonzi.pdf
"Bonzi Software, Inc.",https://www.ftc.gov/system/files/documents/cases/040217exibdbonzi.pdf
"UMG Recordings, Inc., a corporation, US",https://www.ftc.gov/sites/default/files/documents/cases/2004/02/040217cagumgrecordings.pdf
"UMG Recordings, Inc., a corporation, US",https://www.ftc.gov/sites/default/files/documents/cases/2004/02/040217compumgrecording.pdf
"UMG Recordings, Inc., a corporation, US",https://www.ftc.gov/sites/default/files/documents/cases/2004/02/040217exhiba-humgreordings.pdf
"30 Minute Mortgage, Inc., Gregory P. Roth, and Peter W. Stolz",https://www.ftc.gov/sites/default/files/documents/cases/2003/03/30mincmp.pdf
"30 Minute Mortgage, Inc., Gregory P. Roth, and Peter W. Stolz",https://www.ftc.gov/sites/default/files/documents/cases/2003/03/30minstip.pdf
"30 Minute Mortgage, Inc., Gregory P. Roth, and Peter W. Stolz",https://www.ftc.gov/sites/default/files/documents/cases/2003/12/031126finalstolz.pdf
"30 Minute Mortgage, Inc., Gregory P. Roth, and Peter W. Stolz",https://www.ftc.gov/sites/default/files/documents/cases/2003/12/031126stiproth.pdf
"30 Minute Mortgage, Inc., Gregory P. Roth, and Peter W. Stolz",https://www.ftc.gov/sites/default/files/documents/cases/2003/12/031126stipstolz.pdf
"Guess?, Inc., and Guess.com, Inc., In the Matter of",https://www.ftc.gov/sites/default/files/documents/cases/2003/06/guessexh.pdf
"Guess?, Inc., and Guess.com, Inc., In the Matter of",https://www.ftc.gov/sites/default/files/documents/cases/2003/08/guesscomp.pdf
"Guess?, Inc., and Guess.com, Inc., In the Matter of",https://www.ftc.gov/sites/default/files/documents/cases/2003/08/guessdo.pdf
"Guess?, Inc., and Guess.com, Inc., In the Matter of",https://www.ftc.gov/sites/default/files/documents/cases/2003/08/guessexibs.pdf
"__________________, a minor, also known as _______________, by his parent ____________",https://www.ftc.gov/sites/default/files/documents/cases/2003/07/phishingcomp.pdf
"__________________, a minor, also known as _______________, by his parent ____________",https://www.ftc.gov/sites/default/files/documents/cases/2003/07/phishingorder.pdf
"__________________, a minor, also known as _______________, by his parent ____________",https://www.ftc.gov/sites/default/files/documents/cases/2003/07/phishingsite.pdf
"Educational Research Center of America, Inc.; Student Marketing Group, Inc.; Marian Sanjana; and Jan Stumacher",https://www.ftc.gov/sites/default/files/documents/cases/2003/01/ercaexhae.pdf
"Educational Research Center of America, Inc.; Student Marketing Group, Inc.; Marian Sanjana; and Jan Stumacher",https://www.ftc.gov/sites/default/files/documents/cases/2003/05/ercacomplaint.pdf
"Educational Research Center of America, Inc.; Student Marketing Group, Inc.; Marian Sanjana; and Jan Stumacher",https://www.ftc.gov/sites/default/files/documents/cases/2003/05/ercado.pdf
"Educational Research Center of America, Inc.; Student Marketing Group, Inc.; Marian Sanjana; and Jan Stumacher",https://www.ftc.gov/sites/default/files/documents/cases/2003/05/ercaexhae.pdf
"Mrs. Fields Famous Brands, Inc., Mrs. Fields' Holding Company, Inc., and Mrs. Fields' Original Cookies, Inc., U.S. (for the FTC)",https://www.ftc.gov/sites/default/files/documents/cases/2003/02/030227msfieldsexhibit.pdf
"Hershey Foods Corporation., U.S. (for the FTC)",https://www.ftc.gov/sites/default/files/documents/cases/2003/02/030227herseyexhibit.pdf
"National Research Center for College and University Admissions, The, Inc.; American Student List, LLC; and Don M. Munce",https://www.ftc.gov/sites/default/files/documents/cases/2002/10/nrccuaappendag.pdf
"National Research Center for College and University Admissions, The, Inc.; American Student List, LLC; and Don M. Munce",https://www.ftc.gov/sites/default/files/documents/cases/2002/10/nrccuamunceagree.pdf
"National Research Center for College and University Admissions, The, Inc.; American Student List, LLC; and Don M. Munce",https://www.ftc.gov/sites/default/files/documents/cases/2003/01/nrccuaappendag.pdf
"National Research Center for College and University Admissions, The, Inc.; American Student List, LLC; and Don M. Munce",https://www.ftc.gov/system/files/documents/cases/agreement3.pdf
"Microsoft Corporation, In the Matter of",https://www.ftc.gov/sites/default/files/documents/cases/2002/08/microsoftagree.pdf
"Microsoft Corporation, In the Matter of",https://www.ftc.gov/sites/default/files/documents/cases/2002/08/microsoftcmp.pdf
"Microsoft Corporation, In the Matter of",https://www.ftc.gov/sites/default/files/documents/cases/2002/08/mscmpexhibts.pdf
"Microsoft Corporation, In the Matter of",https://www.ftc.gov/sites/default/files/documents/cases/2002/12/microsoftcmp.pdf
"Microsoft Corporation, In the Matter of",https://www.ftc.gov/sites/default/files/documents/cases/2002/12/microsoftdecision.pdf
"Microsoft Corporation, In the Matter of",https://www.ftc.gov/sites/default/files/documents/cases/2002/12/mscmpexhibts.pdf
"FTC v. Global Mortgage Funding, Inc., et al., SACV 02-1026 DOC",https://www.ftc.gov/sites/default/files/documents/cases/2002/11/gmfundingcmp.pdf
"FTC v. Global Mortgage Funding, Inc., et al., SACV 02-1026 DOC",https://www.ftc.gov/sites/default/files/documents/cases/2002/11/gmfundingeptro.pdf
"FTC v. Global Mortgage Funding, Inc., et al., SACV 02-1026 DOC",https://www.ftc.gov/sites/default/files/documents/cases/2002/11/gmfundingstip.pdf
"Corporate Marketing Solutions, Inc.",https://www.ftc.gov/sites/default/files/documents/cases/2002/07/cmscmp.pdf
"Eli Lilly And Company, In the Matter of",https://www.ftc.gov/sites/default/files/documents/cases/2002/01/eliappadpdf.pdf
"Eli Lilly And Company, In the Matter of",https://www.ftc.gov/sites/default/files/documents/cases/2002/01/lillyagree.pdf
"Eli Lilly And Company, In the Matter of",https://www.ftc.gov/sites/default/files/documents/cases/2002/01/lillycmp.pdf
"Eli Lilly And Company, In the Matter of",https://www.ftc.gov/sites/default/files/documents/cases/2002/05/eliappadpdf.pdf
"Garrett, Paula L. d/b/a Discreet Data Systems",https://www.ftc.gov/sites/default/files/documents/cases/2001/04/garrett.pdf
"Garrett, Paula L. d/b/a Discreet Data Systems",https://www.ftc.gov/sites/default/files/documents/cases/2001/04/garrett_0.pdf
"Garrett, Paula L. d/b/a Discreet Data Systems",https://www.ftc.gov/sites/default/files/documents/cases/2001/04/pretextingdiscreetdatacomplaint.pdf
"Garrett, Paula L. d/b/a Discreet Data Systems",https://www.ftc.gov/sites/default/files/documents/cases/2002/03/discreetdatacmplnt.pdf
"Garrett, Paula L. d/b/a Discreet Data Systems",https://www.ftc.gov/sites/default/files/documents/cases/2002/03/discreetdatastip.pdf
"Guzzetta, Victor L., d/b/a Smart Data Systems",https://www.ftc.gov/sites/default/files/documents/cases/2001/04/pretextinfosearchtro.pdf
"Guzzetta, Victor L., d/b/a Smart Data Systems",https://www.ftc.gov/sites/default/files/documents/cases/2001/04/pretextinfosearchtro_0.pdf
"Guzzetta, Victor L., d/b/a Smart Data Systems",https://www.ftc.gov/sites/default/files/documents/cases/2001/04/pretextingsmartdatacomplaint.pdf
"Guzzetta, Victor L., d/b/a Smart Data Systems",https://www.ftc.gov/sites/default/files/documents/cases/2002/03/guzzettastip.pdf
American Pop Corn Company,https://www.ftc.gov/sites/default/files/documents/cases/2002/02/popcorncmpnt.pdf
American Pop Corn Company,https://www.ftc.gov/sites/default/files/documents/cases/2002/02/popcorncnsnt.pdf
American Pop Corn Company,https://www.ftc.gov/sites/default/files/documents/cases/2002/02/popcornexh123.pdf
"Frank, Lisa, Inc.",https://www.ftc.gov/sites/default/files/documents/cases/2001/10/lfcmp.pdf
"Frank, Lisa, Inc.",https://www.ftc.gov/sites/default/files/documents/cases/2001/10/lfconsent.pdf
"Frank, Lisa, Inc.",https://www.ftc.gov/sites/default/files/documents/cases/2001/10/lisaexhibitsae.pdf
"Bigmailbox.Com, Inc., et al.",https://www.ftc.gov/sites/default/files/documents/cases/2001/04/bigmailboxcmp.pdf
"Bigmailbox.Com, Inc., et al.",https://www.ftc.gov/sites/default/files/documents/cases/2001/04/bigmailboxorder.pdf
"Bigmailbox.Com, Inc., et al.",https://www.ftc.gov/sites/default/files/documents/cases/2001/04/bigsmartexhibits.pdf
"Looksmart, Ltd.",https://www.ftc.gov/sites/default/files/documents/cases/2001/04/looksmartcmp.pdf
"Looksmart, Ltd.",https://www.ftc.gov/sites/default/files/documents/cases/2001/04/looksmartexhibits.pdf
"Looksmart, Ltd.",https://www.ftc.gov/sites/default/files/documents/cases/2001/04/looksmartorder.pdf
"Monarch Services, Inc., et al.",https://www.ftc.gov/sites/default/files/documents/cases/2001/04/girlslifecmp.pdf
"Monarch Services, Inc., et al.",https://www.ftc.gov/sites/default/files/documents/cases/2001/04/girlslifeexhibit.pdf
"Monarch Services, Inc., et al.",https://www.ftc.gov/sites/default/files/documents/cases/2001/04/girlslifeorder.pdf
"Toysmart.com, LLC, and Toysmart.com, Inc.",https://www.ftc.gov/sites/default/files/documents/cases/2000/07/toyexh1.pdf
"Toysmart.com, LLC, and Toysmart.com, Inc.",https://www.ftc.gov/sites/default/files/documents/cases/2000/07/toyexh1_0.pdf
"Toysmart.com, LLC, and Toysmart.com, Inc.",https://www.ftc.gov/sites/default/files/documents/cases/2000/07/toyexh1_0_0.pdf
"Trans Union Corporation, In the Matter of",https://www.ftc.gov/sites/default/files/documents/cases/1998/08/d9255pub.id.pdf
"Trans Union Corporation, In the Matter of",https://www.ftc.gov/sites/default/files/documents/cases/2000/03/figure1.pdf
"Trans Union Corporation, In the Matter of",https://www.ftc.gov/sites/default/files/documents/cases/2000/03/transunionopinionofthecommission.pdf
"Liberty Financial Companies, Inc.",https://www.ftc.gov/sites/default/files/documents/cases/1999/08/libertycmp.pdf
"Liberty Financial Companies, Inc.",https://www.ftc.gov/sites/default/files/documents/cases/1999/08/libertydo.pdf
"Liberty Financial Companies, Inc.",https://www.ftc.gov/sites/default/files/documents/cases/1999/08/libertyexha.pdf
"First American Real Estate Solutions, LL",https://www.ftc.gov/system/files/documents/cases/191028firstamericanrealcmp.pdf
"First American Real Estate Solutions, LL",https://www.ftc.gov/system/files/documents/cases/analysisofproposed.pdf
"First American Real Estate Solutions, LL",https://www.ftc.gov/system/files/documents/cases/firstamerican.pdf
GeoCities,https://www.ftc.gov/sites/default/files/documents/cases/1998/08/geoexa.pdf
GeoCities,https://www.ftc.gov/sites/default/files/documents/cases/1998/08/geoexb.pdf
GeoCities,https://www.ftc.gov/sites/default/files/documents/cases/1998/08/geoexc.pdf
GeoCities,https://www.ftc.gov/sites/default/files/documents/cases/1998/08/geoexd.pdf
GeoCities,https://www.ftc.gov/sites/default/files/documents/cases/1998/08/geoexe.pdf
GeoCities,https://www.ftc.gov/sites/default/files/documents/cases/1998/08/geoexf.pdf
GeoCities,https://www.ftc.gov/sites/default/files/documents/cases/1998/08/geoexg.pdf
GeoCities,https://www.ftc.gov/sites/default/files/documents/cases/1998/08/geoexh.pdf
GeoCities,https://www.ftc.gov/sites/default/files/documents/cases/1998/08/geoexhibitsai.pdf
GeoCities,https://www.ftc.gov/sites/default/files/documents/cases/1998/08/geoexi.pdf
GeoCities,https://www.ftc.gov/sites/default/files/documents/cases/1999/02/geoexa.pdf
GeoCities,https://www.ftc.gov/sites/default/files/documents/cases/1999/02/geoexb.pdf
GeoCities,https://www.ftc.gov/sites/default/files/documents/cases/1999/02/geoexc.pdf
GeoCities,https://www.ftc.gov/sites/default/files/documents/cases/1999/02/geoexd.pdf
GeoCities,https://www.ftc.gov/sites/default/files/documents/cases/1999/02/geoexe.pdf
GeoCities,https://www.ftc.gov/sites/default/files/documents/cases/1999/02/geoexf.pdf
GeoCities,https://www.ftc.gov/sites/default/files/documents/cases/1999/02/geoexg.pdf
GeoCities,https://www.ftc.gov/sites/default/files/documents/cases/1999/02/geoexh.pdf
GeoCities,https://www.ftc.gov/sites/default/files/documents/cases/1999/02/geoexhibitsai.pdf
GeoCities,https://www.ftc.gov/sites/default/files/documents/cases/1999/02/geoexi.pdf
"Aldi Inc., In the Matter of",https://www.ftc.gov/sites/default/files/documents/cases/1997/05/aldi.pdf
"Aldi Inc., In the Matter of",https://www.ftc.gov/sites/default/files/documents/cases/1997/09/aldi.pdf
"Aldi Inc., In the Matter of",https://www.ftc.gov/sites/default/files/documents/cases/1997/09/aldido.pdf
"Bruno's, Inc., In the Matter of",https://www.ftc.gov/sites/default/files/documents/cases/1997/05/brunos.pdf
"Bruno's, Inc., In the Matter of",https://www.ftc.gov/sites/default/files/documents/cases/1997/08/bruno.do.pdf
"Bruno's, Inc., In the Matter of",https://www.ftc.gov/sites/default/files/documents/cases/1997/08/brunocmp.pdf
