case_name,url,date,case_type,matter_number,case_status,summary,tags,long_title
"Amazon.com, Inc., U.S. v.",https://www.ftc.gov/legal-library/browse/cases-proceedings/252-3024-amazoncom-inc-us-v,2026-06-30T12:00:00Z,Federal,252 3024,Pending,Amazon will pay $2.25 million in civil penalties to settle FTC allegations that the online retail giant knowingly violated the 609(e) of the Fair Credit Reporting Act by refusing to provide transaction records to consumers whose personal information was used by identity thieves to commit fraud.,Consumer Protection; Bureau of Consumer Protection; Identity Theft; Fair Credit Reporting Act (FCRA); Privacy and Security; Consumer Privacy,"UNITED STATES OF AMERICA, Plaintiff v. AMAZON.COM, INC., a corporation, Defendant"
"FTC v Kochava, Inc.",https://www.ftc.gov/legal-library/browse/cases-proceedings/ftc-v-kochava-inc,2026-06-26T12:00:00Z,Federal,,Pending,"The FTC will prohibit data broker Kochava and its subsidiary from selling, sharing or disclosing sensitive location data without consumer consent to settle allegations the companies sold location data from hundreds of millions of mobile devices that could be used to trace the movements of individuals.",Consumer Protection; Bureau of Consumer Protection; Health; Privacy and Security; Consumer Privacy; Health Privacy,"Federal Trade Commission, Plaintiff, V. Kochava Inc., Corporation, Defendant"
"Illuminate Education, Inc., In the Matter of",https://www.ftc.gov/legal-library/browse/cases-proceedings/222-3105-illuminate-education-inc-matter,2026-06-05T12:00:00Z,Administrative,222 3105,Under Order,"The Federal Trade Commission will require education technology provider Illuminate Education, Inc. to implement a data security program and delete unnecessary data to settle allegations that the company’s data security failures led to a major data breach.",Consumer Protection; Bureau of Consumer Protection; Privacy and Security; Children's Privacy; Data Security,"In the Matter of ILLUMINATE EDUCATION, INC., a corporation"
"Twitter, Inc., a corporation",https://www.ftc.gov/legal-library/browse/cases-proceedings/092-3093-twitter-inc-corporation,2026-06-03T12:00:00Z,Administrative,092 3093,,,Consumer Protection; Bureau of Consumer Protection; Privacy and Security; Consumer Privacy; Data Security; Tech; Social Media,"In the Matter of Twitter, Inc.,a corporation"
"CMG Media Corporation, In the Matter of",https://www.ftc.gov/legal-library/browse/cases-proceedings/242-3029-cmg-media-corporation-matter,2026-05-21T12:00:00Z,Administrative,242 3029,Pending,"The FTC will require Cox Media Group, MindSift, and 1010 Digital Works to pay a total of $930,000 to settle allegations they deceived customers by falsely claiming to offer an AI-powered service that could target localized ads based on conversations captured from consumers’ smart devices and that consumers had opted into such targeting",Consumer Protection; Bureau of Consumer Protection; deceptive/misleading conduct; Online Advertising and Marketing; Advertising and Marketing Basics; Privacy and Security; Consumer Privacy,In the Matter of CMG Media Corporation
OkCupid/Match,https://www.ftc.gov/legal-library/browse/cases-proceedings/okcupidmatch,2026-03-30T12:00:00Z,Administrative,,Pending,"The FTC reached a settlement with OkCupid and its affiliate Match Group Americas over allegations OkCupid deceived users of its dating app by sharing their personal information, including photos and location information, with an unrelated third party, contrary to OkCupid’s privacy promises.",Consumer Protection; Bureau of Consumer Protection; Privacy and Security; Data Security,"Federal Trade Commission, Plaintiff, v. Match Group Americas, LLC, a Limited Liability Company; and Humor Rainbow, Inc., a corporation d/b/a OkCupid, Defendants."
"General Motors LLC., et al., In the Matter of",https://www.ftc.gov/legal-library/browse/cases-proceedings/2423052-general-motors-llc-et-al-matter,2026-01-14T12:00:00Z,Administrative,2423052,Under Order,,Consumer Protection; Regional Offices; Northwest Region; Bureau of Consumer Protection; Cars; deceptive/misleading conduct; Automobiles; Privacy and Security; Consumer Privacy,"In the Matter of GENERAL MOTORS LLC, a limited liability company; GENERAL MOTORS HOLDINGS LLC, a limited liability company; and ONSTAR, LLC, a limited liability company."
NGL,https://www.ftc.gov/legal-library/browse/cases-proceedings/ngl,2026-01-06T12:00:00Z,Administrative,,Pending,"The FTC has taken action against NGL Labs, LLC and two of its co-founders, Raj Vir and Joao Figueiredo, for a host of law violations related to their anonymous messaging app, including unfairly marketing the service to children and teens. In July 2024, the FTC took action against NGL Labs, LLC and two of its co-founders, Raj Vir and Joao Figueiredo, for a host of law violations related to their anonymous messaging app, including unfairly marketing the service to children and teens. In January 2026, the Commission announced the claims process through which potentially defrauded consumers could see refunds from the FTC.",Consumer Protection; Bureau of Consumer Protection; Children's Online Privacy Protection Act (COPPA); deceptive/misleading conduct; Technology; Advertising and Marketing; Children's Privacy; Consumer Privacy; Artificial Intelligence,"Federal Trade Commission and The People of the State of California Plaintiffs, v. NGL Labs, LLC, a corporation; Raj Vir, Individually and as an Officer of NGL Labs, LLC; and Joao Figueiredo, Individually and as an Officer of NGL Labs, LLC, Defendants."
Disney,https://www.ftc.gov/legal-library/browse/cases-proceedings/disney,2025-12-31T12:00:00Z,Administrative,,Pending,Disney will pay $10 million to settle Federal Trade Commission allegations that the company allowed personal data to be collected from children who viewed kid-directed videos on YouTube without notifying parents or obtaining their consent as required by the Children’s Online Privacy Protection Rule (COPPA Rule). A federal judge approved the order in December 2025.,Consumer Protection; Bureau of Consumer Protection; Children's Online Privacy Protection Act (COPPA); Technology; Entertainment; Advertising and Marketing; Children; Online Advertising and Marketing; Privacy and Security; Children's Privacy,"Disney Worldwide Services, Inc., a Corporation; and Disney Entertainment Operations LLC, a Limited Liability Company, Defendants."
Illusory Systems/Nomad,https://www.ftc.gov/legal-library/browse/cases-proceedings/illusory-systemsnomad,2025-12-16T12:00:00Z,Administrative,,Pending,"The FTC is taking action against Illusory Systems Inc. for failing to implement adequate data security measures, leading to a major security breach in which hackers stole $186 million from consumers.",Consumer Protection; Bureau of Consumer Protection; Privacy and Security; Data Security,"In the Matter of Illusory Systems, Inc., a corporation, also d/b/a Nomad."
"Support King, LLC (SpyFone.com), In the Matter of",https://www.ftc.gov/legal-library/browse/cases-proceedings/192-3003-support-king-llc-spyfonecom-matter,2025-12-08T12:00:00Z,Administrative,192 3003,Pending,"The FTC approved a proposed order banning SpyFone and its CEO Scott Zuckerman from the surveillance business over allegations that the stalkerware app company secretly harvested and shared data on people’s physical movements, phone use, and online activities through a hidden device hack. The FTC denied a petition to vacate or modify the FTC’s 2021 order.",Consumer Protection; Bureau of Consumer Protection; deceptive/misleading conduct; spyware and malware; Technology; Mobile; Privacy and Security; Consumer Privacy; Data Security; Tech,"In the Matter of Support King, LLC, a limited liability company, also d/b/a SpyFone.com; and Scott Zuckerman, individually and as an officer of Support King, LLC."
Apitor,https://www.ftc.gov/legal-library/browse/cases-proceedings/apitor,2025-10-01T12:00:00Z,Federal,,Under Order,The FTC reached a settlement with Apitor Technology over allegations that its app enabled a third party in China to collect geolocation information from children without parental consent.,Consumer Protection; Regional Offices; Bureau of Consumer Protection; Western Region San Francisco; Children's Online Privacy Protection Act (COPPA); Privacy and Security; Children's Privacy; Tech; Social Media,"United States of America, Plaintiff, v. Apitor Technology Co., Ltd., a corporation, Defendant."
"Iconic Hearts Holdings, Inc., U.S. v.",https://www.ftc.gov/legal-library/browse/cases-proceedings/232-3029-iconic-hearts-holdings-inc-us-v,2025-09-29T12:00:00Z,Federal,232 3029,Pending,"The FTC is taking action against the operator of the Sendit anonymous messaging app for unlawfully collecting personal data from children, misleading users by sending messages from fake “people,” and tricking consumers into purchasing paid subscriptions by falsely promising to reveal the senders of anonymous messages.",Consumer Protection; Bureau of Consumer Protection; Children's Online Privacy Protection Act (COPPA); Privacy and Security; Children's Privacy,"UNITED STATES OF AMERICA, Plaintiff v. ICONIC HEARTS HOLDINGS, INC., a corporation; and HUNTER RICE, individually and as an officer of ICONIC HEARTS HOLDINGS, INC."
Pornhub/Mindgeek/Aylo,https://www.ftc.gov/legal-library/browse/cases-proceedings/pornhubmindgeekaylo,2025-09-03T12:00:00Z,Administrative,,Pending,The FTC and the state of Utah announced a settlement with the operators of Pornhub and other pornography-streaming sites over charges they deceived users by doing little to block tens of thousands of videos and photos featuring child sexual abuse material (CSAM) and nonconsensual material (NCM) despite claiming that this content was “strictly prohibited.”,Consumer Protection; Bureau of Consumer Protection; Entertainment; Privacy and Security; Consumer Privacy,"Federal Trade Commission, and Utah Division of Consumer Protection, Plaintiffs, v. Aylo Group Ltd., a Cypriot corporation, DonorMass Limited, a Cypriot corporation, Aylo Freesites Ltd., a Cypriot corporation, Aylo Premium Ltd., a Cypriot corporation, Aylo Technologies Ltd., a Cypriot corporation, 9279-2738 Quebec Inc., a Canadian corporation, 9219-1568 Quebec Inc., a Canadian corporation, Aylo Holdings USA Corp., a Delaware corporation, Aylo Billing US Corp., a Delaware corporation, Toqon, LLC, a Delaware limited liability company, Aylo Global Entertainment Inc., a Delaware corporation, Aylo USA Incorporated, a Delaware corporation, FTSA, LLC, a Delaware limited liability company, and Aylo Billing limited, an Irish corporation, Defendants."
"Roca Labs, Inc.",https://www.ftc.gov/legal-library/browse/cases-proceedings/142-3255-x150061-roca-labs-inc,2025-07-09T12:00:00Z,Federal,142 3255,,"The FTC took action against the Florida-based marketers of a line of weight-loss supplements who allegedly made baseless claims for their products, and then threatened to enforce “gag clause” provisions against consumers to stop them from posting negative reviews and testimonials online. In September 2018, a federal district court ruled in the FTC’s favor, issuing a summary judgment against the defendants, and in July 2025 the Commission announced it was returning more than $409,000 to defrauded consumers.","Consumer Protection; Bureau of Consumer Protection; Advertising and Marketing; Endorsements, Influencers, and Reviews; Health Claims; Advertising and Marketing Basics; Privacy and Security; Consumer Privacy","Federal Trade Commission, Plaintiff, v. Roca Labs, Inc., a corporation; Roca Labs Nutraceutical USA, Inc., a corporation; Don Juravin; and George Whiting, Defendants."
"GoDaddy Inc., et al., In the Matter of",https://www.ftc.gov/legal-library/browse/cases-proceedings/2023133-godaddy-inc-et-al-matter,2025-05-21T12:00:00Z,Administrative,2023133,Pending,Case settles charges that GoDaddy misled customers about the extent of its data security protections and failed to secure its website hosting services against attacks that could harm its customers and visitors to the customers’ websites.,Consumer Protection; Bureau of Consumer Protection; Technology; Privacy and Security; Consumer Privacy; Tech,"In the Matter of GoDaddy Inc., a corporation, and GoDaddy.com, LLC, a limited liability company."
"Facebook, Inc., In the Matter of",https://www.ftc.gov/legal-library/browse/cases-proceedings/092-3184-182-3109-c-4365-facebook-inc-matter,2025-05-02T12:00:00Z,Administrative,092 3184,,The FTC alleged that Facebook violated its privacy promises to consumers and subsequently violated a 2012 Commission order.,Consumer Protection; Office of Technology Research and Investigation (OTech); Privacy and Security; Consumer Privacy; U.S.-EU Safe Harbor Framework; Privacy Shield; Data Privacy Framework,"In the Matter of Facebook, Inc., a corporation"
Avast,https://www.ftc.gov/legal-library/browse/cases-proceedings/2023033-avast,2025-02-24T12:00:00Z,Administrative,2023033,Pending,The FTC  will require Avast to pay $16.5 million and prohibit the company from selling or licensing any web browsing data for advertising purposes to settle charges that the company and its subsidiaries sold such information to third parties after promising that its products would protect consumers from online tracking. The Federal Trade Commission is sending claim forms to consumers who bought deceptively marketed antivirus software from Avast.,Consumer Protection; Bureau of Consumer Protection; deceptive/misleading conduct; Privacy and Security; Consumer Privacy,"In the Matter of Avast Limited, a United Kingdom Limited Liability Company, Avast Software S.R.O., a Czech Republic Limited Liability Company, and Jumpshot, INC., a Delaware Company."
Aqua Finance,https://www.ftc.gov/legal-library/browse/cases-proceedings/aqua-finance,2025-02-19T12:00:00Z,Administrative,,Pending,"A Federal Trade Commission action against household water treatment funding company Aqua Finance, Inc. (AFI) has led to a settlement that will provide $20 million in refunds and an additional $23.6 million in debt forgiveness for consumers harmed by its dealers’ deceptive sales tactics. The FTC’s complaint against AFI charges that the company’s nationwide network of dealers went door-to-door, deceiving consumers about the financing terms for water filtering and softening products. According to the complaint, the bogus claims left consumers with thousands of dollars in unexpected debt and huge interest payments, while its financing terms impaired some consumers’ ability to sell their homes. In February 2025, the Commission more than $19.8 million in refunds to consumers who were harmed by deceptive sales tactics from household water treatment funding company Aqua Finance.",Consumer Protection; Regional Offices; Southwest Region; Bureau of Consumer Protection; Credit & Loan Offers; consumer refunds; Retail; Advertising and Marketing; Credit and Finance; Credit and Loans; Privacy and Security; Credit Reporting,"Federal Trade Commission, Plaintiff, V. Aqua Finance, Inc., a Wisconsin Corporation, Defendant."
"Cognosphere, LLC, U.S. v.",https://www.ftc.gov/legal-library/browse/cases-proceedings/222-3152-cognosphere-llc-us-v,2025-01-17T12:00:00Z,Federal,222 3152,,Cognosphere has agreed to pay $20 million and to block children under 16 from making in-game purchases without parental consent to settle FTC allegations the company violated a children’s privacy law and deceived children and other users about the real costs of in-game transactions and odds of obtaining rare prizes.,Consumer Protection; Regional Offices; Bureau of Consumer Protection; Western Region Los Angeles; Children's Online Privacy Protection Act (COPPA); Entertainment; Privacy and Security; Children's Privacy; Consumer Privacy; Gaming,"UNITED STATES OF AMERICA, Plaintiff v. COGNOSPHERE LLC, a limited liability company, and COGNOSPHERE PTE LTD., a private limited company"
"Snap, Inc., U.S. v.",https://www.ftc.gov/legal-library/browse/cases-proceedings/232-3039-snap-inc-us-v,2025-01-16T12:00:00Z,Federal,232 3039,,,Consumer Protection; Bureau of Consumer Protection; Technology; Mobile; Privacy and Security,"UNITED STATES OF AMERICA, Plaintiff, v. SNAP, INC., a corporation, Defendant."
"Mobilewalla, Inc., In the Matter of",https://www.ftc.gov/legal-library/browse/cases-proceedings/202-3196-mobilewalla-inc-matter,2025-01-14T12:00:00Z,Administrative,202 3196,Pending,Finalizing an order prohibiting Mobilewalla from unlawfully tracking and selling sensitive location data from users.,Consumer Protection; Bureau of Consumer Protection; Technology; Privacy and Security; Consumer Privacy,"In the Matter of Mobilewalla, Inc., a corporation"
"Intellivision, In the Matter of",https://www.ftc.gov/legal-library/browse/cases-proceedings/232-3023-intellivision-matter,2025-01-13T12:00:00Z,Administrative,232 3023,Pending,"Announcing settlement with IntelliVision Technologies over allegations that the company made false claims about its AI-powered facial recognition software. FTC finalized order against IntelliVision Technologies Corp., settling allegations that the company made false, misleading, or unsubstantiated claims that its AI-powered facial recognition software was free of gender or racial bias.",Consumer Protection; Bureau of Consumer Protection; Technology; Advertising and Marketing; Privacy and Security; Artificial Intelligence,In the Matter of Intellivision Technologies Corp.
"Vivint Smart Home, Inc.",https://www.ftc.gov/legal-library/browse/cases-proceedings/192-3060-vivint-smart-home-inc,2024-12-05T12:00:00Z,Federal,192 3060,Pending,"Smart home security and monitoring company Vivint Smart Homes Inc. has agreed to pay $20 million to settle Federal Trade Commission allegations that the Utah-based firm misused credit reports to help unqualified customers obtain financing for the company’s products and services. The FTC is announcing it is sending payments totaling $500,000 to consumers who were harmed by home security company Vivint Smart Homes, Inc., which allegedly misused credit reports to help unqualified customers get financing for the company’s products and services.",Consumer Protection; Bureau of Consumer Protection; Identity Theft; Fair Credit Reporting Act (FCRA); Credit and Finance; Credit and Loans; Privacy and Security; Credit Reporting; Red Flags Rule,"United States of America, Plaintiff v. Vivint Smart Home, Inc., Defendant"
"Gravy Analytics, Inc., In the Matter of",https://www.ftc.gov/legal-library/browse/cases-proceedings/212-3035-gravy-analytics-inc-matter,2024-12-03T12:00:00Z,Administrative,212 3035,Pending,,Consumer Protection; Bureau of Consumer Protection; Technology; Privacy and Security; Consumer Privacy; Tech,"In the Matter of Gravy Analytics, Inc., a corporation, and Venntel, Inc., a corporation,"
"Marriott International, Inc. and Starwood Hotels & Resorts Worldwide, LLC, In the Matter of",https://www.ftc.gov/legal-library/browse/cases-proceedings/192-3022-marriott-international-inc-starwood-hotels-resorts-worldwide-llc-matter,2024-10-09T12:00:00Z,Administrative,192 3022,Pending,"The FTC finalized an order requiring Marriott and Starwood to settle charges they failed to implement reasonable data security, which led to data breaches.",Consumer Protection; Bureau of Consumer Protection; Privacy and Security; Data Security,"In the Matter of MARRIOTT INTERNATIONAL, INC., a corporation, and STARWOOD HOTELS & RESORTS WORLDWIDE, LLC, a limited liability company."
"1Health.io/Vitagene, In the Matter of",https://www.ftc.gov/legal-library/browse/cases-proceedings/1923170-1healthiovitagene-matter,2024-09-09T12:00:00Z,Administrative,1923170,Pending,"The FTC reached a settlement with 1Health.io over allegations that it left sensitive genetic and health data unsecured, deceived consumers about their ability to get their data deleted and changed its privacy policy retroactively without adequately notifying and obtaining consent from consumers whose data the company had already collected.",Consumer Protection; Bureau of Consumer Protection; Privacy and Security; Consumer Privacy; Data Security; Health Privacy,"In the Matter of 1Health.io Inc., a corporation, also d/b/a Vitagene, Inc."
"Verkada Inc., U.S. v.",https://www.ftc.gov/legal-library/browse/cases-proceedings/2123068-verkada-inc-us-v,2024-08-30T12:00:00Z,Administrative,2123068,Pending,,"Consumer Protection; Bureau of Consumer Protection; Technology; Advertising and Marketing; Endorsements, Influencers, and Reviews; Privacy and Security; Data Security","United States of America, Plaintiff, vs. Verkada Inc., a Corporation, Defendant"
"ByteDance, LTD., US v.",https://www.ftc.gov/legal-library/browse/cases-proceedings/bytedance-ltd-us-v,2024-08-02T12:00:00Z,Federal,,Pending,An investigation from the Division of Enforcement and the Division of Privacy and Identity Protection found TikTok/ByteDance violated a 2019 consent order for infringing the Children’s Online Privacy Protection Act. The DOJ is bringing a lawsuit on behalf of FTC for flagrantly violating COPPA and violating the 2019 order.,Consumer Protection; Bureau of Consumer Protection; Children's Online Privacy Protection Act (COPPA); Privacy and Security; Children's Privacy,"UNITED STATES OF AMERICA, Plaintiff, v. BYTEDANCE LTD., a Cayman Islands company; BYTEDANCE INC., a Delaware corporation; TIKTOK LTD., a Cayman Islands company; TIKTOK INC., a California corporation; TIKTOK PTE. LTD., a Singapore company; and TIKTOK U.S. DATA SECURITY INC., a Delaware corporation,"
"Monument, Inc., U.S. v.",https://www.ftc.gov/legal-library/browse/cases-proceedings/2323043-monument-inc-us-v,2024-06-07T12:00:00Z,Federal,2323043,Pending,"The FTC has taken action against an alcohol addiction treatment service for allegedly disclosing users’ personal health data to third-party advertising platforms, including Meta and Google, for advertising without consumer consent, after promising to keep such information confidential.",Consumer Protection; Bureau of Consumer Protection; Privacy and Security; Consumer Privacy; Health Privacy,"United States of America, Plaintiff, v. Monument, Inc., a Delaware limited liability company, Defendant."
"Cerebral, Inc. and Kyle Robertson, U.S. v.",https://www.ftc.gov/legal-library/browse/cases-proceedings/222-3067-cerebral-inc-kyle-robertson-us-v,2024-05-31T12:00:00Z,Federal,222 3067,Pending,"Cerebral, Inc. has agreed to an order that, will restrict how the company can use or disclose sensitive consumer data and require it to provide consumers with a simple way to cancel services to settle FTC charges that the telehealth firm failed to secure and protect sensitive health data.",Consumer Protection; Bureau of Consumer Protection; Health Care; Privacy and Security; Consumer Privacy,"United States of America, Plaintiff v. Cerebral, Inc., a corporation and Kyle Robertson, individually, Defendants."
"Blackbaud, Inc.",https://www.ftc.gov/legal-library/browse/cases-proceedings/2023181-blackbaud-inc,2024-05-20T12:00:00Z,Administrative,2023181,Pending,"Blackbaud, Inc. will be required to delete personal data that it doesn’t need to retain as part of a settlement with the FTC over charges that the company’s lax security allowed a hacker to breach the company’s network and access the personal data of millions of consumers including Social Security and bank account numbers.",Consumer Protection; Bureau of Consumer Protection; Privacy and Security; Consumer Privacy; Data Security,"In the Matter of Blackbaud, Inc., a corporation."
"BetterHelp, Inc., In the Matter of",https://www.ftc.gov/legal-library/browse/cases-proceedings/2023169-betterhelp-inc-matter,2024-05-06T12:00:00Z,Federal,2023169,Pending,The Federal Trade Commission has issued a proposed order to settle charges that online counseling service BetterHelp revealed consumers’ sensitive data with third parties such as Facebook and Snapchat for advertising after promising to keep such data private.,Consumer Protection; Bureau of Consumer Protection; Privacy and Security; Consumer Privacy; Health Privacy,"In the Matter of BETTERHELP, INC., a corporation, also d/b/a COMPILE, INC., also d/b/a MYTHERAPIST, also d/b/a TEEN COUNSELING, also d/b/a FAITHFUL COUNSELING, also d/b/a PRIDE COUNSELING, also d/b/a ICOUNSELING, also d/b/a REGAIN, also d/b/a TERAPPEUTA."
"InMarket Media, LLC",https://www.ftc.gov/legal-library/browse/cases-proceedings/2023088-inmarket-media-llc,2024-05-01T12:00:00Z,Administrative,2023088,Pending,InMarket Media will be prohibited from selling or licensing any precise location data to settle Federal Trade Commission charges that the company did not fully inform consumers and obtain their consent before collecting and using their location data for advertising and marketing.,Consumer Protection; Bureau of Consumer Protection; Advertising and Marketing; Online Advertising and Marketing; Privacy and Security; Consumer Privacy,"In the Matter of InMarket Media, LLC, a Limited Liability Company"
"Ring, LLC",https://www.ftc.gov/legal-library/browse/cases-proceedings/2023113-ring-llc,2024-04-23T12:00:00Z,Administrative,2023113,Pending,"The FTC  charged Ring with compromising its customers’ privacy by allowing any employee or contractor to access consumers’ private videos and by failing to implement basic privacy and security protections, enabling hackers to take control of consumers’ accounts, cameras, and videos.",Consumer Protection; Bureau of Consumer Protection; Privacy and Security; Consumer Privacy; Data Security,
"X-Mode Social, Inc.",https://www.ftc.gov/legal-library/browse/cases-proceedings/2123038-x-mode-social-inc,2024-04-11T12:00:00Z,Administrative,2123038,Pending,"X-Mode Social and its successor Outlogic will be prohibited from sharing or selling any sensitive location data to settle FTC allegations that the company sold precise location data that could be used to track people’s visits to sensitive locations such as medical and reproductive health clinics, places of religious worship and domestic abuse shelters.",Consumer Protection; Bureau of Consumer Protection; Big Data; Online Advertising and Marketing; Privacy and Security; Consumer Privacy; Data Security,"In the Matter of X-Mode Social, Inc., a corporation, and Outlogic, LLC., a Limited Liability Company"
"Rite Aid Corporation, FTC v.",https://www.ftc.gov/legal-library/browse/cases-proceedings/2023190-rite-aid-corporation-ftc-v,2024-03-08T12:00:00Z,Federal,2023190,Pending,"Rite Aid is prohibited from using facial recognition technology for security or surveillance purposes for five years to settle Federal Trade Commission charges that the retailer failed to implement reasonable procedures and prevent harm to consumers in its use of facial recognition technology in hundreds of stores. The proposed order requires Rite Aid to implement comprehensive safeguards to prevent these types of harm to consumers when deploying automated systems that use biometric information to track them or flag them as security risks. It also requires Rite Aid to discontinue using any such technology if it cannot control potential risks to consumers. To settle charges it violated a 2010 Commission data security order by failing to adequately oversee its service providers, Rite Aid is also required to implement a robust information security program, which must be overseen by the company’s top executives.",Consumer Protection; Bureau of Consumer Protection; Retail; Technology; Privacy and Security; Consumer Privacy; Tech; Artificial Intelligence,"FEDERAL TRADE COMMISSION, Plaintiff, v. RITE AID CORPORATION, a corporation, and RITE AID HDQTRS. CORP., a corporation, Defendants."
Global Tel Link Corporation,https://www.ftc.gov/legal-library/browse/cases-proceedings/2123012-global-tel-link-corporation,2024-02-23T12:00:00Z,Administrative,2123012,Pending,The FTC alleged that Global Tel*Link Corp. and two of its subsidiaries failed to secure sensitive data of hundreds of thousands of users stored in a cloud environment and failed to alert all those affected by the incident.,Consumer Protection; Bureau of Consumer Protection; Telecommunications; Privacy and Security; Data Security,"In the Matter of Global Tel Link Corporation, a Corporation, also d/b/a GTL, also d/b/a ViaPath Technologies; Telmate, LLC, a Limited Liability Company, also d/b/a ViaPath Technologies; and TouchPay Holdings, LLC, a Limited Liability Company, also d/b/a GTL Financial Services."
"CafePress, In the Matter of",https://www.ftc.gov/legal-library/browse/cases-proceedings/1923209-cafepress-matter,2024-01-10T12:00:00Z,Administrative,1923209,Pending,"The FTC alleged that CafePress failed to implement reasonable security measures to protect sensitive information stored on its network, including plain text Social Security numbers, inadequately encrypted passwords, and answers to password reset questions. The Commission’s proposed order requires the company to bolster its data security and requires its former owner to pay a half million dollars to compensate small businesses. The FTC is sending payments totaling more than $370,000 to consumers who were harmed by the data security failures of online merchandise platform CafePress.",Consumer Protection; Bureau of Consumer Protection; Privacy and Security; Data Security; Privacy Shield; Data Privacy Framework,"In the Matter of Residual Pumpkin Entity, LLC, a limited liability company, formerly d/b/a CafePress; and PlanetArt LLC, a limited liability company, d/b/a CafePress"
"Epic Games, In the Matter of",https://www.ftc.gov/legal-library/browse/cases-proceedings/1923203-epic-games-matter,2024-01-10T12:00:00Z,Administrative,1923203,Pending,,Consumer Protection; Bureau of Consumer Protection; Children's Online Privacy Protection Act (COPPA); Entertainment; Privacy and Security; Children's Privacy; Gaming,"In the Matter of Epic Games, Inc., a corporation"
"TransUnion Rental Screening Solutions, Inc. and Trans Union, LLC., FTC and CFPB v.",https://www.ftc.gov/legal-library/browse/cases-proceedings/182-3204-transunion-rental-screening-solutions-inc-trans-union-llc-ftc-cfpb-v,2023-10-20T12:00:00Z,Federal,182 3204,Pending,,Consumer Protection; Bureau of Consumer Protection; Fair Credit Reporting Act (FCRA); Privacy and Security; Credit Reporting,"FEDERAL TRADE COMMISSION and CONSUMER FINANCIAL PROTECTION BUREAU, Plaintiffs, v. TRANSUNION RENTAL SCREENING SOLUTIONS, INC., a Delaware corporation, and TRANS UNION LLC, a Delaware limited liability company, Defendants."
"TruthFinder, LLC, FTC v.",https://www.ftc.gov/legal-library/browse/cases-proceedings/truthfinder-llc-ftc-v,2023-10-11T12:00:00Z,Federal,,Pending,The FTC will require background report providers TruthFinder and Instant Checkmate to pay $5.8 million to settle charges that they deceived consumers about whether consumers had criminal records and that the companies violated the Fair Credit Reporting Act (FCRA) by operating as consumer reporting agencies.,"Consumer Protection; Bureau of Consumer Protection; deceptive/misleading conduct; Fair Credit Reporting Act (FCRA); Endorsements, Influencers, and Reviews; Privacy and Security; Credit Reporting","FEDERAL TRADE COMMISSION, Plaintiff, v. INSTANT CHECKMATE, LLC, a limited liability company, TRUTHFINDER, LLC, a limited liability company, THE CONTROL GROUP MEDIA COMPANY, LLC, a corporation, INTELICARE DIRECT, LLC, a limited liability company, and PUBREC, LLC, a limited liability company, Defendants."
"Edmodo, LLC, U.S. v.",https://www.ftc.gov/legal-library/browse/cases-proceedings/202-3129-edmodo-llc-us-v,2023-08-28T12:00:00Z,Federal,202 3129,Pending,"The FTC obtained an order against education technology provider Edmodo for collecting personal data from children without obtaining their parent’s consent and using that data for advertising, in violation of the Children’s Online Privacy Protection Act Rule (COPPA Rule), and for unlawfully outsourcing its COPPA compliance responsibilities to schools.",Consumer Protection; Bureau of Consumer Protection; Children's Online Privacy Protection Act (COPPA); Privacy and Security; Children's Privacy,"United States of America, Plaintiff v. Edmodo, LLC, a limited liability company, Defendant."
"Amazon.com (Alexa), U.S. v.",https://www.ftc.gov/legal-library/browse/cases-proceedings/192-3128-amazoncom-alexa-us-v,2023-07-21T12:00:00Z,Federal,192 3128,Pending,The FTC will require Amazon to overhaul its deletion practices and implement stringent privacy safeguards to settle charges the company violated the Children’s Online Privacy Protection Act Rule (COPPA Rule) and deceived parents and users of the Alexa voice assistant service about its data deletion practices.,Consumer Protection; Bureau of Consumer Protection; Children's Online Privacy Protection Act (COPPA); Privacy and Security; Children's Privacy; Consumer Privacy; Artificial Intelligence,"United States of America, Plaintiff v. AMAZON.COM, INC., a corporation, and AMAZON.COM SERVICES LLC, a limited liability company, Defendants."
"Easy Healthcare Corporation, U.S. v.",https://www.ftc.gov/legal-library/browse/cases-proceedings/202-3186-easy-healthcare-corporation-us-v,2023-06-26T12:00:00Z,Federal,202 3186,Pending,"The FTC reached a settlement with the developer of the fertility app Premom over allegations it deceived users by sharing their sensitive personal information with third parties, including two China-based firms, disclosed users’ sensitive health data to AppsFlyer and Google, and failed to notify consumers of these unauthorized disclosures in violation of the Health Breach Notification Rule (HBNR).",Consumer Protection; Bureau of Consumer Protection; Health Care; Technology; Software and Databases; Mobile; Privacy and Security; Health Privacy,"United States of America, Plaintiff v. Easy Healthcare Corporation, a corporation doing business as Easy Healthcare, Defendant."
"Microsoft Corporation, U.S. v.",https://www.ftc.gov/legal-library/browse/cases-proceedings/1923258-microsoft-corporation-us-v,2023-06-09T12:00:00Z,Federal,1923258,Closed,"Microsoft will pay $20 million to settle FTC charges that it violated COPPA by collecting personal information from children who signed up to its Xbox gaming system without notifying their parents or obtaining their parents’ consent, and by illegally retaining children’s personal information.",Consumer Protection; Children's Online Privacy Protection Act (COPPA); Entertainment; Privacy and Security; Children's Privacy,"United States of America, Plaintiff v. Microsoft Corporation, a corporation, Defendant"
"Fashion Nova, LLC, In the Matter of",https://www.ftc.gov/legal-library/browse/cases-proceedings/192-3138-fashion-nova-llc-matter,2023-05-17T12:00:00Z,Administrative,192 3138,Pending,"O nline fashion retailer Fashion Nova, LLC is prohibited from suppressing customer reviews of its products and required to pay $4.2 million to settle FTC allegations that the company blocked negative reviews of its products from being posted to its website","Consumer Protection; Bureau of Consumer Protection; Retail; Merchandise & Clothing; Clothing and Textiles; Advertising and Marketing; Endorsements, Influencers, and Reviews; Advertising and Marketing Basics; Privacy and Security","In the Matter of Fashion Nova, LLC, a limited liability company"
"GoodRx Holdings, Inc.",https://www.ftc.gov/legal-library/browse/cases-proceedings/2023090-goodrx-holdings-inc,2023-02-17T12:00:00Z,Federal,2023090,Pending,"The Federal Trade Commission has taken enforcement action for the first time under its Health Breach Notification Rule against the telehealth and prescription drug discount provider GoodRx Holdings Inc., for failing to notify consumers and others of its unauthorized disclosures of consumers’ personal health information to Facebook, Google, and other companies.",Consumer Protection; Bureau of Consumer Protection; Health Care; Advertising and Marketing; Online Advertising and Marketing; Privacy and Security; Consumer Privacy; Health Privacy,"GoodRx Holdings, Inc., a corporation, also d/b/a GoodRx Gold, GoodRx Care, HeyDoctor, and HeyDoctor by GoodRx"
"Epic Games, Inc., U.S. v.",https://www.ftc.gov/legal-library/browse/cases-proceedings/2223087-epic-games-inc-us-v,2023-02-07T12:00:00Z,Federal,2223087,Pending,,Consumer Protection; Bureau of Consumer Protection; Children's Online Privacy Protection Act (COPPA); Entertainment; Privacy and Security; Children's Privacy; Gaming,"United States of America, Plaintiff, v. Epic Games, Inc., a corporation, Defendant"
Chegg,https://www.ftc.gov/legal-library/browse/cases-proceedings/chegg,2023-01-26T12:00:00Z,Administrative,,Pending,"The FTC taking action against education technology provider Chegg Inc. for its lax data security practices that exposed sensitive information about millions of its customers and employees, including Social Security numbers, email addresses and passwords.",Consumer Protection; Bureau of Consumer Protection; Education; Privacy and Security; Consumer Privacy; Data Security,"In the Matter of CHEGG, INC., a corporation"
"Drizly, LLC., In the Matter of",https://www.ftc.gov/legal-library/browse/cases-proceedings/2023185-drizly-llc-matter,2023-01-10T12:00:00Z,Administrative,2023185,Pending,The Federal Trade Commission is taking action against the online alcohol marketplace Drizly and its CEO James Cory Rellas over allegations that the company’s security failures led to a data breach exposing the personal information of about 2.5 million consumers.,Consumer Protection; Bureau of Consumer Protection; Identity Theft; Alcohol; Privacy and Security; Consumer Privacy; Data Security,"In the Matter of Drizly, LLC, a Limited Liability Company, and James Cory Rellas, individually, and as an officer of Drizly, LLC."
"Twitter, Inc., U.S. v.",https://www.ftc.gov/legal-library/browse/cases-proceedings/2023062-twitter-inc-us-v,2022-05-26T12:00:00Z,Federal,2023062,Pending,The FTC alleged that Twitter’s deceptive use of user email addresses and phone numbers violated the FTC Act and the 2011 Commission order.,Consumer Protection; Bureau of Consumer Protection; Technology; Privacy and Security; Consumer Privacy; Data Security; Privacy Shield; Data Privacy Framework,"United States of America, Plaintiff v. Twitter, Inc., a corporation, Defendant."
"Everalbum, Inc., In the Matter of",https://www.ftc.gov/legal-library/browse/cases-proceedings/192-3172-everalbum-inc-matter,2022-05-05T12:00:00Z,Administrative,192 3172,Closed,Everalbum settled Federal Trade Commission allegations that it deceived consumers about its use of facial recognition technology and its retention of photos and videos of users who deactivated their accounts.,Consumer Protection; Bureau of Consumer Protection; deceptive/misleading conduct; Technology; Mobile; Privacy and Security; Consumer Privacy; Tech; Artificial Intelligence,
"Credit Bureau Center, LLC (formerly known as MyScore LLC)",https://www.ftc.gov/legal-library/browse/cases-proceedings/162-3120-x170014-credit-bureau-center-llc-formerly-known-myscore-llc,2022-04-04T12:00:00Z,Federal,162 3120,,"A federal judge has ordered Credit Bureau Center, LLC and its owner, Michael Brown, to pay more than $5.2 million to return to consumers, to resolve FTC charges that they deceived people with fake rental property ads and deceptive promises of “free” credit reports, and then tricked them into enrolling into a costly monthly credit monitoring service.",Consumer Protection; Bureau of Consumer Protection; Privacy and Security; Credit Reporting,"Federal Trade Commission, Plaintiff, v. Credit Bureau Center, LLC, a limited liability company, formerly known as MyScore LLC, also doing business as eFreeScore.com, CreditUpdates.com, and FreeCreditNation.com; Michael Brown; Danny Pierce; and Andrew Lloyd, Defendants."
Weight Watchers/WW,https://www.ftc.gov/legal-library/browse/cases-proceedings/1923228-weight-watchersww,2022-03-04T12:00:00Z,Federal,1923228,Pending,"The FTC reached a settlement with WW International, Inc., formerly known as Weight Watchers, and a subsidiary called Kurbo, Inc., over allegations they marketed a weight loss app for use by children as young as eight and then collected their personal information without parental permission.",Consumer Protection; Weight Loss; Children's Online Privacy Protection Act (COPPA); Privacy and Security; Children's Privacy,
ITMedia Solutions LLC,https://www.ftc.gov/legal-library/browse/cases-proceedings/1523225-itmedia-solutions-llc,2022-01-06T12:00:00Z,Process Enforcement,1523225,Closed,"A lead generation company that collected sensitive information from millions of consumers under the guise of connecting them with lenders will pay $1.5 million in civil penalties and face restrictions on their operations as a result of a Federal Trade Commission lawsuit. The FTC’s complaint alleges that since at least 2012, ITMedia Solutions LLC, a number of affiliate companies, and their owners and officers have operated hundreds of websites that were designed to entice consumers into sharing their most sensitive financial information—including their Social Security numbers and bank account information. The defendants sold that information to marketing companies and others without regard for how the information would be used, according to the complaint.",Consumer Protection; Office of the General Counsel; Bureau of Consumer Protection; Credit & Loan Offers; Debt Relief; deceptive/misleading conduct; Credit and Finance; Credit and Loans; Privacy and Security; Consumer Privacy,Federal Trade Commission v. ITMedia Solutions LLC et al.
"Ascension Data & Analytics, LLC, In the Matter of",https://www.ftc.gov/legal-library/browse/cases-proceedings/192-3126-ascension-data-analytics-llc-matter,2021-12-22T12:00:00Z,Administrative,192 3126,Pending,Ascension will be required to implement a comprehensive data security program as part of a settlement resolving FTC allegations that the firm failed to ensure one of its vendors was adequately securing personal data about tens of thousands of mortgage holders.,Consumer Protection; Bureau of Consumer Protection; Technology; Software and Databases; Real Estate and Mortgages; Privacy and Security; Data Security; Gramm-Leach-Bliley Act,"In the Matter of Ascension Data & Analytics, LLC, a limited liability company."
"MyLife.com, Inc.",https://www.ftc.gov/legal-library/browse/cases-proceedings/182-3022-mylifecom-inc,2021-12-16T12:00:00Z,Federal,182 3022,Pending,"The Department of Justice on behalf of the Federal Trade Commission sued MyLife.com, Inc. and its CEO Jeffrey Tinsley over allegations they deceived consumers with “teaser background reports” that often falsely claimed to include information about arrest, criminal, and sex offender records, and also engaged in misleading billing and marketing practices.",Consumer Protection; Bureau of Consumer Protection; deceptive/misleading conduct; Fair Credit Reporting Act (FCRA); Technology; Software and Databases; Advertising and Marketing; Online Advertising and Marketing; Privacy and Security; Credit Reporting,"United States of America (for the Federal Trade Commission), Plaintiff, v. MyLife.com, Inc., a corporation, and Jeffrey Tinsley, individually and as an officer of MyLife.com, Inc., Defendants."
"OpenX Technologies, Inc.",https://www.ftc.gov/legal-library/browse/cases-proceedings/1923019-openx-technologies-inc,2021-12-15T12:00:00Z,Federal,1923019,Pending,"Under an order with the FTC, OpenX Technologies, Inc. will be required to pay $2 million over allegations that the company collected personal information from children under 13 without parental consent. The FTC also alleged that the company collected geolocation information from users who specifically asked not to be tracked.",Consumer Protection; Privacy and Security; Children's Privacy; Consumer Privacy,"United States of America, Plaintiff, v. OpenX Technologies, Inc., a Delaware Corporation, Defendant."
"Kuuhuub, Inc., et al., U.S. v. (Recolor Oy)",https://www.ftc.gov/legal-library/browse/cases-proceedings/182-3184-kuuhuub-inc-et-al-us-v-recolor-oy,2021-07-22T12:00:00Z,Federal,182 3184,Pending,"Kuuhuub Inc., Kuu Hubb Oy and Recolor Oy settled FTC allegations that they violated a children’s privacy law by collecting and disclosing personal information about children who used the app without notifying their parents and obtaining their consent.",Consumer Protection; Bureau of Consumer Protection; Western Region San Francisco; Children's Online Privacy Protection Act (COPPA); Technology; Mobile; Advertising and Marketing; Online Advertising and Marketing; Privacy and Security; Children's Privacy,"United States of America, Plaintiff, v. Kuuhuub, a corporation, Kuu Hubb Oy, a corporation, and Recolor Oy, a corporation"
"Flo Health, Inc.",https://www.ftc.gov/legal-library/browse/cases-proceedings/192-3133-flo-health-inc,2021-06-22T12:00:00Z,Administrative,192 3133,Closed,Flo Health has settled Federal Trade Commission allegations that the company shared health information of its users with outside data analytics providers after promising such information would be kept private.,Consumer Protection; Bureau of Consumer Protection; Health Care; Mobile; Privacy and Security; Consumer Privacy; Tech; Privacy Shield; Health Privacy; Data Privacy Framework,"In the Matter of Flo Health, Inc., a corporation"
"SkyMed International, Inc., In the Matter of",https://www.ftc.gov/legal-library/browse/cases-proceedings/1923140-skymed-international-inc-matter,2021-02-05T12:00:00Z,Administrative,1923140,,SkyMed must put in place a comprehensive information security program as part of a settlement with the FTC over allegations the company failed to take reasonable steps to secure sensitive consumer information such as health records.,Consumer Protection; Bureau of Consumer Protection; Health Care; Privacy and Security; Data Security; Health Privacy,
"Zoom Video Communications, Inc., In the Matter of",https://www.ftc.gov/legal-library/browse/cases-proceedings/192-3167-zoom-video-communications-inc-matter,2021-02-01T12:00:00Z,Administrative,192 3167,Pending,"Zoom Video Communications, Inc. will be required to implement a robust information security program to settle FTC allegations that the video conferencing provider engaged in a series of deceptive and unfair practices that undermined the security of its users.",Consumer Protection; Bureau of Consumer Protection; deceptive/misleading conduct; Privacy and Security; Consumer Privacy; Data Security; Tech,"In the Matter of Zoom Video Communications, Inc., a corporation, d/b/a Zoom"
"AppFolio, Inc.",https://www.ftc.gov/legal-library/browse/cases-proceedings/1923016-appfolio-inc,2020-12-08T12:00:00Z,Federal,1923016,,AppFolio will pay $4.25 million as part of a settlement with the FTC over allegations the firm failed to follow reasonable procedures to ensure the accuracy of its reports about potential tenants.,Consumer Protection; Bureau of Consumer Protection; housing; Privacy and Security; Credit Reporting,
"Midwest Recovery Systems, LLC",https://www.ftc.gov/legal-library/browse/cases-proceedings/1923042-midwest-recovery-systems-llc,2020-11-30T12:00:00Z,Federal,1923042,,"The Federal Trade Commission has taken action against a debt collection company that allegedly placed bogus or highly questionable debts onto consumers’ credit reports to coerce them to pay the debts. Under a settlement with the FTC, the company, Midwest Recovery Systems (Midwest Recovery), is prohibited from the practice, known as “debt parking,” and required to delete the debts it previously reported to credit reporting agencies. The FTC alleged that Midwest Recovery collected more than $24 million from consumers on such debts, largely by debt parking.",Consumer Protection; Credit and Finance; Debt Collection; Privacy and Security; Credit Reporting,
"NTT Global Data Centers Americas, Inc., In the Matter of",https://www.ftc.gov/legal-library/browse/cases-proceedings/182-3189-ntt-global-data-centers-americas-inc-matter,2020-10-28T12:00:00Z,Administrative,182 3189,Closed,"The FTC sued RagingWire Data Centers, Inc. over allegations that the company misled consumers about its participation in the EU-U.S. Privacy Shield framework and failed to adhere to the program’s requirements before allowing its certification to lapse.  A proposed consent agreement that would settle those allegations was announced on June 30, 2020.",Consumer Protection; Bureau of Consumer Protection; international cooperation; Online Advertising and Marketing; Privacy and Security; Consumer Privacy; Data Security; Privacy Shield; Data Privacy Framework,"In the Matter of NTT Global Data Centers Americas, Inc., a corporation, as successor in interest to RagingWire Data Centers, Inc., a corporation."
Emp Media Inc. (MyEx.com),https://www.ftc.gov/legal-library/browse/cases-proceedings/162-3052-emp-media-inc-myexcom,2020-09-23T12:00:00Z,Federal,162 3052,,,Consumer Protection; Bureau of Consumer Protection; Technology; Privacy and Security; Consumer Privacy,"Federal Trade Commission and State of Nevada, Plaintiffs v. Emp Media Inc. (also doing business as MyEx.com, Post My Ad, T&A Media, or Internet Secrets), a Nevada corporation; Aniello “Neil” Infante, individually and as an officer of Emp Media Inc.; Shad “John” Applegate, also known as Shad Cotelli, individually and as an officer of Emp Media Inc.; and One or More Unknown Parties Doing Business as Yeicox Ltd., Defendants."
"Ortho-Clinical Diagnostics, Inc., In the Matter of",https://www.ftc.gov/legal-library/browse/cases-proceedings/192-3050-ortho-clinical-diagnostics-inc-matter,2020-07-13T12:00:00Z,Administrative,192 3050,Pending,"Ortho-Clinical Diagnostics, Inc., settled Federal Trade Commission allegations that the company misled consumers about its participation in the EU-U.S. Privacy Shield framework.",Consumer Protection; Privacy and Security; Privacy Shield; Data Privacy Framework,"Ortho-Clinical Diagnostics, Inc., a corporation."
"Miniclip, In the Matter of",https://www.ftc.gov/legal-library/browse/cases-proceedings/192-3129-miniclip-matter,2020-07-06T12:00:00Z,Administrative,192 3129,Pending,"In May 2020, the Commission accepted for public comment a proposed consent agreement to resolve allegations that Miniclip S.A. violated Section 5 of the FTC Act by misrepresenting its status in a Children’s Online Privacy Protection Act (“COPPA”) safe harbor program.",Consumer Protection; Bureau of Consumer Protection; Children's Online Privacy Protection Act (COPPA); deceptive/misleading conduct; Technology; Entertainment; Mobile; Privacy and Security; Children's Privacy,"In the Matter of Miniclip S.A., a corporation."
"Kohl's Department Stores, Inc.",https://www.ftc.gov/legal-library/browse/cases-proceedings/182-3200-kohls-department-stores-inc,2020-06-10T12:00:00Z,Federal,182 3200,Pending,"Kohl’s Department Stores, Inc. agreed to pay a civil penalty of $220,000 to settle Federal Trade Commission allegations that the retailer violated the Fair Credit Reporting Act by refusing to provide complete records of transactions to consumers whose personal information was used by identity thieves.",Consumer Protection; Bureau of Consumer Protection; Credit & Loan Offers; Identity Theft; Fair Credit Reporting Act (FCRA); Privacy and Security; Credit Reporting,"United States of America (For the Federal Trade Commission), Plaintiff, v. Kohl's Department Stores, Inc., a corporation, Defendant."
"HyperBeard, Inc.",https://www.ftc.gov/legal-library/browse/cases-proceedings/192-3109-hyperbeard-inc,2020-06-04T12:00:00Z,Federal,192 3109,Pending,"HyperBeard, a developer of apps that are popular with children has agreed to pay $150,000 and to delete personal information it illegally collected from children under 13 to settle Federal Trade Commission allegations. In a complaint filed by the Department of Justice on behalf of the FTC, the Commission alleges that HyperBeard, Inc. violated the Children’s Online Privacy Protection Act Rule (COPPA Rule) by allowing third-party ad networks to collect personal information in the form of persistent identifiers to track users of the company’s child-directed apps, without notifying parents or obtaining verifiable parental consent. The ad networks used the identifiers to target ads to children using HyperBeard’s apps.",Consumer Protection; Bureau of Consumer Protection; Children's Online Privacy Protection Act (COPPA); Technology; Mobile; Privacy and Security; Children's Privacy,"United States of America, on behalf of the Federal Trade Commission, Plaintiff, v. HyperBeard, Inc., a corporation; and Alexander Kozachenko and Antonio Uribe, individually and as officers of HyperBeard, Inc.; Defendants."
"Tapplock, Inc., In the Matter of",https://www.ftc.gov/legal-library/browse/cases-proceedings/192-3011-tapplock-inc-matter,2020-05-20T12:00:00Z,Administrative,192 3011,Pending,Tapplock settled FTC allegations that it deceived consumers by falsely claiming that its Internet-connected smart locks were designed to be “unbreakable” and that it took reasonable steps to secure the data it collected from users.,Consumer Protection; Bureau of Consumer Protection; deceptive/misleading conduct; Internet of Things; Technology; Privacy and Security; Data Security,"In the Matter of Tapplock, Inc., a corporation"
Jasjit Gotra (Alliance Security),https://www.ftc.gov/legal-library/browse/cases-proceedings/x140022-jasjit-gotra-alliance-security,2020-05-18T12:00:00Z,Federal,X140022,,"In March 2018, the FTC filed a complaint and motion for preliminary injunction alleging that Alliance Security Inc., a home security installation company, and its founder, directly and through its authorized telemarketers, called millions of consumers whose numbers are on the National Do Not Call (DNC) Registry. At the same time, two of Alliance’s authorized telemarketers and their principals agreed to settle charges that they made illegal calls on Alliance’s behalf. In August 2019, the court issued two orders against the remaining defendants in the case. The first permanently bars Alliance from telemarketing and obtaining or using consumer credit reports without written authorization. The second, a preliminary injunction, imposes the same ban on the company’s CEO and founder Jasjit “Jay” Gotra. In May 2020, the FTC announced that Gotra had settled the case against him under a court order barring him from nearly all outbound telemarketing.",Consumer Protection; Do Not Call; Privacy and Security; Credit Reporting,"Federal Trade Commission, Plaintiff, v. Jasjit Gotra, individually and as an officer or owner of Alliance Security, Inc., formerly known as Versatile Marketing Solutions, Inc., VMS Alarms, VMS, Alliance Security, Alliance Home Protection, and AH Protection; Alliance Security Inc., a Massachusetts corporation formerly known as Versatile Marketing Solutions, Inc., VMS Alarms, VMS Alliance Security, and Alliance Home Protection; Jessica Merrick, also known as Jessica Bright also known as Jessica Dudlicek, individually and as an officer of Defend America LLC; Defend America LLC, a Florida Limited Liability Company; Kevin Klink, individually and as an officer or owner of Power Marketing Promotions LLC, and Power Marketing Promotions LLC, A North Carolina Limited Liability Company, also doing business as J Tele Alarms, Defendants."
"Retina-X Studios, LLC, In the Matter of",https://www.ftc.gov/legal-library/browse/cases-proceedings/172-3118-retina-x-studios-llc-matter,2020-03-27T12:00:00Z,Administrative,172 3118,Pending,"Retina-X Studios, LLC, reached a settlement with the Federal Trade Commission over allegations that the company and its owner failed to secure the data collected by its “stalking” apps and ensure the apps were used for legitimate purposes.",Consumer Protection; Bureau of Consumer Protection; Software and Databases; Mobile; Privacy and Security; Children's Privacy; Consumer Privacy,"In the Matter of Retina-X Studios, LLC, a limited liability company; and James N. Johns, Jr., individually and as sole member of Retina-X Studios, LLC."
"T&M Protection Resources, LLC, In the Matter of",https://www.ftc.gov/legal-library/browse/cases-proceedings/192-3092-tm-protection-resources-llc-matter,2020-03-23T12:00:00Z,Administrative,192 3092,Pending,"T&M Protection Resources, LLC, settled Federal Trade Commission allegations that the company misrepresented its participation in and compliance with the EU-U.S. Privacy Shield framework.",Consumer Protection; Bureau of Consumer Protection; Advertising and Marketing; Privacy and Security; Privacy Shield; Data Privacy Framework,"In the Matter of T&M Protection Resources, LLC, a Delaware limited liability corporation."
BoostMyScore LLC,https://www.ftc.gov/legal-library/browse/cases-proceedings/192-3059-boostmyscore-llc,2020-03-09T12:00:00Z,Federal,192 3059,Pending,,Consumer Protection; Bureau of Consumer Protection; Credit & Loan Offers; Debt Relief; Credit and Finance; Credit and Loans; Privacy and Security; Credit Reporting,"Federal Trade Commission, Plaintiff v. BoostMyScore LLC, f/k/a Boost My Score dot Net, LLC, and also d/b/a BoostMyScore.net; BMS, Inc., also d/b/a BoostMyScore.net; and William O. Airy, individually and as an officer of BoostMyScore LLC and BMS, Inc., Defendants."
"Office Depot, Inc.",https://www.ftc.gov/legal-library/browse/cases-proceedings/172-3023-office-depot-inc,2020-02-20T12:00:00Z,Federal,172 3023,,"Office Depot, Inc. and its tech support software provider Support.com, Inc., settled Federal Trade Commission allegations that the two companies tricked customers into buying millions of dollars' worth of computer repair and technical services by deceptively claiming their software had found malware on the customers' computers.",Consumer Protection; Bureau of Consumer Protection; deceptive/misleading conduct; Technology; Privacy and Security; Data Security,"Federal Trade Commission, Plaintiff, v. Office Depot, Inc., a corporation, and Support.com, Inc., a corporation, Defendants."
"Click Labs, Inc., In the Matter of",https://www.ftc.gov/legal-library/browse/cases-proceedings/192-3090-click-labs-inc-matter,2020-01-29T12:00:00Z,Administrative,192 3090,Pending,"Click Labs, Inc. settled Federal Trade Commission allegations that the company made false claims in connection with the EU-U.S. Privacy Shield framework.",Consumer Protection; Bureau of Consumer Protection; Privacy and Security; Privacy Shield; Data Privacy Framework,"In the Matter of Click Labs, Inc., a corporation."
"Global Data Vault, LLC, In the Matter of",https://www.ftc.gov/legal-library/browse/cases-proceedings/192-3093-global-data-vault-llc-matter,2020-01-29T12:00:00Z,Administrative,192 3093,Pending,"Global Data Vault, LLC, settled Federal Trade Commission allegations that the company made false claims in connection with the EU-U.S. Privacy Shield framework.",Consumer Protection; Privacy and Security; Privacy Shield; Data Privacy Framework,"In the Matter of Global Data Vault, LLC, a limited liability corporation."
"Incentive Services, Inc., In the Matter of",https://www.ftc.gov/legal-library/browse/cases-proceedings/192-3078-incentive-services-inc-matter,2020-01-29T12:00:00Z,Administrative,192 3078,Pending,"Incentive Services, Inc., settled Federal Trade Commission allegations that the company made false claims in connection with the EU-U.S. Privacy Shield framework, which enables companies to transfer consumer data legally from European Union countries to the United States.",Consumer Protection; Bureau of Consumer Protection; Privacy and Security; Privacy Shield; Data Privacy Framework,"In the Matter of Incentive Services, Inc., a corporation."
"TDARX, Inc., In the Matter of",https://www.ftc.gov/legal-library/browse/cases-proceedings/192-3084-tdarx-inc-matter,2020-01-29T12:00:00Z,Administrative,192 3084,Pending,"TDARX, Inc., settled Federal Trade Commission allegations that the company made false claims in connection with the EU-U.S. Privacy Shield framework.",Consumer Protection; Bureau of Consumer Protection; Privacy and Security; Privacy Shield; Data Privacy Framework,"In the Matter of TDARX, Inc., a corporation."
"DCR Workforce, Inc., In the Matter of",https://www.ftc.gov/legal-library/browse/cases-proceedings/182-3188-dcr-workforce-inc-matter,2020-01-16T12:00:00Z,Administrative,182 3188,Pending,"DCR Workforce, Inc. reached a settlement with the FTC over allegations that the company made false or misleading representations about its participation in the EU-U.S. Privacy Shield framework.",Consumer Protection; Privacy and Security; Privacy Shield; Data Privacy Framework,"In the Matter of DCR Workforce, Inc., a corporation"
"LotaData, Inc., In the Matter of",https://www.ftc.gov/legal-library/browse/cases-proceedings/182-3194-lotadata-inc-matter,2020-01-16T12:00:00Z,Administrative,182 3194,Pending,LotaData settled Federal Trade Commission allegations that the company falsely claimed certification under the EU-U.S. Privacy Shield framework.,Consumer Protection; Bureau of Consumer Protection; Technology; Mobile; Privacy and Security; Privacy Shield; Data Privacy Framework,"In the Matter of LotaData, Inc., a corporation"
"EmpiriStat, In the Matter of",https://www.ftc.gov/legal-library/browse/cases-proceedings/182-3195-empiristat-matter,2020-01-16T12:00:00Z,Administrative,182 3195,Pending,EmpiriStat settled Federal Trade Commission allegations that the company falsely claimed certification under the EU-U.S. Privacy Shield framework.,Consumer Protection; Bureau of Consumer Protection; Technology; Privacy and Security; Privacy Shield; Data Privacy Framework,"In the Matter of EmpiriStat, Inc., a corporation"
"Trueface.ai, In the Matter of",https://www.ftc.gov/legal-library/browse/cases-proceedings/182-3193-truefaceai-matter,2020-01-16T12:00:00Z,Administrative,182 3193,Closed,Trueface.ai settled Federal Trade Commission allegations that the company falsely claimed certification under the EU-U.S. Privacy Shield framework.,Consumer Protection; Bureau of Consumer Protection; Technology; Privacy and Security; Privacy Shield; Data Privacy Framework,"In the Matter of 214 Technologies, Inc., a corporation also doing business as Trueface.ai"
"Thru, Inc., In the Matter of",https://www.ftc.gov/legal-library/browse/cases-proceedings/182-3196-thru-inc-matter,2020-01-16T12:00:00Z,Administrative,182 3196,Pending,"Thru, Inc. reached a settlement with the FTC over allegations that the company made false and misleading representations about its participation in the EU-U.S. and Swiss-U.S. Privacy Shield frameworks.",Consumer Protection; Privacy and Security; Privacy Shield; Data Privacy Framework,"In the Matter of Thru, Inc., a corporation"
"Mortgage Solutions FCS, Inc.",https://www.ftc.gov/legal-library/browse/cases-proceedings/182-3199-mortgage-solutions-fcs-inc,2020-01-10T12:00:00Z,Federal,182 3199,Pending,"Mortgage Solutions FCS, doing business as Mount Diablo Lending, and Ramon Walker agreed to pay $120,000 to settle Federal Trade Commission allegations that it violated the Fair Credit Reporting Act and other laws by revealing personal information about consumers in response to negative reviews posted on the review website Yelp.","Consumer Protection; Bureau of Consumer Protection; Mortgages; Advertising and Marketing; Endorsements, Influencers, and Reviews; Privacy and Security; Consumer Privacy; Credit Reporting; Gramm-Leach-Bliley Act","United States of America, on behalf of the Federal Trade Commission, Plaintiff, v. Mortgage Solutions FCS, a corporation, also doing business as Mount Diablo Lending; and Ramon Walker, Defendants."
"Medable, Inc., In the Matter of",https://www.ftc.gov/legal-library/browse/cases-proceedings/182-3192-medable-inc-matter,2020-01-09T12:00:00Z,Administrative,182 3192,Pending,"Medable settled Federal Trade Commission allegations that it falsely claimed participation in the EU-U.S. Privacy Shield framework, which enables companies to transfer consumer data legally from European Union countries to the United States.",Consumer Protection; Bureau of Consumer Protection; Technology; Privacy and Security; U.S.-EU Safe Harbor Framework; Data Privacy Framework,"In the Matter of Medable, Inc., a corporation."
"InfoTrax Systems, L.C.",https://www.ftc.gov/legal-library/browse/cases-proceedings/162-3130-infotrax-systems-lc,2020-01-06T12:00:00Z,Administrative,162 3130,Pending,"InfoTrax, L.C. settled Federal Trade Commission allegations that the company failed to put in place reasonable security safeguards, allowing a hacker to access the personal information of more than a million consumers.",Consumer Protection; Bureau of Consumer Protection; Technology; Software and Databases; Privacy and Security; Data Security,"In the Matter of InfoTrax Systems, L.C., a limited liability company, and Mark Rawlins."
"Cambridge Analytica, LLC, In the Matter of",https://www.ftc.gov/legal-library/browse/cases-proceedings/182-3107-cambridge-analytica-llc-matter,2019-12-18T12:00:00Z,Administrative,182 3107,Closed,"The Federal Trade Commission filed an administrative complaint against data analytics company Cambridge Analytica, and filed settlements for public comment with Cambridge Analytica’s former chief executive and an app developer who worked with the company, alleging they employed deceptive tactics to harvest personal information from tens of millions of Facebook users for voter profiling and targeting.",Consumer Protection; Privacy and Security; Consumer Privacy,In the Matter of Cambridge Analytica LLC
"Aleksandr Kogan and Alexander Nix, In the Matter of",https://www.ftc.gov/legal-library/browse/cases-proceedings/182-3106-182-3107-aleksandr-kogan-alexander-nix-matter,2019-12-18T12:00:00Z,Administrative,182 3106,,"Former Cambridge Analytica, LLC CEO Alexander Nix and Aleksandr Kogan, an app developer who worked with the company, settled Federal Trade Commission allegations that they used deceptive tactics to collect personal information from tens of millions of Facebook users for voter profiling and targeting.",Consumer Protection; Privacy and Security; Consumer Privacy,In the Matter of Aleksandr Kogan and Alexander Nix
"Unrollme Inc., In the Matter of",https://www.ftc.gov/legal-library/browse/cases-proceedings/172-3139-unrollme-inc-matter,2019-12-17T12:00:00Z,Administrative,172 3139,,Unrollme Inc. reached a settlement with the FTC over allegations that the company deceived some consumers about how it accesses and uses their personal emails.,Consumer Protection; Bureau of Consumer Protection; Advertising and Marketing; Online Advertising and Marketing; Privacy and Security; Consumer Privacy,"In the Matter of Unrollme Inc., a corporation"
"LifeLock, Inc., a corporation",https://www.ftc.gov/legal-library/browse/cases-proceedings/072-3069-x100023-lifelock-inc-corporation,2019-10-08T12:00:00Z,Federal,072 3069,,LifeLock paid $100 million to settle Federal Trade Commission contempt charges that it violated the terms of a 2010 federal court order that requires the company to secure consumers' personal information and prohibits the company from deceptive advertising.,Consumer Protection; Office of Technology Research and Investigation (OTech); Privacy and Security; Data Security,"Federal Trade Commission, Plaintiff, v. LifeLock, Inc., a corporation; Robert J. Maynard, Jr., individually and as an officer of LifeLock, Inc.; and Richard Todd Davis, individually and as an officer of LifeLock, Inc., Defendants"
"Google LLC and YouTube, LLC",https://www.ftc.gov/legal-library/browse/cases-proceedings/172-3083-google-llc-youtube-llc,2019-09-10T12:00:00Z,Federal,172 3083,Pending,"Google LLC and its subsidiary YouTube, LLC agreed to pay a $170 million civil penalty to the Federal Trade Commission and the New York Attorney General to settle allegations that the YouTube video sharing service illegally collected personal information from children without their parents’ consent in violation of the Children’s Online Privacy Protection Act Rule (COPPA).",Consumer Protection; Children's Online Privacy Protection Act (COPPA); Privacy and Security; Children's Privacy,"United States of America (on behalf of the Federal Trade Commission); and People of the State of New York, by Letitia James, Attorney General of the State of New York; Plaintiffs, v. Google LLC, a Delaware limited liability company; and YouTube, LLC, a Delaware limited liability company; Defendants."
"LightYear Dealer Technologies, LLC, In the Matter of",https://www.ftc.gov/legal-library/browse/cases-proceedings/172-3051-lightyear-dealer-technologies-llc-matter,2019-09-06T12:00:00Z,Administrative,172 3051,,"LightYear Dealer Technologies, LLC settled Federal Trade Commission allegations that the auto dealer software provider failed to take reasonable steps to secure consumers' data, leading to a breach that exposed the personal information of millions of consumers.",Consumer Protection; Bureau of Consumer Protection; Automobiles; Privacy and Security; Consumer Privacy; Data Security; Gramm-Leach-Bliley Act,"In the Matter of LightYear Dealer Technologies, LLC, a Missouri limited liability company, doing business as, DealerBuilt."
"LabMD, Inc. v. Federal Trade Commission",https://www.ftc.gov/legal-library/browse/cases-proceedings/102-3099-labmd-inc-v-federal-trade-commission,2019-08-30T12:00:00Z,Federal,102 3099,,"The Federal Trade Commission filed a complaint against medical testing laboratory LabMD, Inc. alleging that the company failed to reasonably protect the security of consumers’ personal data, including medical information.",Consumer Protection; Health Care; Health Professional Services; Privacy and Security; Data Security,"LabMD, Inc., Plaintiff-Appellant v. Federal Trade Commission, Defendant-Appellee"
"SecurTest, Inc., In the Matter of",https://www.ftc.gov/legal-library/browse/cases-proceedings/182-3152-securtest-inc-matter,2019-08-21T12:00:00Z,Administrative,182 3152,,"The FTC alleged that while SecurTest initiated a Privacy Shield application in September 2017 with the U.S. Department of Commerce, the company did not complete the steps necessary to be certified as complying with the frameworks. Because it failed to complete certification, SecurTest was not a certified participant in the frameworks, despite representations to the contrary on its website. The settlement with the FTC prohibits SecurTest from misrepresenting its participation in any privacy or security program sponsored by a government, self-regulatory, or standard-setting organization, including the EU-U.S. Privacy Shield and Swiss-U.S. Privacy Shield frameworks. It also must comply with reporting and compliance requirements.",Consumer Protection; international cooperation; Privacy and Security; Consumer Privacy; U.S.-EU Safe Harbor Framework; Privacy Shield; Data Privacy Framework,"In the Matter of SecurTest, Inc., a corporation"
"Equifax, Inc.",https://www.ftc.gov/legal-library/browse/cases-proceedings/172-3203-equifax-inc,2019-07-31T12:00:00Z,Federal,172 3203,,"Equifax, Inc. agreed to pay at least $575 million, and potentially up to $700 million, as part of a global settlement with the Federal Trade Commission, the Consumer Financial Protection Bureau (CFPB), and 50 U.S. states and territories to settle allegations that the credit reporting company's failed to take reasonable steps to secure its network.",Consumer Protection; Bureau of Consumer Protection; consumer refunds; Privacy and Security; Credit Reporting; Data Security; Gramm-Leach-Bliley Act,"Federal Trade Commission, Plaintiff, v. Equifax, Inc., Defendant."
D-Link,https://www.ftc.gov/legal-library/browse/cases-proceedings/132-3157-x170030-d-link,2019-07-02T12:00:00Z,Federal,132 3157,,"D-Link Systems, Inc., agreed to implement a comprehensive software security program in order to settle Federal Trade Commission allegations over misrepresentations that the company took reasonable steps to secure its wireless routers and Internet-connected cameras.",Consumer Protection; Office of Technology Research and Investigation (OTech); Privacy and Security; Data Security; Tech,"Federal Trade Commission, Plaintiff, v. D-Link Corporation and D-Link Systems, Inc., corporations, Defendants."
"James V. Grago, Jr. doing business as ClixSense.com, In the Matter of",https://www.ftc.gov/legal-library/browse/cases-proceedings/172-3003-james-v-grago-jr-doing-business-clixsensecom-matter,2019-07-02T12:00:00Z,Administrative,172 3003,,"James V. Grago, Jr. online rewards website ClixSense.com settled allegations from the Fewill be required to implement a comprehensive information security program before collecting personal information as part of a final settlement with the Federal Trade Commission related to allegations that he failed to take reasonable steps to protect personal data.",Consumer Protection; Privacy and Security; Data Security,"In the Matter of James V. Grago, Jr., individually and doing business as ClixSense.com"
"Unixiz, Inc. doing business as i-Dressup.com",https://www.ftc.gov/legal-library/browse/cases-proceedings/172-3002-unixiz-inc-doing-business-i-dressupcom,2019-04-24T12:00:00Z,Federal,172 3002,,"Unixiz, Inc., doing business as i-Dressup.com, and the individually named defendants CEO Zhijun Liu and Secretary Xichen Zhang, reached a settlement over allegations they violated the Children’s Online Privacy Protection Act (COPPA).",Consumer Protection; Children's Online Privacy Protection Act (COPPA); Privacy and Security; Children's Privacy,"United States of America (For the Federal Trade Commission), Plaintiff, v. Unixiz, Inc., a corporation doing business as i-Dressup.com, and Zhijun Liu and Xichen Zhang, individually and as officers of Unixiz, Inc., Defendants."
"Musical.ly, Inc.",https://www.ftc.gov/legal-library/browse/cases-proceedings/172-3004-musically-inc,2019-02-27T12:00:00Z,Federal,172 3004,,"Video social networking app Musical.ly, Inc., now known as TikTok, agreed to pay $5.7 million to settle Federal Trade Commission allegations that the company illegally collected personal information from children in violation of the Children's Online Privacy Protection Act.",Consumer Protection; Bureau of Consumer Protection; Children's Online Privacy Protection Act (COPPA); Technology; Privacy and Security; Children's Privacy,"United States of America (For the Federal Trade Commission), Plaintiff, v. Musical.ly, a corporation; and Musical.ly, Inc. a corporation, Defendant."
"VenPath, Inc., In the Matter of",https://www.ftc.gov/legal-library/browse/cases-proceedings/182-3144-venpath-inc-matter,2018-11-19T12:00:00Z,Administrative,182 3144,,,Consumer Protection; international cooperation; Software and Databases; Privacy and Security; Consumer Privacy; Data Security,"In the Matter of VenPath, Inc., a corporation."
"SmartStart Employment Screening, Inc., In the Matter of",https://www.ftc.gov/legal-library/browse/cases-proceedings/182-3154-smartstart-employment-screening-inc-matter,2018-11-19T12:00:00Z,Administrative,182 3154,,,Consumer Protection; Bureau of Consumer Protection; international cooperation; Technology; Software and Databases; Privacy and Security; Children's Privacy; Data Security; Privacy Shield; Data Privacy Framework,"In the Matter of SmartStart Employment Screening, Inc., a corporation."
"mResource LLC (Loop Works LLC), In the Matter of",https://www.ftc.gov/legal-library/browse/cases-proceedings/182-3143-mresource-llc-loop-works-llc-matter,2018-11-19T12:00:00Z,Administrative,182 3143,,,Consumer Protection; Privacy and Security; Consumer Privacy; Data Security; Privacy Shield; Data Privacy Framework,"In the Matter of mResource LLC, a corporation, doing business as Loop Works LLC"
"ReadyTech Corporation, In the Matter of",https://www.ftc.gov/legal-library/browse/cases-proceedings/182-3100-readytech-corporation-matter,2018-11-08T12:00:00Z,Administrative,182 3100,,,Consumer Protection; Bureau of Consumer Protection; Privacy and Security; Privacy Shield; Data Privacy Framework,"In the Matter of ReadyTech Corporation, a corporation."
"Uber Technologies, Inc., In the Matter of",https://www.ftc.gov/legal-library/browse/cases-proceedings/152-3054-c-4662-uber-technologies-inc-matter,2018-10-29T12:00:00Z,Administrative,152 3054,,,Consumer Protection; Office of Technology Research and Investigation (OTech); Privacy and Security; Consumer Privacy; Data Security,"In the Matter of Uber Technologies, Inc., a corporation."
"RealPage, Inc.",https://www.ftc.gov/legal-library/browse/cases-proceedings/152-3059-realpage-inc,2018-10-16T12:00:00Z,Federal,152 3059,,,Consumer Protection; Fair Credit Reporting Act (FCRA); Privacy and Security; Credit Reporting,"Federal Trade Commission, Plaintiff, v. RealPage, Inc., a corporation, Defendant."
"IDmission LLC, In the Matter of",https://www.ftc.gov/legal-library/browse/cases-proceedings/182-3150-idmission-llc-matter,2018-10-11T12:00:00Z,Administrative,182 3150,,,Consumer Protection; Bureau of Consumer Protection; Technology; Privacy and Security; Consumer Privacy; Data Security; Privacy Shield; Data Privacy Framework,"In the Matter of IDmission LLC, a corporation."
Katrina Moore,https://www.ftc.gov/legal-library/browse/cases-proceedings/172-3111-katrina-moore,2018-09-18T12:00:00Z,Federal,172 3111,,,Consumer Protection; Fake Check; Identity Theft; Finance; Credit and Finance; Privacy and Security,"Federal Trade Commission, Plaintiff, v. Katrina Moore, individually and also doing business as Innovative Paycheck Solutions, and FakePayStubOnline.com, Defendant."
"Integrated Flight Solutions, et al.",https://www.ftc.gov/legal-library/browse/cases-proceedings/172-3151-integrated-flight-solutions-et-al,2018-09-18T12:00:00Z,Federal,172 3151,,,Consumer Protection; Fake Check; Identity Theft; Credit and Finance; Privacy and Security,"Federal Trade Commission, Plaintiff, v. Integrated Flight Solutions LLC, a Oregon limited liability company, also doing business as NoveltyExcuses.com; and Steven Simmons, individually and also doing business as AB Productions, Inc., A.B. Pro., and NoveltyExcuses.com, and as an officer of Integrated Flight Solutions LLC, Defendants."
"Apartment Hunters, Inc. et al. (Wetakesection8.com)",https://www.ftc.gov/legal-library/browse/cases-proceedings/172-3007-apartment-hunters-inc-et-al-wetakesection8com,2018-09-17T12:00:00Z,Federal,172 3007,,,Consumer Protection; Bureau of Consumer Protection; Fake Check; Identity Theft; housing; deceptive/misleading conduct; Credit and Finance; Privacy and Security,"Federal Trade Commission, Plaintiff, v. Apartment Hunters, Inc., a California corporation, also doing business as WeTakeSection8.com, ApartmentHunterz.com, and FeaturedRentals.com; Real Estate Data Solutions, Inc., a California corporation; Rental Home Listings Inc., a California corporation; UAB Apartment Hunters LT, is a Lithuania limited liability company; Steven Shayan, individually and as an officer of Apartment Hunters, Inc., Real Estate Data Solutions, Inc., Rental Home Listings Inc., and UAB Apartment Hunters LT; and Kevin Shayan, also known as Kaveh Shayan, individually and as a manager or de facto officer of Apartment Hunters, Inc., Real Estate Data Solutions, Inc., Rental Home Listings Inc., and UAB Apartment Hunters LT, Defendants."
"BLU Products and Samuel Ohev-Zion, In the Matter of",https://www.ftc.gov/legal-library/browse/cases-proceedings/172-3025-blu-products-samuel-ohev-zion-matter,2018-09-11T12:00:00Z,Administrative,172 3025,,,Consumer Protection; Technology; Mobile; Privacy and Security; Consumer Privacy; Data Security,"In the Matter of BLU Products, Inc., a corporation; and Samuel Ohev-Zion, individually and as owner and President of BLU Products, Inc."
"PayPal, Inc., In the Matter of",https://www.ftc.gov/legal-library/browse/cases-proceedings/162-3102-paypal-inc-matter,2018-05-24T12:00:00Z,Administrative,162 3102,,,Consumer Protection; Credit and Finance; Payments and Billing; Privacy and Security; Consumer Privacy; Data Security; Gramm-Leach-Bliley Act; Tech; FinTech,"In the Matter of PayPal, Inc., a corporation."
"Sears Holdings Management Corporation, a corporation, in the Matter of",https://www.ftc.gov/legal-library/browse/cases-proceedings/082-3099-c-4264-sears-holdings-management-corporation-corporation-matter,2018-02-28T12:00:00Z,Administrative,082 3099,,,Consumer Protection; Advertising and Marketing; Online Advertising and Marketing; Privacy and Security; Consumer Privacy,"In the Matter of Sears Holdings Management Corporation, a corporation."
"Prime Sites, Inc. (Explore Talent)",https://www.ftc.gov/legal-library/browse/cases-proceedings/162-3218-prime-sites-inc-explore-talent,2018-02-12T12:00:00Z,Federal,162 3218,,,Consumer Protection; Children's Online Privacy Protection Act (COPPA); Advertising and Marketing; Advertising and Marketing Basics; Privacy and Security; Children's Privacy,"United States of America, Plaintiff v. Prime Sites, Inc., a Nevada corporation, also doing business as Explore Talent, Defendant."
VTech Electronics Limited,https://www.ftc.gov/legal-library/browse/cases-proceedings/162-3032-vtech-electronics-limited,2018-01-08T12:00:00Z,Federal,162 3032,,,Consumer Protection; Children's Online Privacy Protection Act (COPPA); Technology; Privacy and Security; Children's Privacy; Data Security,"United States of America (on behalf of the Federal Trade Commission), Plaintiff, v. VTech Electonics Limited, a corporation, and VTech Electronics North America, LLC, a limited liability company, Defendants."
"Jerk, LLC, d/b/a Jerk.com, In the Matter of",https://www.ftc.gov/legal-library/browse/cases-proceedings/122-3141-jerk-llc-dba-jerkcom-matter,2018-01-08T12:00:00Z,Administrative,122 3141,,,Consumer Protection; Finance; Privacy and Security; Consumer Privacy,"In the Matter of Jerk, LLC, a limited liability company, also doing business as JERK.COM, and John Fanning, individually and as a member of Jerk, LLC."
"Lenovo, Inc.",https://www.ftc.gov/legal-library/browse/cases-proceedings/152-3134-lenovo-inc,2018-01-02T12:00:00Z,Administrative,152 3134,,,Consumer Protection; Office of Technology Research and Investigation (OTech); Privacy and Security; Consumer Privacy; Data Security,"In the Matter of. Lenovo (United States) Inc., a corporation"
"Decusoft, LLC, In the Matter of",https://www.ftc.gov/legal-library/browse/cases-proceedings/172-3173-decusoft-llc-matter,2017-11-29T12:00:00Z,Administrative,172 3173,,,Consumer Protection; Privacy and Security; Privacy Shield; Data Privacy Framework,"In the Matter of Decusoft, LLC, a limited liability company"
"Tru Communication, Inc., In the Matter of",https://www.ftc.gov/legal-library/browse/cases-proceedings/172-3171-tru-communication-inc-matter,2017-11-29T12:00:00Z,Administrative,172 3171,,,Consumer Protection; Privacy and Security; Privacy Shield; Data Privacy Framework,"In the Matter of Tru Communication, Inc., doing business as TCPrinting.net"
"Md7, LLC, In the Matter of",https://www.ftc.gov/legal-library/browse/cases-proceedings/172-3172-md7-llc-matter,2017-11-29T12:00:00Z,Administrative,172 3172,,,Consumer Protection; Privacy and Security; Privacy Shield; Data Privacy Framework,"In the Matter of Md7, LLC, a limited liability company"
"TaxSlayer, In the Matter of",https://www.ftc.gov/legal-library/browse/cases-proceedings/162-3063-taxslayer-matter,2017-11-08T12:00:00Z,Administrative,162 3063,,,Consumer Protection; Privacy and Security; Consumer Privacy; Data Security; Gramm-Leach-Bliley Act,"In the Matter of TaxSlayer, LLC, a corporation."
Ashley Madison,https://www.ftc.gov/legal-library/browse/cases-proceedings/152-3284-ashley-madison,2017-09-27T12:00:00Z,Federal,152 3284,,,Consumer Protection; Office of Technology Research and Investigation (OTech); Privacy and Security; Consumer Privacy; Data Security,"Federal Trade Commission, Plaintiff v. Ruby Corp., Ruby Life Inc., also doing business as AshleyMadison.com, and ADL Media Inc., Defendants."
"Infante, Aniello",https://www.ftc.gov/legal-library/browse/cases-proceedings/1623052-infante-aniello,2017-06-22T12:00:00Z,Process Enforcement,1623052,Closed,,Consumer Protection; Consumer Privacy; Tech,Federal Trade Commission v. Aniello Infante
"Turn Inc., In the Matter of",https://www.ftc.gov/legal-library/browse/cases-proceedings/152-3099-turn-inc-matter,2017-04-21T12:00:00Z,Administrative,152 3099,,,Consumer Protection; Office of Technology Research and Investigation (OTech); Privacy and Security; Consumer Privacy; Tech,"In the Matter of Turn Inc., a corporation."
"Upromise, Inc.",https://www.ftc.gov/legal-library/browse/cases-proceedings/102-3116-c-4351-upromise-inc,2017-03-23T12:00:00Z,Federal,102 3116/ C-4351,,,Consumer Protection; Bureau of Consumer Protection; Office of Technology Research and Investigation (OTech); Privacy and Security; Consumer Privacy,"United States of America (on behalf of the Federal Trade Commission), Plaintiff, v. Upromise, Inc., Defendant"
"VIZIO, INC. and VIZIO Inscape Services, LLC",https://www.ftc.gov/legal-library/browse/cases-proceedings/162-3024-vizio-inc-vizio-inscape-services-llc,2017-02-06T12:00:00Z,Federal,162 3024,,,Consumer Protection; Office of Technology Research and Investigation (OTech); Technology; Privacy and Security; Consumer Privacy; Tech,"Federal Trade Commission, Christopher S. Porrino, Attorney General of the State of New Jersey, and Steve C. Lee, Director of the New Jersey Division of Consumer Affairs, Plaintiffs, v. VIZIO, INC., a Delaware corporation, and VIZIO Inscape Services, LLC a Delaware limited liability company, Defendants."
"LabMD, Inc., In the Matter of",https://www.ftc.gov/legal-library/browse/cases-proceedings/102-3099-labmd-inc-matter,2016-09-29T12:00:00Z,Administrative,102 3099,,"The Federal Trade Commission filed a complaint against medical testing laboratory LabMD, Inc. alleging that the company failed to reasonably protect the security of consumers’ personal data, including medical information. The complaint alleges that in two separate incidents, LabMD collectively exposed the personal information of approximately 10,000 consumers. The complaint alleges that LabMD billing information for over 9,000 consumers was found on a peer-to-peer (P2P) file-sharing network and then, in 2012, LabMD documents containing sensitive personal information of at least 500 consumers were found in the hands of identity thieves. The case is part of an ongoing effort by the Commission to ensure that companies take reasonable and appropriate measures to protect consumers’ personal data.",Consumer Protection; Health Care; Privacy and Security; Data Security,"In the Matter of LabMD, Inc., a corporation"
"Practice Fusion, Inc., In the Matter of",https://www.ftc.gov/legal-library/browse/cases-proceedings/142-3039-practice-fusion-inc-matter,2016-08-16T12:00:00Z,Administrative,142 3039,,,Consumer Protection; Privacy and Security; Consumer Privacy; Health Privacy,"In the Matter of Practice Fusion, Inc."
"Very Incognito Technologies, In the Matter of",https://www.ftc.gov/legal-library/browse/cases-proceedings/162-3034-very-incognito-technologies-matter,2016-08-05T12:00:00Z,Administrative,162 3034,,,Consumer Protection; Privacy and Security; Consumer Privacy,"In the Matter of Very Incognito Technologies, Inc., a corporation doing business as Vipvape"
"ASUSTeK Computer Inc., In the Matter of",https://www.ftc.gov/legal-library/browse/cases-proceedings/142-3156-asustek-computer-inc-matter,2016-07-28T12:00:00Z,Administrative,142 3156,,,Consumer Protection; Bureau of Consumer Protection; Privacy and Security; Data Security; Tech,In the Matter of ASUSTeK Computer Inc.
InMobi Pte Ltd.,https://www.ftc.gov/legal-library/browse/cases-proceedings/152-3203-inmobi-pte-ltd,2016-06-22T12:00:00Z,Federal,152 3203,,,Consumer Protection; Children's Online Privacy Protection Act (COPPA); Privacy and Security; Children's Privacy; Consumer Privacy; Tech,"United States of America (For the Federal Trade Commission), Plaintiff, v. InMobi Pte Ltd., a private limited company, Defendant."
"Tracers Information Specialists, Inc.",https://www.ftc.gov/legal-library/browse/cases-proceedings/1523218-tracers-information-specialists-inc,2016-06-10T12:00:00Z,Process Enforcement,1523218,Closed,,Consumer Protection; Office of the General Counsel; Bureau of Consumer Protection; Software and Databases; Consumer Privacy; Credit Reporting,"Federal Trade Commission v. Tracers Information Specialists, Inc."
"Henry Schein Practice Solutions, Inc., In the Matter of",https://www.ftc.gov/legal-library/browse/cases-proceedings/142-3161-c4575-henry-schein-practice-solutions-inc-matter,2016-05-23T12:00:00Z,Administrative,142 3161,,,Consumer Protection; Office of Technology Research and Investigation (OTech); Privacy and Security; Data Security; Small Business; Health Privacy,"In the Matter of Henry Schein Practice Solutions, Inc., a corporation"
Credit Protection Association,https://www.ftc.gov/legal-library/browse/cases-proceedings/142-3142-credit-protection-association,2016-05-09T12:00:00Z,Federal,142 3142,,,Consumer Protection; Privacy and Security; Credit Reporting,"United States of America (on behalf of the Federal Trade Commission), Plaintiff, v. Credit Protection Association, LP, a limited partnership, Defendant"
General LLC & Media LLC,https://www.ftc.gov/legal-library/browse/cases-proceedings/1523225-general-llc-media-llc,2016-05-03T12:00:00Z,Process Enforcement,1523225,Closed,,Consumer Protection; Office of the General Counsel; Bureau of Consumer Protection; Credit and Loans; Consumer Privacy; Data Security,"Federal Trade Commission v. General, LLC and Media, LLC"
"Oracle Corporation, In the Matter of",https://www.ftc.gov/legal-library/browse/cases-proceedings/132-3115-c4571-oracle-corporation-matter,2016-03-29T12:00:00Z,Administrative,132 3115,,,Consumer Protection; Office of Technology Research and Investigation (OTech); Privacy and Security; Data Security,"In the Matter of Oracle Corporation, a corporation"
"Sitesearch Corporation, Doing Business As LeapLab",https://www.ftc.gov/legal-library/browse/cases-proceedings/142-3192-x150060-sitesearch-corporation-doing-business-leaplab,2016-03-18T12:00:00Z,Federal,142 3192,,,Consumer Protection; Bureau of Consumer Protection; Credit and Finance; Credit and Loans; Payments and Billing; Privacy and Security; Consumer Privacy; Credit Reporting,"Federal Trade Commission, Plaintiff, v. Sitesearch Corporation, Doing Business As LeapLab, formerly LeapLab Corporation, a Nevada corporation; LeapLab, LLC, formerly DirectROI, LLC, an Arizona limited liability company; Leads Company, LLC, a Nevada limited liability company; and John Ayers, an individual, Defendants"
"Craig Brittain, In the Matter of",https://www.ftc.gov/legal-library/browse/cases-proceedings/132-3120-craig-brittain-matter,2016-01-08T12:00:00Z,Administrative,132 3120,,,Consumer Protection; Bureau of Consumer Protection; Privacy and Security; Consumer Privacy,In the Matter of Craig Brittain
Retro Dreamer,https://www.ftc.gov/legal-library/browse/cases-proceedings/142-3262-retro-dreamer,2015-12-17T12:00:00Z,Federal,142 3262,,,Consumer Protection; Children's Online Privacy Protection Act (COPPA); Privacy and Security; Children's Privacy,"United States of America (For the Federal Trade Commission), Plaintiff, v. Retro Dreamer, a corporation, and Craig E. Sharpe, and Gavin S. Bowman, Defendants."
"LAI Systems, LLC",https://www.ftc.gov/legal-library/browse/cases-proceedings/142-3261-lai-systems-llc,2015-12-17T12:00:00Z,Federal,142 3261,,,Consumer Protection; Office of Technology Research and Investigation (OTech); Children's Online Privacy Protection Act (COPPA); Privacy and Security; Children's Privacy,"United States of America (For the Federal Trade Commission), Plaintiff, v. LAI Systems, LLC, a limited liability company, Defendant."
Wyndham Worldwide Corporation,https://www.ftc.gov/legal-library/browse/cases-proceedings/1023142-x120032-wyndham-worldwide-corporation,2015-12-11T12:00:00Z,Federal,1023142,,,Consumer Protection; Privacy and Security; Data Security,"Federal Trade Commission, Plaintiff, v. Wyndham Worldwide Corporation; Wyndham Hotel Group, LLC; Wyndham Hotels & Resorts, LLC; and Wyndham Hotel Management, Inc., Defendants"
Sprint Corporation (Sprint ASL Program),https://www.ftc.gov/legal-library/browse/cases-proceedings/142-3094-sprint-corporation-sprint-asl-program-0,2015-10-21T12:00:00Z,Federal,142 3094,,,Consumer Protection; Bureau of Consumer Protection; Privacy and Security; Credit Reporting,"United States of America (For the Federal Trade Commission), Plaintiff, v. Sprint Corporation, Defendant."
"Jhayrmaine Daniels (California Skate Line), In the Matter of",https://www.ftc.gov/legal-library/browse/cases-proceedings/152-3198-jhayrmaine-daniels-california-skate-line-matter,2015-10-09T12:00:00Z,Administrative,152 3198,,,Consumer Protection; Privacy and Security; U.S.-EU Safe Harbor Framework; Privacy Shield; Data Privacy Framework,In the Matter of Jhayrmaine Daniels doing business as California Skate Line
"Dale Jarrett Racing Adventure, Inc., In the Matter of",https://www.ftc.gov/legal-library/browse/cases-proceedings/152-3190-dale-jarrett-racing-adventure-inc-matter,2015-10-09T12:00:00Z,Administrative,152 3190,,,Consumer Protection; Privacy and Security; U.S.-EU Safe Harbor Framework; Privacy Shield; Data Privacy Framework,"In the Matter of Dale Jarrett Racing Adventure, Inc., a corporation"
"Golf Connect, LLC, In the Matter of",https://www.ftc.gov/legal-library/browse/cases-proceedings/152-3141-golf-connect-llc-matter,2015-10-09T12:00:00Z,Administrative,152 3141,,,Consumer Protection; Privacy and Security; U.S.-EU Safe Harbor Framework; Privacy Shield; Data Privacy Framework,"In the Matter of Golf Connect, LLC, a limited liability company."
"Inbox Group, LLC, In the Matter of",https://www.ftc.gov/legal-library/browse/cases-proceedings/152-3202-inbox-group-llc-matter,2015-10-09T12:00:00Z,Administrative,152 3202,,,Consumer Protection; Privacy and Security; U.S.-EU Safe Harbor Framework; Privacy Shield; Data Privacy Framework,"In the Matter of Inbox Group, LLC, a limited liability company."
"IOActive, Inc., In the Matter of",https://www.ftc.gov/legal-library/browse/cases-proceedings/152-3187-ioactive-inc-matter,2015-10-09T12:00:00Z,Administrative,152 3187,,,Consumer Protection; Privacy and Security; U.S.-EU Safe Harbor Framework; Privacy Shield; Data Privacy Framework,"In the Matter of IOActive, Inc., a corporation."
"Jubilant Clinsys, Inc., In the Matter of",https://www.ftc.gov/legal-library/browse/cases-proceedings/152-3140-jubilant-clinsys-inc-matter,2015-10-09T12:00:00Z,Administrative,152 3140,,,Consumer Protection; Privacy and Security; U.S.-EU Safe Harbor Framework; Privacy Shield; Data Privacy Framework,"In the Matter of Jubilant Clinsys, Inc., a corporation."
"Just Bagels Manufacturing, Inc., In the Matter of",https://www.ftc.gov/legal-library/browse/cases-proceedings/152-3199-just-bagels-manufacturing-inc-matter,2015-10-09T12:00:00Z,Administrative,152 3199,,,Consumer Protection; Privacy and Security; U.S.-EU Safe Harbor Framework; Privacy Shield; Data Privacy Framework,"In the Matter of Just Bagels Manufacturing, Inc., a corporation."
"NAICS Association, LLC, In the Matter of",https://www.ftc.gov/legal-library/browse/cases-proceedings/152-3138-naics-association-llc-matter,2015-10-09T12:00:00Z,Administrative,152 3138,,,Consumer Protection; Privacy and Security; U.S.-EU Safe Harbor Framework; Privacy Shield; Data Privacy Framework,"In the Matter of NAICS Association, LLC, a limited liability company."
"One Industries Corp., In the Matter of",https://www.ftc.gov/legal-library/browse/cases-proceedings/152-3201-one-industries-corp-matter,2015-10-09T12:00:00Z,Administrative,152 3201,,,Consumer Protection; Privacy and Security; U.S.-EU Safe Harbor Framework; Privacy Shield; Data Privacy Framework,"In the Matter of One Industries Corp., a corporation."
"Pinger, Inc., In the Matter of",https://www.ftc.gov/legal-library/browse/cases-proceedings/152-3137-pinger-inc-matter,2015-10-09T12:00:00Z,Administrative,152 3137,,,Consumer Protection; Privacy and Security; U.S.-EU Safe Harbor Framework; Privacy Shield; Data Privacy Framework,"In the Matter of Pinger, Inc."
"SteriMed Medical Waste Solutions, In the Matter of",https://www.ftc.gov/legal-library/browse/cases-proceedings/152-3193-sterimed-medical-waste-solutions-matter,2015-10-09T12:00:00Z,Administrative,152 3193,,,Consumer Protection; Privacy and Security; U.S.-EU Safe Harbor Framework; Privacy Shield; Data Privacy Framework,"In the Matter of SteriMed Medical Waste Solutions, a corporation."
"Contract Logix, LLC, In the Matter of",https://www.ftc.gov/legal-library/browse/cases-proceedings/152-3184-contract-logix-llc-matter,2015-10-09T12:00:00Z,Administrative,152 3184,,,Consumer Protection; Privacy and Security; U.S.-EU Safe Harbor Framework; Privacy Shield; Data Privacy Framework,"In the Matter of Contract Logix, LLC, a limited liability company"
"Forensics Consulting Solutions, LLC, In the Matter of",https://www.ftc.gov/legal-library/browse/cases-proceedings/152-3185-forensics-consulting-solutions-llc-matter,2015-10-09T12:00:00Z,Administrative,152 3185,,,Consumer Protection; Privacy and Security; U.S.-EU Safe Harbor Framework; Privacy Shield; Data Privacy Framework,"In the Matter of Forensics Consulting Solutions, LLC, a limited liability company"
"Tricolor Auto Acceptance, LLC",https://www.ftc.gov/legal-library/browse/cases-proceedings/142-3073-tricolor-auto-acceptance-llc,2015-09-17T12:00:00Z,Federal,142 3073,,,Consumer Protection; Automobiles; Privacy and Security; Credit Reporting,"United States of America (For the Federal Trade Commission), Plaintiff, v. Tricolor Auto Acceptance Corporation, LLC, a limited liability company, Defendant."
"Nomi Technologies, Inc., In the Matter of",https://www.ftc.gov/legal-library/browse/cases-proceedings/132-3251-nomi-technologies-inc-matter,2015-09-03T12:00:00Z,Administrative,132 3251,,,Consumer Protection; Office of Technology Research and Investigation (OTech); Privacy and Security; Consumer Privacy,"In the Matter of Nomi Technologies, Inc., a corporation"
"TES Franchising, LLC, In the Matter of",https://www.ftc.gov/legal-library/browse/cases-proceedings/152-3015-tes-franchising-llc-matter,2015-05-29T12:00:00Z,Administrative,152 3015,,,Consumer Protection; Privacy and Security; Consumer Privacy; U.S.-EU Safe Harbor Framework; Privacy Shield; Data Privacy Framework,"In the Matter of TES Franchising, LLC, a limited liability company."
"American International Mailing, Inc., In the Matter of",https://www.ftc.gov/legal-library/browse/cases-proceedings/152-3051-american-international-mailing-inc-matter,2015-05-29T12:00:00Z,Administrative,152 3051,,,Consumer Protection; Privacy and Security; Consumer Privacy; U.S.-EU Safe Harbor Framework; Privacy Shield; Data Privacy Framework,"In the Matter of American International Mailing, Inc., a corporation."
"Bayview Solutions, LLC",https://www.ftc.gov/legal-library/browse/cases-proceedings/142-3226-x140062-bayview-solutions-llc,2015-04-21T12:00:00Z,Federal,142 3226,,,Consumer Protection; Data Security,"Federal Trade Commission, Plaintiff, v. Bayview Solutions, LLC, Aron Tomko, Jonathan Ortiz, Defendants"
"Cornerstone and Company, LLC",https://www.ftc.gov/legal-library/browse/cases-proceedings/142-3211-x150005-cornerstone-company-llc,2015-04-21T12:00:00Z,Federal,142 3211,,,Consumer Protection; Data Security,"Federal Trade Commission, Plaintiff, v. Cornerstone and Company, LLC, Brandon Lambert, Defendants."
"PaymentsMD, LLC, In the Matter of",https://www.ftc.gov/legal-library/browse/cases-proceedings/132-3088-paymentsmd-llc-matter,2015-02-06T12:00:00Z,Administrative,132 3088,,,Consumer Protection; Credit and Finance; Payments and Billing; Privacy and Security; Consumer Privacy; Health Privacy,"In the Matter of PaymentsMD, LLC, a limited liability company."
"Snapchat, Inc., In the Matter of",https://www.ftc.gov/legal-library/browse/cases-proceedings/132-3078-snapchat-inc-matter,2014-12-31T12:00:00Z,Administrative,132 3078,,,Consumer Protection; Privacy and Security; Consumer Privacy; Data Security; Tech,"In the Matter of Snapchat, Inc."
Yelp Inc.,https://www.ftc.gov/legal-library/browse/cases-proceedings/132-3066-yelp-inc,2014-09-17T12:00:00Z,Federal,132 3066,,,Consumer Protection; Office of Technology Research and Investigation (OTech); Children's Online Privacy Protection Act (COPPA); Privacy and Security; Children's Privacy,"United States of America (on behalf of the FTC), Plaintiff, v. Yelp Inc., Defendant"
"TinyCo, Inc.",https://www.ftc.gov/legal-library/browse/cases-proceedings/132-3209-tinyco-inc,2014-09-17T12:00:00Z,Federal,132 3209,,,Consumer Protection; Office of Technology Research and Investigation (OTech); Children's Online Privacy Protection Act (COPPA); Privacy and Security; Children's Privacy,"United States of America (on behalf of the FTC), Plaintiff, v. TinyCo, Inc., a corporation, Defendant"
"GMR Transcription Services, Inc., In the Matter of",https://www.ftc.gov/legal-library/browse/cases-proceedings/122-3095-gmr-transcription-services-inc-matter,2014-08-21T12:00:00Z,Administrative,122 3095,,,Consumer Protection; Privacy and Security; Data Security; Health Privacy,"In the Matter of GMR Transcription Services, Inc., a corporation, and Ajay Prasad and Shreekant Srivastava"
"Credit Karma, Inc.",https://www.ftc.gov/legal-library/browse/cases-proceedings/132-3091-credit-karma-inc,2014-08-19T12:00:00Z,Administrative,132 3091,,,Consumer Protection; Office of Technology Research and Investigation (OTech); Privacy and Security; Data Security; Tech,"In the Matter of Credit Karma, Inc., a corporation"
"Fandango, LLC",https://www.ftc.gov/legal-library/browse/cases-proceedings/132-3089-fandango-llc,2014-08-19T12:00:00Z,Administrative,132 3089,,,Consumer Protection; Privacy and Security; Data Security; Tech,"In the Matter of Fandango, LLC, a limited liability company"
"PDB Sports, Ltd., d/b/a Denver Broncos Football Club, In the Matter of",https://www.ftc.gov/legal-library/browse/cases-proceedings/142-3025-pdb-sports-ltd-dba-denver-broncos-football-club-matter,2014-06-25T12:00:00Z,Administrative,142 3025,,,Consumer Protection; Technology; Privacy and Security; Consumer Privacy; U.S.-EU Safe Harbor Framework; Privacy Shield; Data Privacy Framework,"In the Matter of PDB Sports, Ltd., doing business as the Denver Broncos Football Club, a limited partnership"
"Level 3 Communications, LLC, In the Matter of",https://www.ftc.gov/legal-library/browse/cases-proceedings/142-3028-level-3-communications-llc-matter,2014-06-25T12:00:00Z,Administrative,142 3028,,,Consumer Protection; Technology; Privacy and Security; Consumer Privacy; U.S.-EU Safe Harbor Framework; Privacy Shield; Data Privacy Framework,"In the Matter of Level 3 Communications, LLC"
"Fantage.com, Inc., In the Matter of",https://www.ftc.gov/legal-library/browse/cases-proceedings/142-3026-fantagecom-inc-matter,2014-06-25T12:00:00Z,Administrative,142 3026,,,Consumer Protection; Privacy and Security; U.S.-EU Safe Harbor Framework; Privacy Shield; Data Privacy Framework,"In the Matter of Fantage.com, Inc., a corporation"
"Receivable Management Services Corporation, The, In the Matter of",https://www.ftc.gov/legal-library/browse/cases-proceedings/142-3031-receivable-management-services-corporation-matter,2014-06-25T12:00:00Z,Administrative,142 3031,,,Consumer Protection; Privacy and Security; U.S.-EU Safe Harbor Framework; Privacy Shield; Data Privacy Framework,"In the Matter of The Receivable Management Services Corporation, a corporation"
"Baker Tilly Virchow Krause, LLP, In the Matter of",https://www.ftc.gov/legal-library/browse/cases-proceedings/142-3019-baker-tilly-virchow-krause-llp-matter,2014-06-25T12:00:00Z,Administrative,142 3019,,,Consumer Protection; Privacy and Security; U.S.-EU Safe Harbor Framework; Privacy Shield; Data Privacy Framework,"In the Matter of Baker Tilly Virchow Krause, LLP, a limited liability partnership"
"Charles River Laboratories, Int’l., In the Matter of",https://www.ftc.gov/legal-library/browse/cases-proceedings/142-3022-charles-river-laboratories-intl-matter,2014-06-25T12:00:00Z,Administrative,142 3022,,,Consumer Protection; Privacy and Security; U.S.-EU Safe Harbor Framework; Privacy Shield; Data Privacy Framework,"In the Matter of Charles River Laboratories, International, Inc., a corporation"
"Atlanta Falcons Football Club, LLC, In the Matter of",https://www.ftc.gov/legal-library/browse/cases-proceedings/142-3018-atlanta-falcons-football-club-llc-matter,2014-06-25T12:00:00Z,Administrative,142 3018,,,Consumer Protection; Privacy and Security; U.S.-EU Safe Harbor Framework; Privacy Shield; Data Privacy Framework,"In the Matter of Atlanta Falcons Football Club, LLC, a limited liability company"
"Tennessee Football, Inc., In the Matter of",https://www.ftc.gov/legal-library/browse/cases-proceedings/142-3032-tennessee-football-inc-matter,2014-06-25T12:00:00Z,Administrative,142 3032,,,Consumer Protection; Privacy and Security; U.S.-EU Safe Harbor Framework; Privacy Shield; Data Privacy Framework,"In the Matter of Tennessee Football, Inc., a corporation"
"Reynolds Consumer Products, Inc, In the Matter of",https://www.ftc.gov/legal-library/browse/cases-proceedings/142-3030-reynolds-consumer-products-inc-matter,2014-06-25T12:00:00Z,Administrative,142 3030,,,Consumer Protection; Privacy and Security; U.S.-EU Safe Harbor Framework; Privacy Shield; Data Privacy Framework,"In the Matter of Reynolds Consumer Products, Inc., a corporation"
"DDC Laboratories, Inc., also d/b/a DNA Diagnostics Center, In the Matter of",https://www.ftc.gov/legal-library/browse/cases-proceedings/142-3024-ddc-laboratories-inc-also-dba-dna-diagnostics-center-matter,2014-06-25T12:00:00Z,Administrative,142 3024,,,Consumer Protection; Privacy and Security; U.S.-EU Safe Harbor Framework; Privacy Shield; Data Privacy Framework,"In the Matter of DDC Laboratories, Inc., also doing business as DNA Diagnostics Center, a corporation"
"American Apparel, Inc., In the Matter of",https://www.ftc.gov/legal-library/browse/cases-proceedings/142-3036-american-apparel-inc-matter,2014-06-25T12:00:00Z,Administrative,142 3036,,,Consumer Protection; Clothing and Textiles; Privacy and Security; U.S.-EU Safe Harbor Framework; Privacy Shield; Data Privacy Framework,"In the Matter of American Apparel, Inc., a corporation"
"Apperian, Inc., In the Matter of",https://www.ftc.gov/legal-library/browse/cases-proceedings/142-3017-apperian-inc-matter,2014-06-25T12:00:00Z,Administrative,142 3017,,,Consumer Protection; Privacy and Security; U.S.-EU Safe Harbor Framework; Privacy Shield; Data Privacy Framework,"In the Matter of Apperian, Inc., a corporation"
"BitTorrent, Inc., In the Matter of",https://www.ftc.gov/legal-library/browse/cases-proceedings/142-3020-bittorrent-inc-matter,2014-06-25T12:00:00Z,Administrative,142 3020,,,Consumer Protection; Privacy and Security; U.S.-EU Safe Harbor Framework; Privacy Shield; Data Privacy Framework,"In the Matter of BitTorrent, Inc., a corporation"
"DataMotion, Inc., a corporation, In the Matter of",https://www.ftc.gov/legal-library/browse/cases-proceedings/142-3023-datamotion-inc-corporation-matter,2014-06-25T12:00:00Z,Administrative,142 3023,,,Consumer Protection; Privacy and Security; U.S.-EU Safe Harbor Framework; Privacy Shield; Data Privacy Framework,"In the Matter of DataMotion, Inc., a corporation"
"Genelink, Inc., In the Matter of",https://www.ftc.gov/legal-library/browse/cases-proceedings/112-3095-genelink-inc-matter,2014-05-12T12:00:00Z,Administrative,112 3095,,,Consumer Protection; Advertising and Marketing; Health Claims; Privacy and Security; Data Security; Health Privacy,"In the Matter of Genelink, Inc., a corporation, also doing business as Genelink Biosciences, Inc."
"foru™ International Corporation, In the Matter of",https://www.ftc.gov/legal-library/browse/cases-proceedings/112-3095-forutm-international-corporation-matter,2014-05-12T12:00:00Z,Administrative,112 3095,,,Consumer Protection; Advertising and Marketing; Health Claims; Privacy and Security; Data Security,"In the Matter of foru™ International Corporation formerly known as Genewize Life Sciences, Inc."
"Goldenshores Technologies, LLC, and Erik M. Geidl, In the Matter of",https://www.ftc.gov/legal-library/browse/cases-proceedings/132-3087-goldenshores-technologies-llc-erik-m-geidl-matter,2014-04-09T12:00:00Z,Administrative,132 3087,,,Consumer Protection; Office of Technology Research and Investigation (OTech); Advertising and Marketing; Advertising and Marketing Basics; Privacy and Security; Consumer Privacy; Tech,"In the Matter of  Goldenshores Technologies, LLC, and Erik M. Geidl"
"Infotrack Information Services, Inc., et al.",https://www.ftc.gov/legal-library/browse/cases-proceedings/122-3092-infotrack-information-services-inc-et-al,2014-04-09T12:00:00Z,Federal,122 3092,,,Consumer Protection; Privacy and Security; Credit Reporting,"United States of America (on behalf of the Federal Trade Commission) v. Infotrack Information Services, Inc., and Steve Kaplan, Defendants"
"Instant Checkmate, Inc.",https://www.ftc.gov/legal-library/browse/cases-proceedings/122-3221-instant-checkmate-inc,2014-04-09T12:00:00Z,Federal,122 3221,,,Consumer Protection; Privacy and Security; Credit Reporting,"United States of America (on behalf of the Federal Trade Commission) v. Instant Checkmate, Inc., Defendant"
"Aaron’s, Inc., In the Matter of",https://www.ftc.gov/legal-library/browse/cases-proceedings/122-3256-aarons-inc-matter,2014-03-11T12:00:00Z,Administrative,122 3256,,,"Consumer Protection; Retail; Technology; Franchises, Business Opportunities, and Investments; Privacy and Security; Consumer Privacy","In the Matter of Aaron’s, Inc., a corporation."
"Accretive Health, Inc., In the Matter of",https://www.ftc.gov/legal-library/browse/cases-proceedings/122-3077-accretive-health-inc-matter,2014-02-24T12:00:00Z,Administrative,122 3077,,,Consumer Protection; Human Resources; Credit and Finance; Privacy and Security; Data Security; Health Privacy,"In the Matter of Accretive Health, Inc."
"TRENDnet, Inc., In the Matter of",https://www.ftc.gov/legal-library/browse/cases-proceedings/122-3090-trendnet-inc-matter,2014-02-07T12:00:00Z,Administrative,122 3090,,,Consumer Protection; Privacy and Security; Consumer Privacy; Data Security,"In the Matter of TRENDnet, Inc."
"TeleCheck Services, Inc.",https://www.ftc.gov/legal-library/browse/cases-proceedings/112-3183-telecheck-services-inc,2014-01-16T12:00:00Z,Federal,112 3183,,,Consumer Protection; Credit and Finance; Debt; Privacy and Security; Credit Reporting,"United States of America, Plaintiff, v. TeleCheck Services, Inc., a Delaware corporation, and TRS Recovery Services, Inc., a Delaware corporation, Defendants."
Time Warner Cable Inc.,https://www.ftc.gov/legal-library/browse/cases-proceedings/122-3149-time-warner-cable-inc,2013-12-19T12:00:00Z,Federal,122 3149,,,Privacy and Security; Credit Reporting,United States of America v. Time Warner Cable Inc.
"Certegy Check Services, Inc.",https://www.ftc.gov/legal-library/browse/cases-proceedings/112-3184-certegy-check-services-inc,2013-08-15T12:00:00Z,Federal,112 3184,,,Consumer Protection; Privacy and Security; Credit Reporting,"United States of America (for the Federal Trade Commission), Plaintiff, v. Certegy Check Services, Inc., Defendant"
"HTC America Inc., In the Matter of",https://www.ftc.gov/legal-library/browse/cases-proceedings/122-3049-htc-america-inc-matter,2013-07-02T12:00:00Z,Administrative,122 3049,,,Consumer Protection; Office of Technology Research and Investigation (OTech); Privacy and Security; Consumer Privacy; Data Security; Tech,In the Matter of HTC America Inc.
"CBR Systems, Inc., In the Matter of",https://www.ftc.gov/legal-library/browse/cases-proceedings/112-3120-cbr-systems-inc-matter,2013-05-03T12:00:00Z,Administrative,112 3120,,,Consumer Protection; Privacy and Security; Data Security; Health Privacy,"In the Matter of CBR Systems, Inc."
"Filiquarian Publishing, LLC; Choice Level, LLC; and Joshua Linsk, In the Matter of",https://www.ftc.gov/legal-library/browse/cases-proceedings/112-3195-filiquarian-publishing-llc-choice-level-llc-joshua-linsk-matter,2013-05-01T12:00:00Z,Administrative,112 3195,,,Consumer Protection; Office of Technology Research and Investigation (OTech); Human Resources; Privacy and Security; Credit Reporting,"In the Matter of Filiquarian Publishing, LLC; Choice Level, LLC; and Joshua Linsk, Respondents"
"Aspen Way Enterprises, Inc., In the Matter of",https://www.ftc.gov/legal-library/browse/cases-proceedings/112-3151-aspen-way-enterprises-inc-matter,2013-04-15T12:00:00Z,Administrative,112 3151,,,"Consumer Protection; Franchises, Business Opportunities, and Investments; Advertising and Marketing; Online Advertising and Marketing; Credit and Finance; Debt; Privacy and Security; Consumer Privacy","In the Matter of Aspen Way Enterprises, Inc."
"B. Stamper Enterprises, Inc., In the Matter of",https://www.ftc.gov/legal-library/browse/cases-proceedings/112-3151-b-stamper-enterprises-inc-matter,2013-04-15T12:00:00Z,Administrative,112 3151,,,"Consumer Protection; Franchises, Business Opportunities, and Investments; Advertising and Marketing; Online Advertising and Marketing; Credit and Finance; Debt; Privacy and Security; Consumer Privacy","In the Matter of B. Stamper Enterprises, Inc., also doing business as Premier Rental Purchase"
"C.A.L.M. Ventures, Inc., In the Matter of",https://www.ftc.gov/legal-library/browse/cases-proceedings/112-3151-calm-ventures-inc-matter,2013-04-15T12:00:00Z,Administrative,112 3151,,,"Consumer Protection; Franchises, Business Opportunities, and Investments; Advertising and Marketing; Online Advertising and Marketing; Credit and Finance; Debt; Privacy and Security; Consumer Privacy","In the Matter of C.A.L.M. Ventures, Inc., also doing business as Premier Rental Purchase"
"DesignerWare, LLC, In the Matter of",https://www.ftc.gov/legal-library/browse/cases-proceedings/112-3151-designerware-llc-matter,2013-04-15T12:00:00Z,Administrative,112 3151,,,"Consumer Protection; Franchises, Business Opportunities, and Investments; Advertising and Marketing; Online Advertising and Marketing; Credit and Finance; Debt; Privacy and Security; Consumer Privacy","In the Matter of DesignerWare, LLC"
"Red Zone Investment Group, Inc., In the Matter of",https://www.ftc.gov/legal-library/browse/cases-proceedings/112-3151-red-zone-investment-group-inc-matter,2013-04-15T12:00:00Z,Administrative,112 3151,,,"Consumer Protection; Franchises, Business Opportunities, and Investments; Advertising and Marketing; Online Advertising and Marketing; Credit and Finance; Debt; Privacy and Security; Consumer Privacy","In the Matter of Red Zone Investment Group, Inc., also doing business as ColorTyme"
"Showplace, Inc., In the Matter of",https://www.ftc.gov/legal-library/browse/cases-proceedings/112-3151-showplace-inc-matter,2013-04-15T12:00:00Z,Administrative,112 3151,,,"Consumer Protection; Franchises, Business Opportunities, and Investments; Advertising and Marketing; Online Advertising and Marketing; Credit and Finance; Debt; Privacy and Security; Consumer Privacy","In the Matter of Showplace, Inc., also doing business as Showplace Rent-to-Own and Showplace Lease/Purchase"
"J.A.G. Rents, LLC, also d/b/a ColorTyme, In the Matter of",https://www.ftc.gov/legal-library/browse/cases-proceedings/112-3151-jag-rents-llc-also-dba-colortyme-matter,2013-04-15T12:00:00Z,Administrative,112 3151,,,"Consumer Protection; Franchises, Business Opportunities, and Investments; Advertising and Marketing; Online Advertising and Marketing; Credit and Finance; Debt; Privacy and Security; Consumer Privacy","In the Matter of J.A.G. Rents, LLC, also doing business as ColorTyme"
"Watershed Development Corp., In the Matter of",https://www.ftc.gov/legal-library/browse/cases-proceedings/112-3151-watershed-development-corp-matter,2013-04-15T12:00:00Z,Administrative,112 3151,,,"Consumer Protection; Franchises, Business Opportunities, and Investments; Advertising and Marketing; Online Advertising and Marketing; Credit and Finance; Debt; Privacy and Security; Consumer Privacy","In the Matter of Watershed Development Corp., also doing business as Watershed and Aaron's Sales & Lease Ownership"
"Epic Marketplace, Inc.",https://www.ftc.gov/legal-library/browse/cases-proceedings/112-3182-epic-marketplace-inc,2013-03-19T12:00:00Z,Administrative,112 3182,,,Consumer Protection; Privacy and Security; Consumer Privacy,"In the Matter of Epic Marketplace, Inc., and Epic Media Group, LLC"
Equifax Information Services LL,https://www.ftc.gov/legal-library/browse/cases-proceedings/102-3252-equifax-information-services-ll,2013-03-15T12:00:00Z,Administrative,102 3252,,,Consumer Protection; Privacy and Security; Credit Reporting,In the Matter of Equifax Information Services LLC
"Compete, Inc.",https://www.ftc.gov/legal-library/browse/cases-proceedings/102-3155-compete-inc,2013-02-25T12:00:00Z,Administrative,102 3155,,,Consumer Protection; Privacy and Security; Consumer Privacy; Data Security,"In the Matter of Compete, Inc."
"Path, Inc.",https://www.ftc.gov/legal-library/browse/cases-proceedings/122-3158-path-inc,2013-02-01T12:00:00Z,Federal,122 3158,,,Consumer Protection; Office of Technology Research and Investigation (OTech); Children's Online Privacy Protection Act (COPPA); Privacy and Security; Children's Privacy; Consumer Privacy,"United States of America, Plaintiff, v. Path, Inc., Defendant"
"LabMD, Inc. & Michael Daugherty",https://www.ftc.gov/legal-library/browse/cases-proceedings/1023099-labmd-inc-michael-daugherty,2012-11-26T12:00:00Z,Process Enforcement,1023099,Closed,,Consumer Protection; Office of the General Counsel; Bureau of Consumer Protection; Identity Theft; Health Care; Data Security,"Federal Trade Commission v. LabMD, Inc. and Michael J. Daugherty"
Google Inc.,https://www.ftc.gov/legal-library/browse/cases-proceedings/google-inc,2012-11-20T12:00:00Z,Federal,,,,Consumer Protection; Office of Technology Research and Investigation (OTech); Advertising and Marketing; Online Advertising and Marketing; Privacy and Security; Consumer Privacy,"United States of America, Plaintiff, v. Google Inc., Defendant"
"PLS Financial Services, Inc., et al.",https://www.ftc.gov/legal-library/browse/cases-proceedings/1023172-pls-financial-services-inc-et-al,2012-11-07T12:00:00Z,Federal,1023172,,,Consumer Protection; Finance; Privacy and Security; Credit Reporting; Data Security; Gramm-Leach-Bliley Act,"United States of America, Plaintiff, v. PLS Financial Services, Inc., PLS Group, Inc., and The Payday Loan Store of Illinois, Inc., Defendants"
"EPN, Inc., also d/b/a Checknet, Inc., In the Matter of",https://www.ftc.gov/legal-library/browse/cases-proceedings/112-3143-epn-inc-also-dba-checknet-inc-matter,2012-10-26T12:00:00Z,Administrative,112 3143,,,Consumer Protection; Finance; Privacy and Security; Data Security,"In the Matter of EPN, Inc., also doing business as Checknet, Inc."
"Franklin's Budget Car Sales, Inc., also d/b/a Franklin Toyota/Scion, In the Matter of",https://www.ftc.gov/legal-library/browse/cases-proceedings/102-3094-franklins-budget-car-sales-inc-also-dba-franklin-toyotascion-matter,2012-10-26T12:00:00Z,Administrative,102 3094,,,Consumer Protection; Automobiles; Privacy and Security; Data Security,"In the Matter of Franklin's Budget Car Sales, Inc., also doing business as Franklin Toyota/Scion"
"Direct Lending Source, Inc., et al.",https://www.ftc.gov/legal-library/browse/cases-proceedings/102-3000-direct-lending-source-inc-et-al,2012-10-10T12:00:00Z,Federal,102 3000,,,Consumer Protection; Privacy and Security; Credit Reporting,"United States of America, Plaintiff v. Direct Lending Source, Inc.; Bailey & Associates Advertising, Inc.; Virtual Lending Source, LLC; Robert M. Bailey, Jr., individually and as an officer of Direct Lending Source, Inc., Bailey & Associates Advertising, Inc., and Virtual Lending Source, LLC; and Linda Giordano, individually and as an officer of Direct Lending Source, Inc., Bailey & Associates Advertising, Inc., and Virtual Lending Source, LLC, Defendants."
"Artist Arena LLC, United States of America (for the Federal Trade Commission)",https://www.ftc.gov/legal-library/browse/cases-proceedings/112-3167-artist-arena-llc-united-states-america-federal-trade-commission,2012-10-04T12:00:00Z,Federal,112 3167,,,Consumer Protection; Bureau of Consumer Protection; Children's Online Privacy Protection Act (COPPA); Technology; Privacy and Security; Children's Privacy,"United States of America, Plaintiff, v. Artist Arena LLC, Defendant United States District Court for the Southern District of New York"
"Myspace LLC, In the Matter of",https://www.ftc.gov/legal-library/browse/cases-proceedings/102-3058-myspace-llc-matter,2012-09-11T12:00:00Z,Administrative,102 3058,,,Consumer Protection; Advertising and Marketing; Online Advertising and Marketing; Privacy and Security; Consumer Privacy; U.S.-EU Safe Harbor Framework; Privacy Shield; Data Privacy Framework,In the Matter of Myspace LLC
"HireRight Solutions, Inc.",https://www.ftc.gov/legal-library/browse/cases-proceedings/102-313-hireright-solutions-inc,2012-08-08T12:00:00Z,Federal,102 313,,,Consumer Protection; Human Resources; Privacy and Security; Credit Reporting,"United States of America, Plaintiff, v. HireRight Solutions, Inc., Defendant"
"Spokeo, Inc.",https://www.ftc.gov/legal-library/browse/cases-proceedings/1023163-spokeo-inc,2012-06-12T12:00:00Z,Federal,1023163,,,"Consumer Protection; Human Resources; Advertising and Marketing; Endorsements, Influencers, and Reviews; Online Advertising and Marketing; Privacy and Security; Credit Reporting; Small Business","United States of America, Plaintiff, v. Spokeo, Inc., Defendant"
"Upromise, Inc.",https://www.ftc.gov/legal-library/browse/cases-proceedings/102-3116-upromise-inc,2012-04-03T12:00:00Z,Administrative,102 3116,,,Consumer Protection; Privacy and Security; Consumer Privacy; Data Security,"In the Matter of Upromise, Inc., a corporation"
"RockYou, Inc.",https://www.ftc.gov/legal-library/browse/cases-proceedings/1023120-rockyou-inc,2012-03-27T12:00:00Z,Federal,1023120,,,Consumer Protection; Children's Online Privacy Protection Act (COPPA); Technology; Privacy and Security; Children's Privacy; Data Security,"United States of America, Plaintiff, v. RockYou, Inc., Defendant"
"Asset Acceptance, LLC",https://www.ftc.gov/legal-library/browse/cases-proceedings/052-3133-asset-acceptance-llc,2012-01-31T12:00:00Z,Federal,052 3133,,,Consumer Protection; Credit and Finance; Debt Collection; Privacy and Security; Credit Reporting,"United States of America, Plaintiff, v. Asset Acceptance, LLC, Defendant"
"ScanScout, Inc., In the Matter of",https://www.ftc.gov/legal-library/browse/cases-proceedings/102-3185-scanscout-inc-matter,2011-12-21T12:00:00Z,Administrative,102 3185,,,Consumer Protection; Privacy and Security; Consumer Privacy,"In the Matter of ScanScout, Inc., a corporation;"
"Godwin, Jones O., d/b/a skidekids.com",https://www.ftc.gov/legal-library/browse/cases-proceedings/1123033-godwin-jones-o-dba-skidekidscom,2011-11-08T12:00:00Z,Federal,1123033,,,Consumer Protection; Children's Online Privacy Protection Act (COPPA); Technology; Privacy and Security; Children's Privacy,"United States of America, Plaintiff, v. Jones O. Godwin, doing business as skidekids.com, Defendant"
"Google, Inc., In the Matter of",https://www.ftc.gov/legal-library/browse/cases-proceedings/102-3136-google-inc-matter,2011-10-24T12:00:00Z,Administrative,102 3136,,,Consumer Protection; Privacy and Security; Consumer Privacy; U.S.-EU Safe Harbor Framework; Privacy Shield; Data Privacy Framework,"In the Matter of Google Inc., a corporation"
Frostwire LLC and Angel Leon,https://www.ftc.gov/legal-library/browse/cases-proceedings/112-3041-frostwire-llc-angel-leon,2011-10-12T12:00:00Z,Federal,112 3041,,,Consumer Protection; Advertising and Marketing; Online Advertising and Marketing; Privacy and Security; Consumer Privacy,"Federal Trade Commission, Plaintiff v. Frostwire LLC and Angel Leon, individually and as managing member of Frostwire LLC, Defendants."
"W3 Innovations, LLC d/b/a Broken Thumb Apps and Justin Maples, U.S.",https://www.ftc.gov/legal-library/browse/cases-proceedings/102-3251-w3-innovations-llc-dba-broken-thumb-apps-justin-maples-us,2011-09-08T12:00:00Z,Federal,102 3251,,,Consumer Protection; Bureau of Consumer Protection; Children's Online Privacy Protection Act (COPPA); Technology; Mobile; Advertising and Marketing; Online Advertising and Marketing; Privacy and Security; Children's Privacy; Tech,"United States of America, Plaintiff v. W3 Innovations, LLC, also d/b/a Broken Thumbs Apps, and Justin Maples, individually and as an officer of W3 Innovations, LLC, Defendants."
"ACRAnet, Inc., In the Matter of",https://www.ftc.gov/legal-library/browse/cases-proceedings/092-3088-acranet-inc-matter,2011-08-19T12:00:00Z,Administrative,092 3088,,,Consumer Protection; Privacy and Security; Credit Reporting; Data Security; Gramm-Leach-Bliley Act,"In the Matter of ACRAnet, Inc., a corporation"
"Fajilan and Associates, Inc., also d/b/a Statewide Credit Services, In the Matter of",https://www.ftc.gov/legal-library/browse/cases-proceedings/092-3089-fajilan-associates-inc-also-dba-statewide-credit-services-matter,2011-08-19T12:00:00Z,Administrative,092 3089,,,Consumer Protection; Privacy and Security; Credit Reporting; Data Security; Gramm-Leach-Bliley Act,"In the Matter of Fajilan and Associates, Inc., also doing business as Statewide Credit Services, a corporation, and Robert Fajilan, individually and as an officer of the corporation"
SettlementOne Credit Corporation,https://www.ftc.gov/legal-library/browse/cases-proceedings/082-3208-settlementone-credit-corporation,2011-08-19T12:00:00Z,Administrative,082 3208,,,Consumer Protection; Privacy and Security; Credit Reporting; Data Security; Gramm-Leach-Bliley Act,"In the Matter of SettlementOne Credit Corporation, a corporation, and Sackett National Holdings, Inc., a corporation"
"Teletrack, Inc.",https://www.ftc.gov/legal-library/browse/cases-proceedings/102-3075-teletrack-inc,2011-06-27T12:00:00Z,Federal,102 3075,,,Consumer Protection; Privacy and Security; Credit Reporting,"United States of America, Plaintiff v. Teletrack, Inc., Defendant"
"Chitika, Inc., In the Matter of",https://www.ftc.gov/legal-library/browse/cases-proceedings/1023087-chitika-inc-matter,2011-06-17T12:00:00Z,Administrative,1023087,,,Consumer Protection; Privacy and Security; Consumer Privacy,"In the Matter of Chitika, Inc., a corporation"
"Lookout Services, Inc., In the Matter of",https://www.ftc.gov/legal-library/browse/cases-proceedings/102-3076-lookout-services-inc-matter,2011-06-15T12:00:00Z,Administrative,102 3076,,,Consumer Protection; Human Resources; Privacy and Security; Data Security; Small Business,"In the Matter of Lookout Services, Inc., a corporation"
"Ceridian Corporation, In the Matter of",https://www.ftc.gov/legal-library/browse/cases-proceedings/102-3160-ceridian-corporation-matter,2011-06-15T12:00:00Z,Administrative,102 3160,,,Consumer Protection; Human Resources; Privacy and Security; Data Security; Small Business,"In the Matter of Ceridian Corporation, a corporation"
"Best Priced Brands, LLC, et al.",https://www.ftc.gov/legal-library/browse/cases-proceedings/092-3081-best-priced-brands-llc-et-al,2011-06-09T12:00:00Z,Federal,092 3081,,,Consumer Protection; Advertising and Marketing; Online Advertising and Marketing; Privacy and Security; U.S.-EU Safe Harbor Framework; Privacy Shield; Data Privacy Framework,"FTC v. Javian Karnani, and Balls of Kryptonite, LLC, a California Limited Liability Company, all doing business as Bite Size Deals, LLC and Best Priced Brands, LLC."
"Playdom, Inc.",https://www.ftc.gov/legal-library/browse/cases-proceedings/1023036-playdom-inc,2011-05-12T12:00:00Z,Federal,1023036,,,Consumer Protection; Bureau of Consumer Protection; Children's Online Privacy Protection Act (COPPA); Technology; Privacy and Security; Children's Privacy,"United States of America, Plaintiff v. Playdom, Inc., a subsidiary of Disney Enterprises, Inc., and, Howard Marks, individually, Defendants"
"US Search, Inc.",https://www.ftc.gov/legal-library/browse/cases-proceedings/us-search-inc,2011-03-25T12:00:00Z,Administrative,,,,Consumer Protection; Privacy and Security; Consumer Privacy,"In the Matter of US Search, Inc., a corporation, and US Search, LLC, a limited liability company."
"EchoMetrix, Inc.",https://www.ftc.gov/legal-library/browse/cases-proceedings/102-3006-echometrix-inc,2010-11-30T12:00:00Z,Federal,102 3006,,,Consumer Protection; Advertising and Marketing; Children; Online Advertising and Marketing; Privacy and Security; Consumer Privacy,"Federal Trade Commission, Plaintiff, v. EchoMetrix, Inc., a corporation, Defendant"
"Rite Aid Corporation, In the Matter of",https://www.ftc.gov/legal-library/browse/cases-proceedings/072-3121-c-4308-rite-aid-corporation-matter,2010-11-22T12:00:00Z,Administrative,072 3121,,"Rite Aid is prohibited from using facial recognition technology for security or surveillance purposes for five years to settle Federal Trade Commission charges that the retailer failed to implement reasonable procedures and prevent harm to consumers in its use of facial recognition technology in hundreds of stores. The order requires Rite Aid to implement comprehensive safeguards to prevent these types of harm to consumers when deploying automated systems that use biometric information to track them or flag them as security risks. It also requires Rite Aid to discontinue using any such technology if it cannot control potential risks to consumers. To settle charges it violated a 2010 Commission data security order by failing to adequately oversee its service providers, Rite Aid is also required to implement a robust information security program, which must be overseen by the company’s top executives.",Consumer Protection; Bureau of Consumer Protection; Over-the-Counter Drugs and Devices; Privacy and Security; Consumer Privacy; Data Security; Health Privacy,"In the Matter of Rite Aid Corporation, a corporation."
"Response Makers, LLC",https://www.ftc.gov/legal-library/browse/cases-proceedings/1023000-response-makers-llc,2010-11-19T12:00:00Z,Process Enforcement,1023000,Closed,,Consumer Protection; Office of the General Counsel; Bureau of Consumer Protection; Credit and Loans; Credit Reporting,"Federal Trade Commission v. Response Makers, LLC"
ChoicePoint Inc.,https://www.ftc.gov/legal-library/browse/cases-proceedings/052-3069-choicepoint-inc,2010-09-22T12:00:00Z,Federal,052-3069,,,Consumer Protection; Privacy and Security; Credit Reporting; Data Security,United States of America v. ChoicePoint Inc.
"Dave & Buster's, Inc.,In the Matter of",https://www.ftc.gov/legal-library/browse/cases-proceedings/082-3153-dave-busters-incin-matter,2010-06-08T12:00:00Z,Administrative,082 3153,,,Consumer Protection; Privacy and Security; Data Security,"In the Matter of Dave & Buster's, Inc."
"United States of America v. Central Credit, LLC",https://www.ftc.gov/legal-library/browse/cases-proceedings/082-3106-united-states-america-v-central-credit-llc,2010-04-22T12:00:00Z,,082 3106,,,Consumer Protection; Privacy and Security; Credit Reporting,
"Direct Marketing Associates, Corp., et al., USA",https://www.ftc.gov/legal-library/browse/cases-proceedings/072-3002-direct-marketing-associates-corp-et-al-usa,2010-03-30T12:00:00Z,Federal,072 3002,,,Consumer Protection; Credit and Finance; Credit and Loans; Privacy and Security; Credit Reporting,"United States of America v. Direct Marketing Associates, Corp, and John M. Rainey, Jr.."
Credit Bureau Collection Services,https://www.ftc.gov/legal-library/browse/cases-proceedings/062-3226-credit-bureau-collection-services,2010-03-03T12:00:00Z,Federal,062 3226,,,Consumer Protection; Credit and Finance; Debt Collection; Privacy and Security; Credit Reporting,"United States of America v. Credit Bureau Collection Services, an Ohio corporation, also d/b/a CBCS and CBCS National, Larry Ebert, individually and as an officer of the corporation, and Brian Striker, individually and as an officer of the corporation."
"ControlScan, Inc.",https://www.ftc.gov/legal-library/browse/cases-proceedings/072-3165-controlscan-inc,2010-02-25T12:00:00Z,Federal,072 3165,,,Consumer Protection; Privacy and Security; Consumer Privacy; Data Security,"Federal Trade Commission, Plaintiff, v. ControlScan, Inc., a corporation, Defendant"
"First Advantage SafeRent, Inc., et al., USA (for the FTC)",https://www.ftc.gov/legal-library/browse/cases-proceedings/082-3016-first-advantage-saferent-inc-et-al-usa-ftc,2010-02-02T12:00:00Z,Federal,082 3016,,,Consumer Protection; Privacy and Security; Credit Reporting,"United State of America v. First Advantage SafeRent, Inc."
"Navone, Gregory",https://www.ftc.gov/legal-library/browse/cases-proceedings/072-3067-navone-gregory,2010-01-20T12:00:00Z,Federal,072 3067,,,Consumer Protection; Real Estate and Mortgages; Privacy and Security; Credit Reporting; Data Security,Federal Trade Commission v. Gregory Navone
Progressive Gaitways LL,https://www.ftc.gov/legal-library/browse/cases-proceedings/0923141-progressive-gaitways-ll,2010-01-19T12:00:00Z,Administrative,0923141,,,Consumer Protection; Privacy and Security; Consumer Privacy; U.S.-EU Safe Harbor Framework; Privacy Shield; Data Privacy Framework,"In the Matter of Progressive Gaitways LLC, a limited liability company."
Collectify LL,https://www.ftc.gov/legal-library/browse/cases-proceedings/092-3142-collectify-ll,2010-01-19T12:00:00Z,Administrative,092 3142,,,Consumer Protection; Privacy and Security; Consumer Privacy; U.S.-EU Safe Harbor Framework; Privacy Shield; Data Privacy Framework,"In the Matter of Collectify LLC, a limited liability company."
"ExpatEdge Partners, LL",https://www.ftc.gov/legal-library/browse/cases-proceedings/0923138-expatedge-partners-ll,2010-01-19T12:00:00Z,Administrative,0923138,,,Consumer Protection; Privacy and Security; Consumer Privacy; U.S.-EU Safe Harbor Framework; Privacy Shield; Data Privacy Framework,"In the Matter of ExpatEdge Partners, LLC, a limited liability corporation."
"Onyx Graphics, Inc.",https://www.ftc.gov/legal-library/browse/cases-proceedings/0923139-onyx-graphics-inc,2010-01-19T12:00:00Z,Administrative,0923139,,,Consumer Protection; Privacy and Security; Consumer Privacy; U.S.-EU Safe Harbor Framework; Privacy Shield; Data Privacy Framework,"In the Matter of Onyx Graphics, Inc., a corporation."
"World Innovators, Inc., In the Matter of",https://www.ftc.gov/legal-library/browse/cases-proceedings/0923137-world-innovators-inc-matter,2010-01-19T12:00:00Z,Administrative,0923137,,,Consumer Protection; Privacy and Security; Consumer Privacy; U.S.-EU Safe Harbor Framework; Privacy Shield; Data Privacy Framework,"In the Matter of World Innovators, Inc., a corporation."
Directors Desk LL,https://www.ftc.gov/legal-library/browse/cases-proceedings/0923140-directors-desk-ll,2010-01-19T12:00:00Z,Administrative,0923140,,,Consumer Protection; Privacy and Security; Consumer Privacy; U.S.-EU Safe Harbor Framework; Privacy Shield; Data Privacy Framework,"In the Matter of Directors Desk LLC, a limited liability company."
"Iconix Brand Group, Inc.",https://www.ftc.gov/legal-library/browse/cases-proceedings/iconix-brand-group-inc,2009-10-20T12:00:00Z,Federal,,,,Consumer Protection; Bureau of Consumer Protection; Children's Online Privacy Protection Act (COPPA); Technology; Privacy and Security; Children's Privacy,"United States (For the Federal Trade Commission), Plaintiff, v. Iconix Brand Group, Inc., Defendant"
"Cash Today, Ltd.",https://www.ftc.gov/legal-library/browse/cases-proceedings/072-3093-cash-today-ltd,2009-09-21T12:00:00Z,Federal,072 3093,,,Consumer Protection; Credit and Finance; Credit and Loans; Debt Collection; Privacy and Security,"Federal Trade Commission and the State of Nevada v. Cash Today, Ltd., a United Kingdom corporation, The Heathmill Village, Ltd., a United Kingdom corporation, Leads Global, a Nevada corporation, Waterfront Investments, Inc., a Nevada corporation, ACH Cash, Inc., a Nevada corporation, HBS Services, Inc., a Nevada corporation, Rovinge International, Inc., a Nevada corporation, Lotus Leads, Inc., a Delaware corporation, First4Leads, Inc. A Delaware corporation, The Harris Holdings, Ltd., a Guernsey corporation, each doing business as Cash Today, Route 66 Funding, Global Financial Services International, Ltd., Interim Cash, Ltd. And BIF-INT, Ltd., Aaron Gershfield, individually and as director and officers of Cash Today, Ltd., The Heathmill Village, Ltd., and The Harris Holdings, Ltd., Ivor Gershfield, individually and as an officer and/or director of Cash Today, Ltd. And The Harris Holding, Ltd., and Jim Harris, individually and as an officer and director of Leads Global, Inc., Waterfront Investments, Inc., ACH Cash, Inc., HBS Services, Inc., and Rovinge International, Inc.."
"Metropolitan Home Mortgage, Inc., also d/b/a Wholesale Home Lenders",https://www.ftc.gov/legal-library/browse/cases-proceedings/metropolitan-home-mortgage-inc-also-dba-wholesale-home-lenders,2009-08-18T12:00:00Z,Federal,,,,Consumer Protection; Real Estate and Mortgages; Credit and Finance; Credit and Loans; Privacy and Security; Credit Reporting,"United States, Plaintiff, v. Metropolitan Home Mortgage, Inc., a corporation, also doing business as Wholesale Home Lenders, Defendant"
"United States of America (for the Federal Trade Commission,) Plaintiff, v. Quality Terminal Services, LLC, a limited liability company, Defendants",https://www.ftc.gov/legal-library/browse/cases-proceedings/082-3022-united-states-america-federal-trade-commission-plaintiff-v-quality-terminal-services-llc-limited,2009-08-11T12:00:00Z,,082 3022,,,Consumer Protection; Privacy and Security; Credit Reporting,
"United States of America (for the Federal Trade Commission,) Plaintiff, v. Rail Terminal Services, LLC, a limited liability company, Defendants",https://www.ftc.gov/legal-library/browse/cases-proceedings/082-3023-united-states-america-federal-trade-commission-plaintiff-v-rail-terminal-services-llc-limited,2009-08-11T12:00:00Z,,082 3023,,,Consumer Protection; Privacy and Security; Credit Reporting,
"United States of America (for the Federal Trade Commission), Plaintiff, v. TALX Corporation, Defendant",https://www.ftc.gov/legal-library/browse/cases-proceedings/072-3173-united-states-america-federal-trade-commission-plaintiff-v-talx-corporation-defendant,2009-07-09T12:00:00Z,,072 3173,,,Consumer Protection; Finance; Credit and Finance; Credit and Loans; Privacy and Security; Credit Reporting,
"Accusearch, Inc. d/b/a Abika.com, and Jay Patel",https://www.ftc.gov/legal-library/browse/cases-proceedings/052-3126-accusearch-inc-dba-abikacom-jay-patel,2009-06-29T12:00:00Z,Federal,052 3126,,,Consumer Protection; Privacy and Security; Consumer Privacy,"Federal Trade Commissionv. Accusearch, Inc. d/b/a Abika.com, and Jay Patel, Defendants (United States District Court for the District of Wyoming)"
"CVS Caremark Corporation, In the Matter of",https://www.ftc.gov/legal-library/browse/cases-proceedings/072-3119-cvs-caremark-corporation-matter,2009-06-23T12:00:00Z,Administrative,072 3119,,,Consumer Protection; Privacy and Security; Consumer Privacy; Data Security; Health Privacy,"In the Matter of CVS Caremark Corporation, a corporation."
"James B. Nutter & Company, a corporation, in the Matter of",https://www.ftc.gov/legal-library/browse/cases-proceedings/072-3108-james-b-nutter-company-corporation-matter,2009-06-16T12:00:00Z,Administrative,072 3108,,,Consumer Protection; Privacy and Security; Data Security; Gramm-Leach-Bliley Act,"In the Matter of James B. Nutter & Company, a corporation."
"Gencia Corporation and Compgeeks.com, also d/b/a Computer Geeks Discount Outlet and Geeks.com",https://www.ftc.gov/legal-library/browse/cases-proceedings/082-3113-gencia-corporation-compgeekscom-also-dba-computer-geeks-discount-outlet-geekscom,2009-03-20T12:00:00Z,Administrative,082 3113,,,Consumer Protection; Privacy and Security; Data Security,"In the Matter of Genica Corporation, a corporation, and Compgeeks.com, also doing business as Computer Geeks Discount Outlet and Geeks.com, a corporation."
"Rental Research Services, Inc., a corporation, et al., United States of America (for the Federal Trade Commission)",https://www.ftc.gov/legal-library/browse/cases-proceedings/072-3228-rental-research-services-inc-corporation-et-al-united-states-america-federal-trade-commission,2009-03-05T12:00:00Z,Federal,072 3228,,,Consumer Protection; Finance; Real Estate and Mortgages; Credit and Finance; Privacy and Security; Credit Reporting; Data Security,"United States of America v. Rental Research Services, Inc., a corporation, and Lee Mikkelson, individually and as an officer of the corporation."
"Premier Capital Lending, Inc., et al., In the Matter of",https://www.ftc.gov/legal-library/browse/cases-proceedings/0723004-premier-capital-lending-inc-et-al-matter,2008-12-16T12:00:00Z,Administrative,0723004,,,Consumer Protection; Privacy and Security; Data Security; Gramm-Leach-Bliley Act,"In the Matter of Premier Capital Lending, Inc., a corporation, and Debra Stiles, individually and as an officer of the corporation."
"Sony BMG Music Entertainment, a general partnership subsidiary of Sony Corporation of America, United States of America (For the Federal Trade Commission)",https://www.ftc.gov/legal-library/browse/cases-proceedings/082-3071-sony-bmg-music-entertainment-general-partnership-subsidiary-sony-corporation-america-united-states,2008-12-11T12:00:00Z,Federal,082 3071,,,Consumer Protection; Bureau of Consumer Protection; Children's Online Privacy Protection Act (COPPA); Technology; Privacy and Security; Children's Privacy,"United States of America, Plaintiff, v.Sony BMG Music Entertainment, a general partnership subsidiary of Sony Corporation of America, Defendant, Case No. 08 CV 10730"
EMC Mortgage Co.,https://www.ftc.gov/legal-library/browse/cases-proceedings/062-3031-emc-mortgage-co,2008-09-09T12:00:00Z,Federal,062 3031,,,Consumer Protection; Finance; Credit and Finance; Debt Collection; Mortgages; Privacy and Security; Credit Reporting,
"Reed Elsevier Inc. and Seisint, Inc., In the Matter of",https://www.ftc.gov/legal-library/browse/cases-proceedings/052-3094-reed-elsevier-inc-seisint-inc-matter,2008-08-01T12:00:00Z,Administrative,052-3094,,,Consumer Protection; Privacy and Security; Data Security,"In the Matter of Reed Elsevier Inc. and Seisint, Inc."
"TJX Companies, The, Inc., In the Matter of",https://www.ftc.gov/legal-library/browse/cases-proceedings/072-3055-tjx-companies-inc-matter,2008-08-01T12:00:00Z,Administrative,072-3055,,,Consumer Protection; Privacy and Security; Data Security,"In The Matter of The TJX Companies, Inc."
"Action Research Group, Inc., et al.",https://www.ftc.gov/legal-library/browse/cases-proceedings/072-3021-action-research-group-inc-et-al,2008-05-28T12:00:00Z,Federal,072 3021,,,Consumer Protection; Privacy and Security; Consumer Privacy; Gramm-Leach-Bliley Act,"Federal Trade Commission, Plaintiff, v. Action Research Group, Inc., Joseph Depante, Matthew Depante, Bryan Wagner, Cassandra Selvage, and Eye in the Sky Investigations, Inc., Defendants. (United States District Court for the Middle District of Florida Orlando Division)"
"Life is good, Inc. and Life is good Retail, Inc., In the Matter of",https://www.ftc.gov/legal-library/browse/cases-proceedings/072-3046-life-good-inc-life-good-retail-inc-matter,2008-04-18T12:00:00Z,Administrative,072-3046,,,Consumer Protection; Clothing and Textiles; Privacy and Security; Data Security,"In the Matter of Life is good, Inc., a corporation, and Life is good Retail, Inc., a corporation."
"Goal Financial, LLC, In the Matter of",https://www.ftc.gov/legal-library/browse/cases-proceedings/072-3013-goal-financial-llc-matter,2008-04-15T12:00:00Z,Administrative,072-3013,,,Consumer Protection; Privacy and Security; Data Security,"In the Matter of Goal Financial, LLC, a limited liability company."
"ValueClick, Inc., Hi-Speed Media, Inc., and E-Babylon, Inc., U.S. (for the FTC)",https://www.ftc.gov/legal-library/browse/cases-proceedings/072-3111-072-3158-valueclick-inc-hi-speed-media-inc-e-babylon-inc-us-ftc,2008-03-17T12:00:00Z,Federal,072-3111,,,Consumer Protection; Advertising and Marketing; Online Advertising and Marketing; Privacy and Security; Data Security,"United States of America, Plaintiff, v. ValueClick, Inc., Hi-Speed Media, Inc., and E-Babylon, Inc., Defendants"
"Milliman, Inc., In the Matter of",https://www.ftc.gov/legal-library/browse/cases-proceedings/062-3189-milliman-inc-matter,2008-02-12T12:00:00Z,Administrative,062-3189,,,Consumer Protection; Privacy and Security; Credit Reporting,"In the Matter of Milliman, Inc., a corporation"
"Ingenix, Inc., In the Matter of",https://www.ftc.gov/legal-library/browse/cases-proceedings/062-3190-ingenix-inc-matter,2008-02-12T12:00:00Z,Administrative,062 3190,,,Consumer Protection; Privacy and Security; Credit Reporting,"In the Matter of Ingenix, Inc."
"Industrious Kid, Inc. and Jeanette Symons., U.S. (for the FTC)",https://www.ftc.gov/legal-library/browse/cases-proceedings/072-3082-industrious-kid-inc-jeanette-symons-us-ftc,2008-01-30T12:00:00Z,Federal,072-3082,,,Consumer Protection; Bureau of Consumer Protection; Children's Online Privacy Protection Act (COPPA); Technology; Privacy and Security; Children's Privacy,"United States of America, Plaintiff, v. Industrious Kid, Inc., a corporation and Jeanette Symons, individually and as an officer of the corporation, Defendants"
"American United Mortgage Company., United States of America (for the FTC)",https://www.ftc.gov/legal-library/browse/cases-proceedings/062-3103-american-united-mortgage-company-united-states-america-ftc,2007-12-18T12:00:00Z,Federal,062 3103,,,Consumer Protection; Privacy and Security; Credit Reporting; Data Security; Gramm-Leach-Bliley Act,"United States of America, Plaintiff, v. American United Mortgage Company, a corporation, Defendant"
"CEO Group, Inc. d/b/a Check Em Out, and Scott Joseph",https://www.ftc.gov/legal-library/browse/cases-proceedings/062-3100-ceo-group-inc-dba-check-em-out-scott-joseph,2007-12-17T12:00:00Z,Federal,062 3100,,,Consumer Protection; Privacy and Security; Gramm-Leach-Bliley Act,"Federal Trade Commissionv. CEO GROUP, INC. d/b/a Check Em Out, and Scott Joseph, Defendants."
"Guidance Software, Inc., In the Matter of",https://www.ftc.gov/legal-library/browse/cases-proceedings/062-3057-guidance-software-inc-matter,2007-04-03T12:00:00Z,Administrative,062 3057,,,Consumer Protection; Privacy and Security; Data Security,"In the Matter of Guidance Software, Inc., a corporation."
"Information Search, Inc., and David J. Kacala (District of Maryland, Northern Division)",https://www.ftc.gov/legal-library/browse/cases-proceedings/062-3102-information-search-inc-david-j-kacala-district-maryland-northern-division,2007-02-22T12:00:00Z,Federal,062 3102,,,Consumer Protection; Privacy and Security; Consumer Privacy; Gramm-Leach-Bliley Act,"FTC v. Information Search, Inc., and David J. Kacala"
"Consumerinfo.com., Inc., d/b/a Experian Consumer Direct, Qspace, Inc., and Iplace Inc.",https://www.ftc.gov/legal-library/browse/cases-proceedings/022-3263-consumerinfocom-inc-dba-experian-consumer-direct-qspace-inc-iplace-inc,2007-02-21T12:00:00Z,Federal,022 3263,,,Consumer Protection; Privacy and Security; Credit Reporting,"FTC v. Consumerinfo.com., Inc., a corporation, doing business asExperian Consumer Direct, Qspace, Inc., and Iplace Inc., Defendant., United States District Court for the Central District of California"
"Integrity Security & Investigation Services, Inc.",https://www.ftc.gov/legal-library/browse/cases-proceedings/062-3101-integrity-security-investigation-services-inc,2006-10-05T12:00:00Z,Federal,062 3101,,,Consumer Protection; Privacy and Security; Consumer Privacy; Gramm-Leach-Bliley Act,"Federal Trade Commission, Plaintiff, v. Integrity Security & Investigation Services, Inc., Edmund L. Edmister, Tracey Edmister, and F. Lynn Moseley, Defendants; United States District Court Eastern District of Virginia Newport News Division"
"CardSystems Solutions, Inc., and Solidus Networks, Inc., d/b/a Pay By Touch Solutions, In the Matter of",https://www.ftc.gov/legal-library/browse/cases-proceedings/052-3148-cardsystems-solutions-inc-solidus-networks-inc-dba-pay-touch-solutions-matter,2006-09-08T12:00:00Z,Administrative,052 3148,,,Consumer Protection; Finance; Credit and Finance; Credit and Loans; Privacy and Security; Data Security,"In the Matter of CardSystems Solutions, Inc., and Solidus Networks, Inc., Doing Business as Pay By Touch Solutions"
"Xanga.com, Inc., John Hiler, and Marc Ginsburg",https://www.ftc.gov/legal-library/browse/cases-proceedings/062-3073-xangacom-inc-john-hiler-marc-ginsburg,2006-09-07T12:00:00Z,Federal,062-3073,,,Consumer Protection; Bureau of Consumer Protection; Children's Online Privacy Protection Act (COPPA); Technology; Privacy and Security; Children's Privacy,"United States of America, Plaintiff, v. Xanga.com, Inc., a corporation, John Hiler, individually and as an officer of the corporation, and Marc Ginsburg, individually and as an officer of the corporation, Defendants"
"Nations Title Agency, Inc., Nations Holding Company, and Christopher M. Likens., In the Matter of",https://www.ftc.gov/legal-library/browse/cases-proceedings/052-3117-nations-title-agency-inc-nations-holding-company-christopher-m-likens-matter,2006-06-20T12:00:00Z,Administrative,052 3117,,,Consumer Protection; Privacy and Security; Data Security; Gramm-Leach-Bliley Act,"In the Matter of Nations Title Agency, Inc., Nations Holding Company, and Christopher M. Likens"
"77 Investigations, Inc. and Reginald Kimbro",https://www.ftc.gov/legal-library/browse/cases-proceedings/062-3099-77-investigations-inc-reginald-kimbro,2006-05-03T12:00:00Z,Federal,062 3099,,,Consumer Protection; Privacy and Security; Gramm-Leach-Bliley Act,"Federal Trade Commissionv. 77 Investigations, Inc., and Reginald Kimbro, Defendants.United States District Court Central District of California"
"DSW Inc.,In the Matter of",https://www.ftc.gov/legal-library/browse/cases-proceedings/052-3096-dsw-incin-matter,2006-03-14T12:00:00Z,Administrative,052 3096,,,Consumer Protection; Privacy and Security; Data Security,In the Matter of DSW Inc.
"Far West Credit, Inc., U.S.",https://www.ftc.gov/legal-library/browse/cases-proceedings/042-3185-far-west-credit-inc-us,2006-01-17T12:00:00Z,Federal,042-3185,,,Consumer Protection; Privacy and Security; Credit Reporting,"United States of America, Plaintiff, v. Far West Credit, Inc., Defendant"
"Superior Mortgage Corp., In the Matter of",https://www.ftc.gov/legal-library/browse/cases-proceedings/052-3136-superior-mortgage-corp-matter,2005-12-16T12:00:00Z,Administrative,052 3136,,,Consumer Protection; Privacy and Security; Data Security; Gramm-Leach-Bliley Act,In the Matter of Superior Mortgage Corp.
"Sun Spectrum Communications Organization, Inc., et al.",https://www.ftc.gov/legal-library/browse/cases-proceedings/032-3032-sun-spectrum-communications-organization-inc-et-al,2005-10-24T12:00:00Z,Federal,032 3032,,,Consumer Protection; Privacy and Security; Gramm-Leach-Bliley Act,"FTC v. Sun Spectrum Communications Organization, Inc., dba Royal Credit Solutions; North American Communications Organization, Inc., dba Imperial Consumer Services; WWCI2002, Inc., dba Beneficial Client Care, 9106-7843 Quebec, Inc., dba Intelagent Media; William H. Martell, Tracey A. Bascove, Mitchel Kastner, Ronald Corber, and Jason Kastner, defendants."
"BJ's Wholesale Club, Inc., In the Matter of",https://www.ftc.gov/legal-library/browse/cases-proceedings/042-3160-bjs-wholesale-club-inc-matter,2005-09-23T12:00:00Z,Administrative,042 3160,,,Consumer Protection; Privacy and Security; Data Security,"In the Matter of BJ's Wholesale Club, Inc."
"Vision I Properties, LLC, et al., In the Matter of",https://www.ftc.gov/legal-library/browse/cases-proceedings/042-3068-vision-i-properties-llc-et-al-matter,2005-04-26T12:00:00Z,Administrative,042 3068,,,Consumer Protection; Privacy and Security; Consumer Privacy; Data Security,"In the Matter of Vision I Properties, LLC, doing business as CartManager International"
"Nationwide Mortgage Group, Inc., and John D. Eubank, In the Matter of",https://www.ftc.gov/legal-library/browse/cases-proceedings/042-3104-nationwide-mortgage-group-inc-john-d-eubank-matter,2005-04-15T12:00:00Z,Administrative,042-3104,,,Consumer Protection; Finance; Real Estate and Mortgages; Credit and Finance; Mortgages; Privacy and Security; Data Security; Gramm-Leach-Bliley Act,"In the Matter of Nationwide Mortgage Group, Inc., and John D. Eubank"
"Petco Animal Supplies, Inc., In th Matter of",https://www.ftc.gov/legal-library/browse/cases-proceedings/032-3221-petco-animal-supplies-inc-th-matter,2005-03-08T12:00:00Z,Administrative,032 3221,,,Consumer Protection; Privacy and Security; Data Security,"In the Matter of Petco Animal Supplies, Inc."
"Assail, Inc., et al.",https://www.ftc.gov/legal-library/browse/cases-proceedings/022-3147-assail-inc-et-al,2005-01-24T12:00:00Z,Federal,022 3147,,,Consumer Protection; Privacy and Security; Gramm-Leach-Bliley Act,"Federal Trade Commission, Plaintiff, vs. Assail, Inc., et al., Defendants.,United States District Court, Western District of Texas, Waco Division"
"Sunbelt Lending Services, Inc., In the Matter of",https://www.ftc.gov/legal-library/browse/cases-proceedings/042-3153-sunbelt-lending-services-inc-matter,2005-01-07T12:00:00Z,Administrative,042 3153,,,Consumer Protection; Finance; Credit and Finance; Mortgages; Privacy and Security; Data Security; Gramm-Leach-Bliley Act,"In the Matter of Sunbelt Lending Services, Inc."
"Gateway Learning Corp., In the Matter of",https://www.ftc.gov/legal-library/browse/cases-proceedings/042-3047-gateway-learning-corp-matter,2004-12-28T12:00:00Z,Administrative,042 3047,,,Consumer Protection; Privacy and Security; Consumer Privacy,In the Matter of Gateway Learning Corp.
"Bonzi Software, Inc.",https://www.ftc.gov/legal-library/browse/cases-proceedings/042-3016-bonzi-software-inc,2004-10-13T12:00:00Z,Administrative,042 3016,,There is a related federal case .,Consumer Protection; Advertising and Marketing; Online Advertising and Marketing; Privacy and Security; Children's Privacy; Consumer Privacy,"In the Matter of Bonzi Software, Inc., a corporation, and Joe Bonzi and Jay Bonzi, individually and as officers of said corporation."
AT&T Corp,https://www.ftc.gov/legal-library/browse/cases-proceedings/022-3159-att-corp,2004-09-10T12:00:00Z,Federal,022-3159,,,Consumer Protection; Privacy and Security; Credit Reporting,United States of America v. AT&T Corp.
"Sprint Corporation, Sprint Communications Company L.P., et al.",https://www.ftc.gov/legal-library/browse/cases-proceedings/022-3160-sprint-corporation-sprint-communications-company-lp-et-al,2004-09-10T12:00:00Z,Federal,022-3160,,,Consumer Protection; Privacy and Security; Credit Reporting,"United States of America v. Sprint Corporation, Sprint Communications Company L.P., et al."
"Imperial Palace, Inc., et al., US",https://www.ftc.gov/legal-library/browse/cases-proceedings/0323050-imperial-palace-inc-et-al-us,2004-07-14T12:00:00Z,Federal,0323050,,,Consumer Protection; Human Resources; Privacy and Security; Credit Reporting,"United States of America, Plaintiff, v. Imperial Palace, Inc., d.b.a. Imperial Palace Casino, and Imperial Palace of Mississippi, Inc., Defendants., United States District Court for the District of Nevada"
"MTS, Inc., et al., In the Matter of",https://www.ftc.gov/legal-library/browse/cases-proceedings/032-3209-mts-inc-et-al-matter,2004-06-02T12:00:00Z,Administrative,032-3209,,,Consumer Protection; Privacy and Security; Data Security,"In the Matter of MTS, Inc., doing business as Tower Records/Books/Video, a corporation, and Tower Direct, LLC, doing business as TowerRecords.com, a corporation."
"NCO Group, Inc., et al.",https://www.ftc.gov/legal-library/browse/cases-proceedings/992-3012-nco-group-inc-et-al,2004-05-13T12:00:00Z,Federal,992-3012,,,Consumer Protection; Finance; Credit and Finance; Credit and Loans; Privacy and Security; Credit Reporting,"United States of America, v. NCO Group, Inc., a Pennsylvania Corporation, NCO Financial Systems, Inc., a Pennsylvania Corporation, and NCO Portfolio Management, Inc., a Delaware Corporation."
Hill Zachary Keith,https://www.ftc.gov/legal-library/browse/cases-proceedings/032-3102-hill-zachary-keith,2004-03-22T12:00:00Z,Federal,032-3102,,,Consumer Protection; Privacy and Security; Consumer Privacy; Gramm-Leach-Bliley Act,"FTC v. Zachary Keith Hill, defendant.,"
"Bonzi Software, Inc.",https://www.ftc.gov/legal-library/browse/cases-proceedings/bonzi-software-inc,2004-02-18T12:00:00Z,Federal,,,There is a related administrative case .,Consumer Protection; Bureau of Consumer Protection; Children's Online Privacy Protection Act (COPPA); Technology; Software and Databases; Advertising and Marketing; Online Advertising and Marketing; Privacy and Security; Children's Privacy,"United States of America v. Bonzi Software, Inc., a Delaware Corporation, defendant."
"UMG Recordings, Inc., a corporation, US",https://www.ftc.gov/legal-library/browse/cases-proceedings/umg-recordings-inc-corporation-us,2004-02-18T12:00:00Z,Federal,,,,Consumer Protection; Bureau of Consumer Protection; Children's Online Privacy Protection Act (COPPA); Technology; Software and Databases; Privacy and Security; Children's Privacy,"United States of America v. UMG Recordings, Inc., a corporation, defendant."
"30 Minute Mortgage, Inc., Gregory P. Roth, and Peter W. Stolz",https://www.ftc.gov/legal-library/browse/cases-proceedings/022-3224-30-minute-mortgage-inc-gregory-p-roth-peter-w-stolz,2003-12-09T12:00:00Z,Federal,022-3224,,,Consumer Protection; Privacy and Security; Gramm-Leach-Bliley Act,"Federal Trade Commission V. 30 Minute Mortgage, Inc., Gregory P. Roth, and Peter W. Stolz"
"Guess?, Inc., and Guess.com, Inc., In the Matter of",https://www.ftc.gov/legal-library/browse/cases-proceedings/022-3260-guess-inc-guesscom-inc-matter,2003-08-05T12:00:00Z,Administrative,022 3260,,,Consumer Protection; Privacy and Security; Data Security,"In the Matter of Guess?, Inc., and Guess.com, Inc."
"__________________, a minor, also known as _______________, by his parent ____________",https://www.ftc.gov/legal-library/browse/cases-proceedings/032-3101-022-3209-__________________-minor-also-known-_______________-his-parent-____________,2003-07-21T12:00:00Z,Federal,032-3101,,,Consumer Protection; Privacy and Security; Gramm-Leach-Bliley Act,"Federal Trade Commission, Plaintiff, V. __________________, a minor, also known as _______________, by his parent ____________, Defendant"
"Educational Research Center of America, Inc.; Student Marketing Group, Inc.; Marian Sanjana; and Jan Stumacher",https://www.ftc.gov/legal-library/browse/cases-proceedings/022-3249-educational-research-center-america-inc-student-marketing-group-inc-marian-sanjana-jan-stumacher,2003-05-09T12:00:00Z,Administrative,022 3249,,,Consumer Protection; Privacy and Security; Consumer Privacy,"In the Matter of Educational Research Center of America, Inc.; Student Marketing Group, Inc.; Marian Sanjana; and Jan Stumacher"
"Mrs. Fields Famous Brands, Inc., Mrs. Fields' Holding Company, Inc., and Mrs. Fields' Original Cookies, Inc., U.S. (for the FTC)",https://www.ftc.gov/legal-library/browse/cases-proceedings/mrs-fields-famous-brands-inc-mrs-fields-holding-company-inc-mrs-fields-original-cookies-inc-us-ftc,2003-02-27T12:00:00Z,Federal,,,,Consumer Protection; Western Region; Children's Online Privacy Protection Act (COPPA); Technology; Privacy and Security; Children's Privacy,"United States of America v. Mrs. Fields Famous Brands, Inc., Mrs. Fields' Holding Company, Inc., and Mrs. Fields' Original Cookies, Inc."
"Hershey Foods Corporation., U.S. (for the FTC)",https://www.ftc.gov/legal-library/browse/cases-proceedings/hershey-foods-corporation-us-ftc,2003-02-27T12:00:00Z,Federal,,,,Consumer Protection; Western Region; Children's Online Privacy Protection Act (COPPA); Technology; Privacy and Security; Children's Privacy,United States of America v. Hershey Foods Corporation
"National Research Center for College and University Admissions, The, Inc.; American Student List, LLC; and Don M. Munce",https://www.ftc.gov/legal-library/browse/cases-proceedings/022-3005-national-research-center-college-university-admissions-inc-american-student-list-llc-don-m-munce,2003-01-29T12:00:00Z,Administrative,022 3005,,,Consumer Protection; Privacy and Security; Consumer Privacy,"In the Matter of The National Research Center For College and University Admissions, Inc., and Don M. Munce"
"Microsoft Corporation, In the Matter of",https://www.ftc.gov/legal-library/browse/cases-proceedings/012-3240-microsoft-corporation-matter,2002-12-24T12:00:00Z,Administrative,012 3240,,,Consumer Protection; Privacy and Security; Data Security,In the Matter of Microsoft Corporation
"FTC v. Global Mortgage Funding, Inc., et al., SACV 02-1026 DOC",https://www.ftc.gov/legal-library/browse/cases-proceedings/022-3234-022-3234-022-3235-022-3236-022-3237-022-3077-022-3302-ftc-v-global-mortgage-funding-inc-et-al-sacv-02-1026-doc,2002-11-13T12:00:00Z,,022-3234,,,Consumer Protection; Privacy and Security; Gramm-Leach-Bliley Act,
"Corporate Marketing Solutions, Inc.",https://www.ftc.gov/legal-library/browse/cases-proceedings/022-3001-corporate-marketing-solutions-inc,2002-07-18T12:00:00Z,Federal,022-3001,,,Consumer Protection; Privacy and Security; Gramm-Leach-Bliley Act,"FTC v. Corporate Marketing Solutions, Inc., et al."
"Eli Lilly And Company, In the Matter of",https://www.ftc.gov/legal-library/browse/cases-proceedings/012-3214-eli-lilly-company-matter,2002-05-10T12:00:00Z,Administrative,012 3214,,,Consumer Protection; Privacy and Security; Data Security; Health Privacy,In the Matter of Eli Lilly and Company
"Ohio Art Company, The",https://www.ftc.gov/legal-library/browse/cases-proceedings/022-3028-ohio-art-company,2002-04-22T12:00:00Z,Federal,022-3028,,,Consumer Protection; Bureau of Consumer Protection; Children's Online Privacy Protection Act (COPPA); Technology; Privacy and Security; Children's Privacy,United States v. The Ohio Art Company
"Garrett, Paula L. d/b/a Discreet Data Systems",https://www.ftc.gov/legal-library/browse/cases-proceedings/012-3067-garrett-paula-l-dba-discreet-data-systems,2002-03-08T12:00:00Z,Federal,012 3067,,,Consumer Protection; Privacy and Security; Gramm-Leach-Bliley Act,"FTC v. Paula L. Garrett, d/b/a Discreet Data Systems"
"Guzzetta, Victor L., d/b/a Smart Data Systems",https://www.ftc.gov/legal-library/browse/cases-proceedings/012-3066-guzzetta-victor-l-dba-smart-data-systems,2002-03-08T12:00:00Z,Federal,012 3066,,,Consumer Protection; Privacy and Security; Gramm-Leach-Bliley Act,"FTC v. Victor L. Guzzetta, d/b/a Smart Data Systems"
American Pop Corn Company,https://www.ftc.gov/legal-library/browse/cases-proceedings/012-3026-american-pop-corn-company,2002-02-14T12:00:00Z,Federal,012 3026,,,Consumer Protection; Western Region; Children's Online Privacy Protection Act (COPPA); Technology; Privacy and Security; Children's Privacy,United States v. American Pop Corn Company
"Frank, Lisa, Inc.",https://www.ftc.gov/legal-library/browse/cases-proceedings/012-3050-frank-lisa-inc,2001-10-02T12:00:00Z,Federal,012-3050,,,Consumer Protection; Bureau of Consumer Protection; Children's Online Privacy Protection Act (COPPA); Technology; Privacy and Security; Children's Privacy,"United States of America v. Lisa Frank, Inc."
"Bigmailbox.Com, Inc., et al.",https://www.ftc.gov/legal-library/browse/cases-proceedings/002-3378-bigmailboxcom-inc-et-al,2001-04-19T12:00:00Z,Federal,002 3378,,,Consumer Protection; Bureau of Consumer Protection; Children's Online Privacy Protection Act (COPPA); Technology; Privacy and Security; Children's Privacy,"Bigmailbox.Com, Inc., et al., U.S. v."
"Looksmart, Ltd.",https://www.ftc.gov/legal-library/browse/cases-proceedings/002-3379-looksmart-ltd,2001-04-19T12:00:00Z,Federal,002 3379,,,Consumer Protection; Bureau of Consumer Protection; Children's Online Privacy Protection Act (COPPA); Technology; Privacy and Security; Children's Privacy,"Looksmart, Ltd., U.S. v."
"Monarch Services, Inc., et al.",https://www.ftc.gov/legal-library/browse/cases-proceedings/002-3375-monarch-services-inc-et-al,2001-04-19T12:00:00Z,Federal,002 3375,,,Consumer Protection; Bureau of Consumer Protection; Children's Online Privacy Protection Act (COPPA); Technology; Privacy and Security; Children's Privacy,"Monarch Services, Inc., et al., U.S. v."
"Toysmart.com, LLC, and Toysmart.com, Inc.",https://www.ftc.gov/legal-library/browse/cases-proceedings/x000075-toysmartcom-llc-toysmartcom-inc,2000-07-21T12:00:00Z,Federal,X000075,,,Consumer Protection; Bureau of Consumer Protection; Children's Online Privacy Protection Act (COPPA); Retail; Technology; Privacy and Security; Children's Privacy,"FTC v. Toysmart.com, LLC, and Toysmart.com, Inc."
"Rennert, Sandra L., et al.",https://www.ftc.gov/legal-library/browse/cases-proceedings/992-3245-rennert-sandra-l-et-al,2000-07-12T12:00:00Z,Federal,992 3245,,,Consumer Protection; Advertising and Marketing; Health Claims; Online Advertising and Marketing; Privacy and Security; Consumer Privacy; Data Security,"FTC v. Sandra L. Rennert, Philip Rennert, Lyle Mortensen, International Outsourcing Group, Inc., Focus Medical Group, Inc., Trimline, Inc., Affordable Accents, Inc., World Wide RX, Inc., World Wide Medicine, Inc., PSRenn, Inc., and Doctors A.S.A.P., Inc."
"Rapp, James J., and Regana L. Rapp d/b/a Touch Tone Information, Inc.",https://www.ftc.gov/legal-library/browse/cases-proceedings/rapp-james-j-regana-l-rapp-dba-touch-tone-information-inc,2000-06-27T12:00:00Z,Federal,,,,Consumer Protection; Privacy and Security; Gramm-Leach-Bliley Act,"FTC v. James J. Rapp and Regana L. Rapp, individually and doing business as Touch Tone Information, Inc."
"Trans Union Corporation, In the Matter of",https://www.ftc.gov/legal-library/browse/cases-proceedings/trans-union-corporation-matter,2000-03-30T12:00:00Z,Administrative,,,,Consumer Protection; Privacy and Security; Credit Reporting,In the Matter of Trans Union Corporation
"Equifax Credit Information Services, Inc.",https://www.ftc.gov/legal-library/browse/cases-proceedings/9923016-equifax-credit-information-services-inc,2000-01-13T12:00:00Z,Federal,9923016,,,Consumer Protection; Privacy and Security; Credit Reporting,"Equifax Credit Information Services, Inc., U.S. v."
"Experian Information Solutions, Inc.",https://www.ftc.gov/legal-library/browse/cases-proceedings/experian-information-solutions-inc,2000-01-13T12:00:00Z,Federal,,,,Consumer Protection; Privacy and Security; Credit Reporting,"Experian Information Solutions, Inc., U.S. v. ,"
"Liberty Financial Companies, Inc.",https://www.ftc.gov/legal-library/browse/cases-proceedings/982-3522-liberty-financial-companies-inc,1999-08-12T12:00:00Z,Federal,982 3522,,,Consumer Protection; Privacy and Security; Consumer Privacy,"Liberty Financial Companies, Inc."
"First American Real Estate Solutions, LL",https://www.ftc.gov/legal-library/browse/cases-proceedings/952-3267-first-american-real-estate-solutions-ll,1999-08-02T12:00:00Z,Federal,952 3267,,,Consumer Protection; Privacy and Security; Credit Reporting,"First American Real Estate Solutions, LLC"
GeoCities,https://www.ftc.gov/legal-library/browse/cases-proceedings/982-3015-geocities,1999-02-12T12:00:00Z,Federal,982 3015,,,Consumer Protection; Privacy and Security; Children's Privacy; Consumer Privacy,GeoCities
"Altmeyer Home Stores, Inc., In the Matter of",https://www.ftc.gov/legal-library/browse/cases-proceedings/962-3063-altmeyer-home-stores-inc-matter,1998-06-24T12:00:00Z,Administrative,962 3063,,,Consumer Protection; Human Resources; Privacy and Security; Credit Reporting,"In the Matter of Altmeyer Home Stores, Inc."
"Aldi Inc., In the Matter of",https://www.ftc.gov/legal-library/browse/cases-proceedings/962-3064-aldi-inc-matter,1997-09-12T12:00:00Z,Administrative,962 3064,,,Consumer Protection; Human Resources; Privacy and Security; Credit Reporting,In the Matter of Aldi Inc.
"Bruno's, Inc., In the Matter of",https://www.ftc.gov/legal-library/browse/cases-proceedings/962-3086-brunos-inc-matter,1997-08-05T12:00:00Z,Administrative,962 3086,,,Consumer Protection; Human Resources; Privacy and Security; Credit Reporting,"In the Matter of Bruno's, Inc"
